PROJECT_NAME,PROJECT_TYPE,PRODUCT_NAME,ISSUE_SEVERITY,CVE,CWE,CVSS_SCORE,SEMVER_VULNERABLE_RANGE,FIXED_IN_VERSION,VULNERABILITY_PUBLICATION_DATE,FIRST_INTRODUCED,UPDATED_AT,DESCRIPTION
urllib3,pip,Combined OSV+NVD,low,CVE-2024-37891,CWE-669,3.1,>=0 >=2.0.0,1.26.19,2024-06-17T21:37:20Z,,2025-11-04T17:17:45.245584Z,
urllib3,pip,Combined OSV+NVD,low,CVE-2025-50182,CWE-601,3.1,>=2.2.0,2.5.0,2025-06-18T17:50:11Z,,2025-06-30T19:08:09.127199Z,
urllib3,pip,Combined OSV+NVD,low,CVE-2023-45803,CWE-200,3.1,>=2.0.0 >=0,2.0.7,2023-10-17T20:15:00Z,,2023-11-08T04:13:39.165450Z,
urllib3,pip,Combined OSV+NVD,low,CVE-2018-25091,CWE-601,3.1,>=0,1.24.2,2023-10-15T19:15:00Z,,2023-11-08T04:00:16.446075Z,
urllib3,pip,Combined OSV+NVD,low,CVE-2025-50181,CWE-601,3.1,>=0,2.5.0,2025-06-18T17:50:00Z,,2025-06-19T16:15:11.736637Z,
urllib3,pip,Combined OSV+NVD,low,CVE-2023-43804,CWE-200,3.1,>=2.0.0 >=0,2.0.6,2023-10-04T17:15:00Z,,2023-11-08T04:13:33.452167Z,
requests,pip,Combined OSV+NVD,low,CVE-2024-47081,CWE-522,3.1,>=0,2.32.4,2025-06-09T19:06:08Z,,2025-06-09T19:27:13.389930Z,
requests,pip,Combined OSV+NVD,low,CVE-2024-35195,CWE-670,3.1,>=0,2.32.0,2024-05-20T20:15:00Z,,2024-07-15T22:12:27.987373Z,
requests,pip,Combined OSV+NVD,medium,CVE-2023-32681,CWE-200,6.1,>=2.3.0,2.31.0,2023-05-26T18:15:00Z,,2023-11-08T04:12:35.436175Z,
certifi,pip,Combined OSV+NVD,low,CVE-2024-39689,CWE-345,3.1,>=2021.5.30,2024.7.4,2024-07-05T19:15:10Z,,2025-02-12T21:42:09.790076Z,
certifi,pip,Combined OSV+NVD,medium,CVE-2022-23491,CWE-345,6.8,>=2017.11.5,2022.12.7,2022-12-07T22:15:00Z,,2023-11-08T04:08:19.066843Z,
certifi,pip,Combined OSV+NVD,high,CVE-2023-37920,CWE-345,7.5,>=2015.4.28,2023.7.22,2023-08-03T19:36:12Z,,2023-11-08T04:13:04.801823Z,
idna,pip,Combined OSV+NVD,low,CVE-2024-3651,CWE-1333,3.1,>=0.1,3.7,2024-07-07T18:15:00Z,,2024-07-11T17:42:33.704488Z,
setuptools,pip,Combined OSV+NVD,low,CVE-2025-47273,CWE-22,3.1,>=0,78.1.1,2025-05-17T16:15:19Z,,2025-06-13T06:59:23.470501Z,
setuptools,pip,Combined OSV+NVD,low,CVE-2024-6345,CWE-94,3.1,>=0,70.0.0,2024-07-15T03:30:57Z,,2025-11-04T20:28:44.074515Z,
setuptools,pip,Combined OSV+NVD,medium,CVE-2022-40897,CWE-1333,5.9,>=0,65.5.1,2022-12-23T00:15:00Z,,2023-12-06T01:02:35.662444Z,
cryptography,pip,Combined OSV+NVD,low,CVE-2023-50782,CWE-208;CWE-203,3.1,>=0,42.0.0,2024-02-05T21:30:31Z,,2024-10-22T05:29:04.269269Z,
cryptography,pip,Combined OSV+NVD,low,CVE-2024-26130,CWE-476,3.1,>=38.0.0,42.0.4,2024-02-21T17:15:09Z,,2025-02-06T01:12:08.453349Z,
cryptography,pip,Combined OSV+NVD,medium,CVE-2024-12797,CWE-392,6.3,>=42.0.0,44.0.1,2025-02-11T18:06:42Z,,2025-02-12T18:32:16.345643Z,
cryptography,pip,Combined OSV+NVD,low,CVE-2024-0727,CWE-476,3.1,>=0,42.0.2,2024-01-26T09:30:23Z,,2025-11-04T00:59:48.027289Z,
cryptography,pip,Combined OSV+NVD,high,CVE-2023-38325,CWE-295,7.5,>=40.0.0,41.0.2,2023-07-14T20:15:00Z,,2023-11-08T04:13:07.382446Z,
cryptography,pip,Combined OSV+NVD,low,CVE-2023-49083,CWE-476,3.1,>=3.1,41.0.6,2023-11-29T19:15:00Z,,2024-02-17T07:41:40.326359Z,
cryptography,pip,Combined OSV+NVD,low,CVE-2023-23931,CWE-754,3.1,>=1.8,39.0.1,2023-02-07T20:54:10Z,,2025-11-04T17:24:34.140190Z,
cryptography,pip,Combined OSV+NVD,low,CVE-2023-0286,CWE-843,3.1,>=0.8.1,39.0.1,2023-02-08T22:17:06Z,,2025-11-04T22:28:41.131649Z,
pydantic,pip,Combined OSV+NVD,low,CVE-2024-3772,CWE-1333,3.1,>=2.0.0 >=0,2.4.0,2024-04-15T03:31:00Z,,2025-02-13T19:12:26.322034Z,
pip,pip,Combined OSV+NVD,unknown,CVE-2025-8869,,,>=0,25.3,2025-09-24T15:31:14Z,,2025-11-03T19:51:02.757999Z,
pip,pip,Combined OSV+NVD,low,CVE-2023-5752,CWE-77,3.1,>=0,23.3,2023-10-25T18:17:00Z,,2023-12-06T01:03:17.199012Z,
protobuf,pip,Combined OSV+NVD,medium,CVE-2025-4565,CWE-674,5.3,>=0 >=5.26.0rc1 >=6.30.0rc1,4.25.8,2025-06-16T16:02:58Z,,2025-06-16T16:27:17.848804Z,
h11,pip,Combined OSV+NVD,low,CVE-2025-43859,CWE-444,3.1,>=0,0.16.0,2025-04-24T16:07:56Z,,2025-04-24T22:22:25.803917Z,
pygments,pip,Combined OSV+NVD,medium,CVE-2022-40896,CWE-434,5.5,>=0,2.15.1,2023-07-19T15:15:00Z,,2023-11-08T04:10:25.980632Z,
jinja2,pip,Combined OSV+NVD,high,CVE-2025-27516,CWE-1336,8.8,>=0,3.1.6,2025-03-05T20:40:14Z,,2025-11-03T23:05:57.131629Z,
jinja2,pip,Combined OSV+NVD,low,CVE-2024-56201,CWE-150,3.1,>=3.0.0,3.1.5,2024-12-23T17:54:12Z,,2025-01-08T16:26:10.957556Z,
jinja2,pip,Combined OSV+NVD,low,CVE-2024-22195,CWE-79,3.1,>=0,3.1.3,2024-01-11T15:20:48Z,,2025-11-04T17:19:03.938300Z,
jinja2,pip,Combined OSV+NVD,low,CVE-2024-34064,CWE-79,3.1,>=0,3.1.4,2024-05-06T14:20:59Z,,2025-11-04T17:18:43.888611Z,
jinja2,pip,Combined OSV+NVD,low,CVE-2024-56326,CWE-693;CWE-1336,3.1,>=0,3.1.5,2024-12-23T17:56:08Z,,2025-11-03T23:19:00.140117Z,
zipp,pip,Combined OSV+NVD,low,CVE-2024-5569,CWE-835,3.0,>=0,3.19.1,2024-07-09T00:31:40Z,,2025-10-16T08:07:44.051924Z,
wheel,pip,Combined OSV+NVD,high,CVE-2022-40898,CWE-20,7.5,>=0,0.38.1,2022-12-23T00:15:00Z,,2023-11-08T04:10:26.104708Z,
aiohttp,pip,Combined OSV+NVD,low,CVE-2024-52303,CWE-772,3.1,>=3.10.6,3.10.11,2024-11-18T21:02:17Z,,2024-11-19T21:00:57.011864Z,
aiohttp,pip,Combined OSV+NVD,medium,CVE-2023-37276,CWE-444,5.3,>=0,3.8.5,2023-07-20T14:52:00Z,,2023-11-08T04:13:00.855432Z,
aiohttp,pip,Combined OSV+NVD,low,CVE-2024-23334,CWE-22,3.1,>=1.0.5,3.9.2,2024-01-29T23:15:00Z,,2024-02-05T20:43:19.143053Z,
aiohttp,pip,Combined OSV+NVD,low,CVE-2024-30251,CWE-835,3.1,>=0,3.9.4,2024-05-03T17:29:54Z,,2025-11-03T23:01:51.110822Z,
aiohttp,pip,Combined OSV+NVD,low,CVE-2024-27306,CWE-80;CWE-79,3.1,>=0,3.9.4,2024-04-18T13:45:21Z,,2025-11-03T22:59:52.694284Z,
aiohttp,pip,Combined OSV+NVD,high,CVE-2024-52304,CWE-444,7.5,>=0,3.10.11,2024-11-18T21:02:32Z,,2025-11-03T23:05:55.604388Z,
aiohttp,pip,Combined OSV+NVD,low,CVE-2024-23829,CWE-444,3.1,>=0,3.9.2,2024-01-29T23:15:00Z,,2024-02-06T20:41:46.176337Z,
aiohttp,pip,Combined OSV+NVD,high,CVE-2025-53643,CWE-444,7.5,>=0,3.12.14,2025-07-14T19:33:31Z,,2025-07-15T01:17:07.184086Z,
aiohttp,pip,Combined OSV+NVD,low,CVE-2023-47627,CWE-444,3.1,>=0,3.8.6,2023-11-14T21:15:00Z,,2023-11-22T23:41:28.136683Z,
aiohttp,pip,Combined OSV+NVD,low,CVE-2024-42367,CWE-61,3.1,>=3.10.0b1,3.10.2,2024-08-09T16:49:58Z,,2025-06-09T12:39:26.891051Z,
aiohttp,pip,Combined OSV+NVD,low,CVE-2023-49081,CWE-20,3.1,>=0,3.9.0,2023-11-30T07:15:00Z,,2024-01-29T16:41:42.718733Z,
aiohttp,pip,Combined OSV+NVD,low,CVE-2023-49082,CWE-93;CWE-20,3.1,>=0,3.9.0,2023-11-29T20:15:00Z,,2024-01-29T16:41:42.479153Z,
aiohttp,pip,Combined OSV+NVD,low,CVE-2023-47641,CWE-444,3.1,>=0,3.8.0,2023-11-14T21:15:00Z,,2023-11-22T23:41:23.846045Z,
pyjwt,pip,Combined OSV+NVD,low,CVE-2024-53861,CWE-697,3.1,>=2.10.0,2.10.1,2024-12-02T18:34:11Z,,2024-12-02T18:57:24.074296Z,
virtualenv,pip,Combined OSV+NVD,low,CVE-2024-53899,CWE-78;CWE-77,3.1,>=0,20.26.6,2024-11-24T16:15:06Z,,2025-01-19T04:56:52.913372Z,
tqdm,pip,Combined OSV+NVD,low,CVE-2024-34062,CWE-74,3.1,>=4.4.0,4.66.3,2024-05-03T19:33:28Z,,2024-06-10T19:03:48.004615Z,
pyarrow,pip,Combined OSV+NVD,critical,CVE-2023-47248,CWE-502,9.8,>=0.14.0,14.0.1,2023-11-20T09:10:54.169318Z,,2023-11-20T09:26:47.189113Z,
pyarrow,pip,Combined OSV+NVD,critical,CVE-2024-52338,CWE-502,9.8,>=4.0.0,17.0.0,2024-11-28T17:15:48Z,,2025-01-14T05:57:19.017909Z,
markdown-it-py,pip,Combined OSV+NVD,low,CVE-2023-26302,CWE-173,3.3,>=0,2.2.0,2023-02-22T23:15:00Z,,2023-11-08T04:12:00.855748Z,
markdown-it-py,pip,Combined OSV+NVD,low,CVE-2023-26303,CWE-173,3.3,>=0,2.2.0,2023-02-23T00:15:00Z,,2023-11-08T04:12:00.919778Z,
pillow,pip,Combined OSV+NVD,low,CVE-2023-50447,CWE-95;CWE-94,3.1,>=0,10.2.0,2024-01-19T21:30:35Z,,2025-02-13T05:40:44.483586Z,
pillow,pip,Combined OSV+NVD,low,CVE-2024-28219,CWE-680,3.1,>=0,10.3.0,2024-04-03T03:30:30Z,,2025-10-16T08:05:46.219366Z,
pillow,pip,Combined OSV+NVD,high,CVE-2023-44271,CWE-770,7.5,>=0,10.0.0,2023-11-03T05:15:00Z,,2023-11-10T08:11:29.510057Z,
pillow,pip,Combined OSV+NVD,low,CVE-2023-4863,CWE-787,3.1,>=0,10.0.1,2023-09-12T15:30:20Z,,2025-07-09T16:28:48.316502Z,
pillow,pip,Combined OSV+NVD,high,CVE-2022-45198,,7.5,>=0,9.2.0,2022-11-14T07:15:00Z,,2023-12-06T01:02:42.586226Z,
pillow,pip,Combined OSV+NVD,high,CVE-2022-45199,CWE-400,7.5,>=9.2.0,9.3.0,2022-11-14T07:15:00Z,,2023-12-06T01:02:42.645414Z,
pillow,pip,Combined OSV+NVD,high,CVE-2025-48379,CWE-122,7.1,>=11.2.0,11.3.0,2025-07-01T19:15:27Z,,2025-07-07T14:12:46.226030Z,
grpcio,pip,Combined OSV+NVD,low,CVE-2023-33953,CWE-834;CWE-770;CWE-789,3.1,>=0 >=1.54.0 >=1.55.0 >=1.56.0,1.53.2,2023-08-09T15:30:15Z,,2024-07-30T21:46:22.811443Z,
grpcio,pip,Combined OSV+NVD,low,CVE-2023-1428,CWE-617,3.1,>=1.51.0,1.53.0,2023-07-06T21:15:08Z,,2025-08-13T15:20:21.397821Z,
grpcio,pip,Combined OSV+NVD,low,CVE-2023-32732,CWE-440,3.1,>=1.53.0 >=1.54.0,1.53.1,2023-07-06T21:15:08Z,,2025-08-13T15:19:18.762892Z,
grpcio,pip,Combined OSV+NVD,low,CVE-2023-32731,CWE-440,3.1,>=1.53.0 >=1.54.0,1.53.1,2023-07-05T19:12:51Z,,2025-08-13T15:20:19.517640Z,
grpcio,pip,Combined OSV+NVD,low,CVE-2023-4785,CWE-248,3.1,>=1.55.0 >=1.54.0 >=1.53.0,1.55.3,2023-09-13T18:31:26Z,,2024-04-22T19:02:29.869934Z,
scipy,pip,Combined OSV+NVD,medium,CVE-2023-25399,CWE-401,5.5,>=0,1.10.0,2023-07-05T17:15:00Z,,2024-05-19T02:24:26.684258Z,
scipy,pip,Combined OSV+NVD,critical,CVE-2023-29824,CWE-416,9.8,>=0,1.8.0,2023-07-06T21:15:00Z,,2024-05-03T10:42:09.106815Z,
starlette,pip,Combined OSV+NVD,low,CVE-2025-54121,CWE-770,3.1,>=0,0.47.2,2025-07-21T19:34:23Z,,2025-07-21T23:15:20.688843Z,
starlette,pip,Combined OSV+NVD,high,CVE-2023-30798,CWE-400,7.5,>=0,0.25.0,2023-04-21T16:15:00Z,,2024-10-28T15:41:59.716521Z,
starlette,pip,Combined OSV+NVD,low,CVE-2025-62727,CWE-407,3.1,>=0.39.0,0.49.1,2025-10-28T20:38:01Z,,2025-11-04T17:57:01.922973Z,
starlette,pip,Combined OSV+NVD,low,CVE-2024-47874,CWE-770,3.1,>=0,0.40.0,2024-10-15T18:12:57Z,,2024-10-15T20:01:19.003618Z,
starlette,pip,Combined OSV+NVD,high,CVE-2023-29159,CWE-22,7.5,>=0.13.5,0.27.0,2023-06-01T02:15:00Z,,2023-11-08T04:12:16.846611Z,
snowflake-connector-python,pip,Combined OSV+NVD,high,CVE-2025-24793,CWE-89,7.0,>=2.2.5,3.13.1,2025-01-29T21:15:21Z,,2025-04-09T17:59:21.846062Z,
snowflake-connector-python,pip,Combined OSV+NVD,low,CVE-2024-49750,CWE-532,3.1,>=0,3.12.3,2024-10-24T22:15:04Z,,2025-01-19T10:57:01.284159Z,
snowflake-connector-python,pip,Combined OSV+NVD,high,CVE-2023-34233,CWE-77,8.8,>=0,3.0.2,2023-06-08T21:15:00Z,,2023-11-08T04:12:45.031387Z,
snowflake-connector-python,pip,Combined OSV+NVD,medium,CVE-2025-24794,CWE-502,6.7,>=2.7.12,3.13.1,2025-01-29T21:15:21Z,,2025-04-09T17:59:24.883446Z,
snowflake-connector-python,pip,Combined OSV+NVD,medium,CVE-2025-24795,CWE-276,4.4,>=2.3.7,3.13.1,2025-01-29T21:15:21Z,,2025-04-09T17:59:12.570886Z,
python-multipart,pip,Combined OSV+NVD,low,CVE-2024-24762,CWE-400;CWE-1333,3.1,>=0,0.0.7,2024-02-12T17:28:12Z,,2024-11-14T17:57:11.358279Z,
werkzeug,pip,Combined OSV+NVD,low,CVE-2024-34069,CWE-352,3.1,>=0,3.0.3,2024-05-06T14:21:27Z,,2025-02-21T21:22:53.816375Z,
werkzeug,pip,Combined OSV+NVD,unknown,CVE-2024-49766,CWE-22,,>=0,3.0.6,2024-10-25T19:43:41Z,,2025-01-31T15:37:27.094508Z,
werkzeug,pip,Combined OSV+NVD,low,CVE-2023-46136,CWE-400;CWE-407;CWE-787,3.1,>=0 >=3.0.0,2.3.8,2023-10-25T18:17:00Z,,2023-11-08T18:38:34.170214Z,
werkzeug,pip,Combined OSV+NVD,low,CVE-2023-23934,CWE-20,2.6,>=0,2.2.3,2023-02-14T20:15:00Z,,2023-11-08T04:11:43.091670Z,
quart,pip,Combined OSV+NVD,low,CVE-2024-49767,CWE-400;CWE-770,3.1,>=0,0.20.0,2024-10-25T19:44:43Z,,2025-01-03T12:35:07.368029Z,
werkzeug,pip,Combined OSV+NVD,high,CVE-2023-25577,CWE-770,7.5,>=0,2.2.3,2023-02-14T20:15:00Z,,2023-11-08T04:11:52.539843Z,
flask,pip,Combined OSV+NVD,unknown,CVE-2025-47278,CWE-683,,>=3.1.0,3.1.1,2025-05-13T20:25:26Z,,2025-05-13T20:43:20.990853Z,
flask,pip,Combined OSV+NVD,high,CVE-2023-30861,CWE-539,7.5,>=0 >=2.3.0,2.2.5,2023-05-02T18:15:00Z,,2023-11-08T04:12:28.231927Z,
scikit-learn,pip,Combined OSV+NVD,low,CVE-2024-5206,CWE-922;CWE-921,3.1,>=0,1.5.0,2024-06-06T19:16:00Z,,2024-10-24T22:29:07.277547Z,
python-multipart,pip,Combined OSV+NVD,low,CVE-2024-53981,CWE-770,3.1,>=0,0.0.18,2024-12-02T21:37:04Z,,2024-12-02T22:12:17.857019Z,
eventlet,pip,Combined OSV+NVD,low,CVE-2023-29483,CWE-292,3.1,>=0,0.35.2,2024-04-11T15:30:48Z,,2024-06-26T03:47:06.135363Z,
gitpython,pip,Combined OSV+NVD,low,CVE-2024-22190,CWE-426,3.1,>=0,3.1.41,2024-01-11T02:15:00Z,,2024-01-18T16:56:49.522045Z,
gitpython,pip,Combined OSV+NVD,low,CVE-2023-41040,CWE-22,3.1,>=0,3.1.35,2023-08-30T22:15:00Z,,2023-11-08T04:13:23.455909Z,
gitpython,pip,Combined OSV+NVD,high,CVE-2022-24439,CWE-20,8.1,>=0,3.1.30,2022-12-06T05:15:00Z,,2023-11-08T04:08:31.421285Z,
gitpython,pip,Combined OSV+NVD,critical,CVE-2023-40267,,9.8,>=0,3.1.32,2023-08-11T07:15:00Z,,2023-11-08T04:13:20.148850Z,
gitpython,pip,Combined OSV+NVD,low,CVE-2023-40590,CWE-426,3.1,>=0,3.1.33,2023-08-28T18:15:00Z,,2023-11-08T04:13:22.478104Z,
azure-identity,pip,Combined OSV+NVD,low,CVE-2024-35255,CWE-362,3.1,>=0,1.16.1,2024-06-11T18:30:50Z,,2025-07-22T15:12:31.350751Z,
fonttools,pip,Combined OSV+NVD,low,CVE-2023-45139,CWE-611,3.1,>=4.28.2,4.43.0,2024-01-09T16:01:10Z,,2024-05-02T13:16:16.164514Z,
opentelemetry-instrumentation,pip,Combined OSV+NVD,low,CVE-2023-43810,CWE-400,3.1,>=0,0.41b0,2023-10-02T23:29:42Z,,2024-02-16T08:18:26.543161Z,
paramiko,pip,Combined OSV+NVD,low,CVE-2023-48795,CWE-354,3.1,>=2.5.0,3.4.0,2023-12-18T19:22:09Z,,2025-11-05T01:03:11.943552Z,
redis,pip,Combined OSV+NVD,low,CVE-2023-28858,CWE-193,3.7,>=4.2.0 >=4.4.0 >=4.5.0,4.3.6,2023-03-26T19:15:00Z,,2023-11-08T04:12:15.374587Z,
redis,pip,Combined OSV+NVD,medium,CVE-2023-28859,CWE-459,6.5,>=4.2.0 >=4.5.0,4.4.4,2023-03-26T19:15:00Z,,2023-11-08T04:12:15.434725Z,
transformers,pip,Combined OSV+NVD,low,CVE-2023-2800,CWE-377,3.1,>=0,4.30.0,2023-05-18T17:15:00Z,,2024-11-21T14:57:00.339656Z,
transformers,pip,Combined OSV+NVD,low,CVE-2025-3933,CWE-1333,3.1,>=0,4.52.1,2025-07-11T12:30:32Z,,2025-08-07T16:11:35.982794Z,
transformers,pip,Combined OSV+NVD,low,CVE-2024-3568,CWE-502,3.0,>=0,4.38.0,2024-04-10T18:30:48Z,,2024-04-10T22:42:15.206835Z,
transformers,pip,Combined OSV+NVD,low,CVE-2023-6730,CWE-502,3.1,>=0,4.36.0,2023-12-19T13:15:00Z,,2024-11-21T14:56:59.794753Z,
transformers,pip,Combined OSV+NVD,low,CVE-2025-3262,CWE-1333,3.1,>=4.49.0,4.51.0,2025-07-07T12:30:22Z,,2025-08-04T16:09:51.283431Z,
transformers,pip,Combined OSV+NVD,low,CVE-2025-6921,CWE-400,3.0,>=0,4.53.0,2025-09-23T15:31:09Z,,2025-09-23T18:27:21.795271Z,
transformers,pip,Combined OSV+NVD,low,CVE-2025-6638,CWE-1333,3.0,>=0,4.53.0,2025-09-12T12:30:23Z,,2025-09-15T14:27:20.795326Z,
transformers,pip,Combined OSV+NVD,low,CVE-2024-12720,CWE-1333,3.0,>=0,4.48.0,2025-03-20T12:32:43Z,,2025-03-21T18:03:35.098481Z,
transformers,pip,Combined OSV+NVD,low,CVE-2025-5197,CWE-1333,3.0,>=0,4.53.0,2025-08-06T12:31:20Z,,2025-08-06T19:12:22.069414Z,
transformers,pip,Combined OSV+NVD,low,CVE-2025-1194,CWE-1333,3.1,>=0,4.50.0,2025-04-29T12:30:21Z,,2025-08-04T16:29:44.818048Z,
transformers,pip,Combined OSV+NVD,low,CVE-2024-11394,CWE-502,3.1,>=0,4.48.0,2024-11-22T22:15:07Z,,2025-02-11T15:11:44.125390Z,
transformers,pip,Combined OSV+NVD,low,CVE-2025-3264,CWE-1333,3.0,>=0,4.51.0,2025-07-07T12:30:22Z,,2025-07-08T17:27:12.108699Z,
transformers,pip,Combined OSV+NVD,low,CVE-2025-3777,CWE-20,3.0,>=0,4.52.1,2025-07-07T12:30:22Z,,2025-07-08T17:42:13.880716Z,
transformers,pip,Combined OSV+NVD,low,CVE-2025-3263,CWE-1333,3.0,>=0,4.51.0,2025-07-07T12:30:22Z,,2025-07-08T16:57:18.403502Z,
transformers,pip,Combined OSV+NVD,low,CVE-2025-2099,CWE-1333,3.1,>=0,4.49.0,2025-05-19T12:15:19Z,,2025-05-21T19:57:02.841701Z,
transformers,pip,Combined OSV+NVD,low,CVE-2024-11392,CWE-502,3.1,>=0,4.48.0,2024-11-22T22:15:06Z,,2025-02-11T15:59:06.739902Z,
transformers,pip,Combined OSV+NVD,low,CVE-2025-6051,CWE-1333,3.0,>=0,4.53.0,2025-09-14T18:30:26Z,,2025-09-15T20:57:20.823539Z,
transformers,pip,Combined OSV+NVD,low,CVE-2023-7018,CWE-502,3.1,>=0,4.36.0,2023-12-20T17:15:00Z,,2024-11-21T14:57:00.944028Z,
transformers,pip,Combined OSV+NVD,low,CVE-2024-11393,CWE-502,3.1,>=0,4.48.0,2024-11-22T22:15:07Z,,2025-02-11T15:41:50.537269Z,
orjson,pip,Combined OSV+NVD,high,CVE-2024-27454,CWE-674,7.5,>=0,3.9.15,2024-02-26T16:28:00Z,,2024-02-26T21:56:44.793088Z,
ipython,pip,Combined OSV+NVD,low,CVE-2023-24816,CWE-78;CWE-20,3.1,>=0,8.10.0,2023-02-10T19:55:53Z,,2025-02-15T05:26:10.654516Z,
sqlparse,pip,Combined OSV+NVD,low,CVE-2024-4340,CWE-674,3.1,>=0,0.5.0,2024-04-15T20:21:25Z,,2025-02-16T05:57:35.145337Z,
sqlparse,pip,Combined OSV+NVD,medium,CVE-2023-30608,CWE-1333,5.5,>=0.1.15,0.4.4,2023-04-18T22:15:00Z,,2023-11-08T04:12:25.842993Z,
black,pip,Combined OSV+NVD,medium,CVE-2024-21503,CWE-75;CWE-1333,5.3,>=0,24.3.0,2024-03-19T05:15:00Z,,2024-03-20T15:41:52.204760Z,
langchain,pip,Combined OSV+NVD,critical,CVE-2023-36258,CWE-94,9.8,>=0,0.0.247,2023-07-03T21:15:00Z,,2023-11-08T04:12:55.826498Z,
langchain-community,pip,Combined OSV+NVD,low,CVE-2024-2965,CWE-674,3.0,>=0,0.2.5,2024-06-06T21:30:36Z,,2024-11-04T15:32:21.402118Z,
langchain-community,pip,Combined OSV+NVD,low,CVE-2024-8309,CWE-74;CWE-89,3.1,>=0.2.0,0.3.0,2024-11-05T16:04:14Z,,2024-11-12T19:19:57.535206Z,
langchain,pip,Combined OSV+NVD,critical,CVE-2023-36188,CWE-74,9.8,>=0,0.0.247,2023-07-06T14:15:00Z,,2023-11-08T04:12:55.643629Z,
langchain,pip,Combined OSV+NVD,high,CVE-2023-46229,CWE-918,8.8,>=0,0.0.317,2023-10-19T05:15:00Z,,2023-11-08T04:13:41.373936Z,
langchain,pip,Combined OSV+NVD,critical,CVE-2023-34541,,9.8,>=0,0.0.247,2023-06-20T15:15:00Z,,2023-11-08T04:12:47.914470Z,
langchain,pip,Combined OSV+NVD,low,CVE-2023-32786,CWE-74,3.1,>=0,0.0.329,2023-10-21T00:30:47Z,,2024-02-16T08:16:38.860634Z,
langchain,pip,Combined OSV+NVD,low,CVE-2023-36281,CWE-94,3.1,>=0,0.0.171,2023-08-22T19:16:00Z,,2023-11-08T04:12:55.947018Z,
langchain,pip,Combined OSV+NVD,high,CVE-2023-36189,CWE-89,7.5,>=0,0.0.247,2023-07-06T14:15:00Z,,2023-11-08T04:12:55.703532Z,
langchain,pip,Combined OSV+NVD,low,CVE-2023-32785,,3.1,>=0,0.0.247,2023-10-21T00:30:47Z,,2024-11-07T16:00:27.754061Z,
langchain,pip,Combined OSV+NVD,low,CVE-2023-38896,CWE-74,3.1,>=0,0.0.195,2023-08-15T17:15:00Z,,2023-11-08T04:13:10.774576Z,
numexpr,pip,Combined OSV+NVD,low,CVE-2023-39631,CWE-94,3.1,>=0,2.8.5,2023-09-01T16:15:00Z,,2025-02-20T09:11:38.521949Z,
langchain,pip,Combined OSV+NVD,low,CVE-2023-38860,CWE-94,3.1,>=0,0.0.247,2023-08-15T17:15:00Z,,2023-11-08T04:13:10.096348Z,
langchain,pip,Combined OSV+NVD,critical,CVE-2023-29374,CWE-74,9.8,>=0,0.0.132,2023-04-05T02:15:00Z,,2023-11-08T04:12:18.549009Z,
langchain,pip,Combined OSV+NVD,low,CVE-2023-36095,CWE-94,3.1,>=0,0.0.236,2023-08-05T03:15:00Z,,2023-11-08T04:12:55.335082Z,
langchain-core,pip,Combined OSV+NVD,high,CVE-2024-28088,CWE-31;CWE-22,8.1,>=0,0.1.11,2024-03-04T00:15:00Z,,2024-03-13T23:41:33.247986Z,
langchain,pip,Combined OSV+NVD,low,CVE-2024-0243,CWE-918,3.0,>=0,0.1.0,2024-02-26T18:30:29Z,,2025-02-26T22:32:54.404253Z,
langchain,pip,Combined OSV+NVD,low,CVE-2023-39659,CWE-74,3.1,>=0,0.0.233,2023-08-15T17:15:00Z,,2023-11-08T04:13:15.190233Z,
langchain,pip,Combined OSV+NVD,low,CVE-2024-3571,CWE-22,3.0,>=0,0.0.353,2024-04-16T00:30:34Z,,2024-04-16T18:42:03.514215Z,
langchain,pip,Combined OSV+NVD,critical,CVE-2023-34540,,9.8,>=0,0.0.225,2023-06-14T15:15:00Z,,2023-11-08T04:12:47.852898Z,
tornado,pip,Combined OSV+NVD,low,CVE-2025-47287,CWE-770,3.1,>=0,6.5,2025-05-16T14:12:40Z,,2025-05-29T06:55:40.801566Z,
tornado,pip,Combined OSV+NVD,low,CVE-2024-52804,CWE-400;CWE-770,3.1,>=0,6.4.2,2024-11-22T20:26:41Z,,2025-11-04T17:06:05.561061Z,
tornado,pip,Combined OSV+NVD,medium,CVE-2023-28370,CWE-601,6.1,>=0,6.3.2,2023-05-25T10:15:00Z,,2023-11-08T04:12:10.458637Z,
sentry-sdk,pip,Combined OSV+NVD,low,CVE-2023-28117,CWE-209;CWE-201,3.1,>=0,1.14.0,2023-03-21T22:31:19Z,,2023-11-08T04:12:09.171189Z,
sentry-sdk,pip,Combined OSV+NVD,low,CVE-2024-40647,CWE-200,3.1,>=2.0.0a1 >=0,2.8.0,2024-07-18T17:18:46Z,,2025-06-06T22:46:43.363804Z,
pymysql,pip,Combined OSV+NVD,low,CVE-2024-36039,CWE-89,3.1,>=0,1.1.1,2024-05-21T18:31:23Z,,2024-06-25T02:33:21.065295Z,
torch,pip,Combined OSV+NVD,low,CVE-2025-2953,CWE-404,3.1,>=0,2.7.1-rc1,2025-03-30T18:30:24Z,,2025-05-30T21:13:25.000655Z,
torch,pip,Combined OSV+NVD,critical,CVE-2022-45907,CWE-94,9.8,>=0,1.13.1,2022-11-26T02:15:00Z,,2023-12-06T01:02:42.829739Z,
torch,pip,Combined OSV+NVD,low,CVE-2025-32434,CWE-502,3.1,>=0,2.6.0,2025-04-18T16:15:23Z,,2025-05-28T15:41:47.508237Z,
torch,pip,Combined OSV+NVD,medium,CVE-2024-31580,CWE-122,4.0,>=0,2.2.0,2024-04-17T19:15:07Z,,2025-06-11T06:29:31.189342Z,
torch,pip,Combined OSV+NVD,low,CVE-2025-3730,CWE-404,3.1,>=0,2.8.0,2025-04-16T21:30:59Z,,2025-09-02T15:49:32.280305Z,
torch,pip,Combined OSV+NVD,high,CVE-2024-31583,CWE-416,7.8,>=0,2.2.0,2024-04-17T19:15:07Z,,2025-06-11T06:29:21.475649Z,
torch,pip,Combined OSV+NVD,medium,CVE-2024-31584,CWE-125,5.5,>=0,2.2.0,2024-04-19T21:15:08Z,,2025-06-04T15:57:11.927887Z,
torch,pip,Combined OSV+NVD,low,CVE-2024-48063,CWE-502,3.1,>=0,2.5.0,2024-10-29T21:15:04Z,,2025-07-16T09:57:09.952334Z,
uv,pip,Combined OSV+NVD,unknown,CVE-2025-54368,CWE-436;CWE-20,,>=0,0.8.6,2025-08-07T20:52:44Z,,2025-08-08T15:17:37.042876Z,
gunicorn,pip,Combined OSV+NVD,low,CVE-2024-6827,CWE-444,3.0,>=0,22.0.0,2025-03-20T12:32:45Z,,2025-09-29T21:23:48.026465Z,
gunicorn,pip,Combined OSV+NVD,low,CVE-2024-1135,CWE-444,3.1,>=0,22.0.0,2024-04-16T00:30:32Z,,2025-09-29T21:24:07.144516Z,
langchain-core,pip,Combined OSV+NVD,low,CVE-2024-10940,CWE-497,3.0,>=0.1.17 >=0.2.0 >=0.3.0,0.1.53,2025-03-20T12:32:41Z,,2025-05-20T18:42:14.491071Z,
langchain-core,pip,Combined OSV+NVD,low,CVE-2024-1455,CWE-776,3.0,>=0,0.1.35,2024-03-26T15:30:50Z,,2024-03-27T18:15:28.288833Z,
future,pip,Combined OSV+NVD,high,CVE-2022-40899,CWE-400,7.5,>=0,0.18.3,2022-12-23T00:15:00Z,,2023-11-08T04:10:26.166706Z,
pymongo,pip,Combined OSV+NVD,low,CVE-2024-5629,CWE-125,3.1,>=0,4.6.3,2024-06-05T15:30:39Z,,2024-06-25T02:34:13.061847Z,
pycryptodomex,pip,Combined OSV+NVD,low,CVE-2023-52323,CWE-203,3.1,>=0,3.19.1,2024-01-05T04:15:00Z,,2024-01-17T11:41:25.820005Z,
scrapy,pip,Combined OSV+NVD,low,CVE-2025-6176,CWE-400,3.0,>=0,,2025-10-31T00:30:35Z,,2025-11-07T19:18:36.359448Z,
jupyterlab,pip,Combined OSV+NVD,low,CVE-2024-22421,CWE-23;CWE-200,3.1,>=4.0.0 >=0,4.0.11,2024-01-19T20:28:10Z,,2024-02-20T05:34:26.989923Z,
jupyterlab,pip,Combined OSV+NVD,low,CVE-2024-22420,CWE-79,3.1,>=4.0.0,4.0.11,2024-01-19T20:24:09Z,,2024-02-20T05:42:53.319596Z,
jupyterlab,pip,Combined OSV+NVD,low,CVE-2024-43805,CWE-79,3.1,>=0 >=4.0.0,3.6.8,2024-08-29T17:55:53Z,,2024-08-30T08:11:56.824277Z,
dbt-core,pip,Combined OSV+NVD,low,CVE-2024-40637,CWE-74;CWE-89,3.1,>=1.7.0 >=0,1.7.14,2024-07-16T23:15:00Z,,2024-07-19T17:41:45.635162Z,
dbt-core,pip,Combined OSV+NVD,low,CVE-2024-36105,CWE-1327,3.1,>=0 >=1.7.0 >=1.8.0,1.6.15,2024-05-28T21:19:14Z,,2024-05-28T21:30:45.359104Z,
jupyter-core,pip,Combined OSV+NVD,low,CVE-2025-30167,CWE-427,3.1,>=0,5.8.1,2025-06-04T21:00:23Z,,2025-06-04T21:42:22.311752Z,
redshift-connector,pip,Combined OSV+NVD,low,CVE-2024-12745,CWE-89,3.1,>=2.1.4,2.1.5,2024-12-26T20:28:09Z,,2025-10-14T21:54:18Z,
redshift-connector,pip,Combined OSV+NVD,low,CVE-2025-5279,CWE-295,3.1,>=2.0.872,2.1.7,2025-05-28T14:57:31Z,,2025-10-14T22:31:54.004478Z,
mcp,pip,Combined OSV+NVD,unknown,CVE-2025-53366,CWE-248,,>=0,1.9.4,2025-07-04T22:06:49Z,,2025-07-05T02:23:32.666479Z,
mcp,pip,Combined OSV+NVD,unknown,CVE-2025-53365,CWE-248,,>=0,1.10.0,2025-07-04T22:06:31Z,,2025-07-05T02:25:38.468804Z,
pyspark,pip,Combined OSV+NVD,medium,CVE-2023-22946,CWE-269,6.4,>=0,3.4.0,2023-04-17T08:15:00Z,,2025-10-09T08:27:01.450603Z,
pyspark,pip,Combined OSV+NVD,high,CVE-2023-32007,CWE-77,8.8,>=0 >=3.2.0 >=3.1.1,3.1.1,2023-05-02T09:15:00Z,,2023-12-06T01:03:01.194464Z,
h2,pip,Combined OSV+NVD,unknown,CVE-2025-57804,CWE-93,,>=0,4.3.0,2025-08-25T20:44:43Z,,2025-11-03T21:50:25.428424Z,
deepdiff,pip,Combined OSV+NVD,unknown,CVE-2025-58367,CWE-915,,>=5.0.0,8.6.1,2025-09-03T22:25:09Z,,2025-09-10T21:05:17.600028Z,
authlib,pip,Combined OSV+NVD,high,CVE-2024-37568,CWE-284;CWE-347,7.5,>=0,1.3.1,2024-06-09T19:15:00Z,,2024-06-10T16:27:33.888395Z,
authlib,pip,Combined OSV+NVD,low,CVE-2025-59420,CWE-345;CWE-863,3.1,>=0,1.6.4,2025-09-22T14:42:12Z,,2025-11-03T19:51:16.813038Z,
authlib,pip,Combined OSV+NVD,low,CVE-2025-62706,CWE-400;CWE-770,3.1,>=0,1.6.5,2025-10-10T22:54:03Z,,2025-11-03T19:49:48.498510Z,
authlib,pip,Combined OSV+NVD,low,CVE-2025-61920,CWE-400;CWE-770;CWE-20,3.1,>=0,1.6.5,2025-10-10T20:26:43Z,,2025-11-03T19:52:00.254684Z,
mysql-connector-python,pip,Combined OSV+NVD,low,CVE-2024-21272,CWE-306,3.1,>=0,9.1.0,2024-10-15T21:30:39Z,,2024-10-24T17:12:14.830506Z,
pg8000,pip,Combined OSV+NVD,critical,CVE-2025-61385,CWE-89,9.6,>=0,1.31.5,2025-10-27T18:31:13Z,,2025-10-27T23:42:53.269616Z,
nltk,pip,Combined OSV+NVD,critical,CVE-2024-39705,CWE-502,9.8,>=0,3.9,2024-06-27T22:15:10Z,,2025-01-18T19:56:53.778852Z,
jupyter-server,pip,Combined OSV+NVD,low,CVE-2023-40170,CWE-284;CWE-79;CWE-306,3.1,>=0,2.7.2,2023-08-28T21:15:00Z,,2023-11-08T04:13:19.479699Z,
jupyter-server,pip,Combined OSV+NVD,low,CVE-2023-49080,CWE-209,3.1,>=0,2.11.2,2023-12-04T21:15:00Z,,2024-11-21T14:57:11.032398Z,
jupyter-server,pip,Combined OSV+NVD,low,CVE-2024-35178,CWE-200,3.1,>=0,2.14.1,2024-06-06T16:15:11Z,,2025-01-18T19:56:56.813273Z,
jupyter-server,pip,Combined OSV+NVD,low,CVE-2023-39968,CWE-601,3.1,>=0,2.7.2,2023-08-28T21:15:00Z,,2023-11-08T04:13:16.108677Z,
jupyterlab,pip,Combined OSV+NVD,medium,CVE-2025-59842,CWE-1022,4.3,>=0,4.4.8,2025-09-26T14:26:40Z,,2025-10-01T15:42:29.327955Z,
selenium,pip,Combined OSV+NVD,low,CVE-2023-5590,CWE-476,3.1,>=0,4.14.0,2023-10-15T23:15:00Z,,2023-11-08T04:13:47.690171Z,
litellm,pip,Combined OSV+NVD,low,CVE-2024-4888,CWE-862,3.0,>=0,1.35.36,2024-06-06T21:30:37Z,,2024-11-04T15:32:07.687540Z,
litellm,pip,Combined OSV+NVD,low,CVE-2024-2952,CWE-76,3.0,>=0,1.34.42,2024-04-10T18:30:48Z,,2024-04-11T16:01:57.658271Z,
litellm,pip,Combined OSV+NVD,low,CVE-2024-6825,CWE-94,3.0,>=1.40.3.dev2,,2025-03-20T12:32:45Z,,2025-10-16T07:53:53.815654Z,
litellm,pip,Combined OSV+NVD,low,CVE-2024-4264,CWE-94,3.1,>=0,,2024-05-18T00:30:42Z,,2024-05-20T16:56:55.477873Z,
litellm,pip,Combined OSV+NVD,low,CVE-2025-0330,CWE-1230,3.0,>=0,,2025-03-20T12:32:52Z,,2025-03-20T21:19:35.264447Z,
litellm,pip,Combined OSV+NVD,low,CVE-2024-4890,CWE-89,3.0,>=0,,2024-06-06T21:30:37Z,,2024-06-06T23:12:22.102780Z,
litellm,pip,Combined OSV+NVD,low,CVE-2024-8984,CWE-770,3.0,>=0,1.56.2,2025-03-20T12:32:49Z,,2025-10-15T17:19:53.291570Z,
litellm,pip,Combined OSV+NVD,low,CVE-2025-0628,CWE-266,3.0,>=0,1.61.15,2025-03-20T12:32:52Z,,2025-10-16T07:57:33.592975Z,
litellm,pip,Combined OSV+NVD,low,CVE-2024-6587,CWE-918,3.0,>=0,1.44.8,2024-09-13T18:31:47Z,,2024-09-13T19:42:07.365345Z,
litellm,pip,Combined OSV+NVD,low,CVE-2024-9606,CWE-117;CWE-116,3.0,>=0,1.44.12,2025-03-20T12:32:51Z,,2025-03-20T21:19:35.196952Z,
litellm,pip,Combined OSV+NVD,low,CVE-2024-5751,CWE-94,3.0,>=0,1.40.16,2024-06-27T21:32:08Z,,2024-06-28T22:00:46.195338Z,
litellm,pip,Combined OSV+NVD,low,CVE-2024-10188,CWE-400,3.0,>=0,1.53.1.dev1,2025-03-20T12:32:38Z,,2025-03-20T19:38:11.763007Z,
litellm,pip,Combined OSV+NVD,low,CVE-2024-5225,CWE-89,3.0,>=0,1.40.0,2024-06-06T21:30:37Z,,2024-06-06T23:12:22.166735Z,
litellm,pip,Combined OSV+NVD,low,CVE-2024-5710,CWE-862,3.1,>=0,1.40.15,2024-06-27T21:32:08Z,,2025-10-15T21:01:47.583939Z,
langchain-community,pip,Combined OSV+NVD,low,CVE-2024-5998,CWE-502,3.1,>=0,0.2.4,2024-09-17T12:30:32Z,,2025-07-30T19:58:58.089036Z,
langchain-community,pip,Combined OSV+NVD,low,CVE-2025-2828,CWE-918,3.1,>=0,0.0.28,2025-06-23T21:15:25Z,,2025-07-16T21:57:03.454237Z,
langchain-community,pip,Combined OSV+NVD,low,CVE-2025-6984,CWE-200,3.0,>=0,0.3.27,2025-09-04T12:30:42Z,,2025-09-05T15:57:16.662479Z,
langchain-community,pip,Combined OSV+NVD,low,CVE-2024-3095,CWE-918,3.0,>=0,0.2.9,2024-06-06T21:30:36Z,,2024-07-24T17:45:47.691770Z,
weasyprint,pip,Combined OSV+NVD,low,CVE-2024-28184,CWE-829,3.1,>=61.0,61.2,2024-03-08T20:42:52Z,,2025-02-13T19:36:01.197185Z,
apache-airflow-providers-common-sql,pip,Combined OSV+NVD,low,CVE-2025-30473,CWE-89,3.1,>=0,1.24.1,2025-04-07T09:30:23Z,,2025-04-07T21:12:13.915086Z,
ecdsa,pip,Combined OSV+NVD,low,CVE-2024-23342,CWE-208;CWE-203;CWE-385,3.1,>=0,,2024-01-22T21:35:27Z,,2025-07-30T18:35:54.019465Z,
ray,pip,Combined OSV+NVD,low,CVE-2023-6021,CWE-29;CWE-22,3.0,>=0,2.8.1,2023-11-16T18:30:31Z,,2025-01-09T23:47:31.279053Z,
ray,pip,Combined OSV+NVD,low,CVE-2023-6020,CWE-862,3.0,>=0,2.8.1,2023-11-16T21:30:46Z,,2025-01-09T23:46:24.477606Z,
ray,pip,Combined OSV+NVD,low,CVE-2023-48022,CWE-918,3.1,>=0,,2023-11-28T09:30:26Z,,2025-09-30T18:44:31.112034Z,
ray,pip,Combined OSV+NVD,low,CVE-2023-6019,CWE-78,3.1,>=0,2.8.1,2023-11-16T18:30:31Z,,2025-01-09T23:46:00.179172Z,
ray,pip,Combined OSV+NVD,medium,CVE-2025-1979,CWE-532,6.4,>=0,2.43.0,2025-03-06T05:15:16Z,,2025-04-09T17:59:29.358107Z,
langchain-text-splitters,pip,Combined OSV+NVD,low,CVE-2025-6985,CWE-611,3.0,>=0,0.3.9,2025-10-06T18:31:07Z,,2025-10-08T14:37:35.055081Z,
gevent,pip,Combined OSV+NVD,critical,CVE-2023-41419,,9.8,>=0,23.9.0,2023-09-25T12:15:00Z,,2023-11-08T04:13:26.094496Z,
jupyter-lsp,pip,Combined OSV+NVD,low,CVE-2024-22415,CWE-284;CWE-22;CWE-23;CWE-306,3.1,>=0,2.2.2,2024-01-18T16:12:28Z,,2024-02-16T08:22:17.780582Z,
django,pip,Combined OSV+NVD,high,CVE-2023-24580,CWE-400,7.5,>=3.2 >=4.0 >=4.1,3.2.18,2023-02-15T01:15:00Z,,2023-12-06T01:02:52.536863Z,
django,pip,Combined OSV+NVD,high,CVE-2024-45230,CWE-120,7.5,>=5.1 >=5.0 >=4.2,5.1.1,2024-10-08T16:15:00Z,,2024-10-19T07:57:12.374743Z,
django,pip,Combined OSV+NVD,low,CVE-2025-57833,CWE-89,3.1,>=0 >=5.0a1 >=5.2a1,4.2.24,2025-09-08T18:31:31Z,,2025-11-05T20:52:11.756012Z,
django,pip,Combined OSV+NVD,high,CVE-2024-41990,CWE-130,7.5,>=5.0 >=4.2,5.0.8,2024-08-07T15:15:00Z,,2024-08-08T08:11:46.336271Z,
django,pip,Combined OSV+NVD,high,CVE-2023-41164,CWE-1284,7.5,>=3.2 >=4.1 >=4.2,3.2.21,2023-11-03T05:15:00Z,,2023-11-14T07:57:00.822299Z,
django,pip,Combined OSV+NVD,medium,CVE-2025-48432,CWE-117,4.0,>=5.2 >=5.1 >=4.2,5.2.2,2025-06-05T03:15:25Z,,2025-09-25T09:27:02.969281Z,
django,pip,Combined OSV+NVD,high,CVE-2024-53907,CWE-770,7.5,>=5.1 >=5.0 >=4.2,5.1.4,2024-12-06T12:15:17Z,,2025-03-10T09:27:28.866516Z,
django,pip,Combined OSV+NVD,medium,CVE-2025-32873,CWE-770,5.3,>=4.2 >=5.1 >=5.2,4.2.21,2025-05-08T04:17:18Z,,2025-06-18T15:41:59.060544Z,
django,pip,Combined OSV+NVD,medium,CVE-2024-39330,CWE-22,4.3,>=5.0 >=4.2,5.0.7,2024-07-10T05:15:00Z,,2025-03-10T09:27:30.416627Z,
django,pip,Combined OSV+NVD,high,CVE-2024-39614,CWE-130,7.5,>=5.0 >=4.2,5.0.7,2024-07-10T05:15:00Z,,2025-03-10T09:27:23.743055Z,
django,pip,Combined OSV+NVD,low,CVE-2025-64459,CWE-89,3.1,>=5.2a1 >=5.0a1 >=0,5.2.8,2025-11-05T15:31:07Z,,2025-11-11T15:29:06.885442Z,
django,pip,Combined OSV+NVD,high,CVE-2023-43665,CWE-1284,7.5,>=3.2 >=4.1 >=4.2,3.2.22,2023-11-03T05:15:00Z,,2023-11-14T07:56:55.351422Z,
django,pip,Combined OSV+NVD,low,CVE-2025-59681,CWE-89,3.1,>=4.2 >=5.1 >=5.2,4.2.25,2025-10-01T21:31:21Z,,2025-11-05T20:52:51.455541Z,
django,pip,Combined OSV+NVD,high,CVE-2023-36053,CWE-1333,7.5,>=4.2 >=4.0 >=3.2,4.2.3,2023-07-03T13:15:00Z,,2023-12-06T01:03:05.892778Z,
django,pip,Combined OSV+NVD,high,CVE-2024-41989,CWE-400,7.5,>=5.0 >=4.2,5.0.8,2024-08-07T15:15:00Z,,2024-08-08T08:11:55.573131Z,
django,pip,Combined OSV+NVD,critical,CVE-2024-53908,CWE-89,9.8,>=5.1 >=5.0 >=4.2,5.1.4,2024-12-06T12:15:18Z,,2025-03-10T09:27:15.437122Z,
django,pip,Combined OSV+NVD,medium,CVE-2025-26699,CWE-770,5.0,>=5.1 >=5.0 >=4.2,5.1.7,2025-03-06T19:15:27Z,,2025-04-09T17:59:24.177940Z,
django,pip,Combined OSV+NVD,high,CVE-2024-42005,CWE-89,7.3,>=5.0 >=4.2,5.0.8,2024-08-07T15:15:00Z,,2024-08-08T08:11:54.381792Z,
django,pip,Combined OSV+NVD,high,CVE-2023-23969,CWE-770,7.5,>=3.2 >=4.0 >=4.1,3.2.17,2023-02-01T19:15:00Z,,2023-12-06T01:02:51.759822Z,
django,pip,Combined OSV+NVD,low,CVE-2025-59682,CWE-23,3.1,>=4.2 >=5.1 >=5.2,4.2.25,2025-10-01T21:31:22Z,,2025-11-05T20:52:14.756835Z,
django,pip,Combined OSV+NVD,medium,CVE-2024-56374,CWE-770,5.8,>=5.1 >=5.0 >=4.2,5.1.5,2025-01-14T19:15:32Z,,2025-03-10T09:27:38.709591Z,
django,pip,Combined OSV+NVD,high,CVE-2024-38875,CWE-130,7.5,>=4.2 >=5.0,4.2.14,2024-07-10T05:15:00Z,,2025-03-10T09:27:31.944914Z,
django,pip,Combined OSV+NVD,high,CVE-2023-46695,CWE-770,7.5,>=3.2 >=4.1 >=4.2,3.2.23,2023-11-02T06:15:00Z,,2024-03-06T12:28:05.462988Z,
django,pip,Combined OSV+NVD,low,CVE-2025-64458,CWE-407,3.1,>=5.2a1 >=5.0a1 >=0,5.2.8,2025-11-05T15:31:07Z,,2025-11-11T15:28:46.308405Z,
django,pip,Combined OSV+NVD,critical,CVE-2023-31047,CWE-862;CWE-20,9.8,>=3.2 >=4.0 >=4.2,3.2.19,2023-05-07T02:15:00Z,,2023-12-06T01:03:00.283766Z,
django,pip,Combined OSV+NVD,high,CVE-2024-41991,CWE-130;CWE-1284,7.5,>=5.0 >=4.2,5.0.8,2024-08-07T15:15:00Z,,2024-08-08T08:11:48.319634Z,
django,pip,Combined OSV+NVD,low,CVE-2024-45231,CWE-203,3.1,>=5.1 >=5.0 >=0,5.1.1,2024-10-08T18:33:13Z,,2024-10-30T19:23:59.139649Z,
django,pip,Combined OSV+NVD,medium,CVE-2024-27351,CWE-1333,5.3,>=3.2 >=4.2 >=5.0,3.2.25,2024-03-15T20:15:00Z,,2024-07-02T08:12:21.263863Z,
django,pip,Combined OSV+NVD,medium,CVE-2025-27556,CWE-770,5.8,>=5.1 >=5.0,5.1.8,2025-04-02T13:15:44Z,,2025-09-25T09:27:20.004567Z,
django,pip,Combined OSV+NVD,medium,CVE-2024-39329,CWE-208,5.3,>=5.0 >=4.2,5.0.7,2024-07-10T05:15:00Z,,2025-03-10T09:27:33.105341Z,
django,pip,Combined OSV+NVD,high,CVE-2024-24680,,7.5,>=3.2 >=4.2 >=5.0,3.2.24,2024-02-06T22:16:00Z,,2024-02-16T08:26:32.550177Z,
flask-cors,pip,Combined OSV+NVD,low,CVE-2024-6866,CWE-178,3.0,>=0,6.0.0,2025-03-20T12:32:45Z,,2025-11-03T21:57:24.048409Z,
flask-cors,pip,Combined OSV+NVD,low,CVE-2024-6839,CWE-41,3.0,>=0,6.0.0,2025-03-20T12:32:45Z,,2025-11-03T21:57:16.624715Z,
flask-cors,pip,Combined OSV+NVD,low,CVE-2024-1681,CWE-117,3.0,>=0,4.0.1,2024-04-19T21:31:08Z,,2025-11-03T23:01:22.383418Z,
flask-cors,pip,Combined OSV+NVD,low,CVE-2024-6844,CWE-346,3.0,>=0,6.0.0,2025-03-20T12:32:45Z,,2025-11-03T22:02:47.725498Z,
flask-cors,pip,Combined OSV+NVD,low,CVE-2024-6221,CWE-284,3.1,>=0,4.0.2,2024-08-18T19:15:00Z,,2025-10-09T08:27:44.186589Z,
sagemaker,pip,Combined OSV+NVD,low,CVE-2025-0508,CWE-328,3.0,>=0,2.237.3,2025-03-20T12:32:52Z,,2025-10-16T08:05:42.002280Z,
sagemaker,pip,Combined OSV+NVD,low,CVE-2024-34073,CWE-78,3.1,>=0,2.214.3,2024-05-03T20:26:03Z,,2024-05-03T20:56:44.849316Z,
sagemaker,pip,Combined OSV+NVD,low,CVE-2024-34072,CWE-502,3.1,>=0,2.218.0,2024-05-03T20:25:33Z,,2024-05-03T20:43:32.912128Z,
mlflow,pip,Combined OSV+NVD,low,CVE-2024-27133,CWE-79,3.1,>=0,2.10.0,2024-02-23T22:15:55Z,,2025-04-08T11:13:03.850498Z,
mlflow,pip,Combined OSV+NVD,low,CVE-2024-37053,CWE-502,3.1,>=1.1.0,,2024-06-04T12:31:04Z,,2024-10-22T05:28:49.864997Z,
mlflow,pip,Combined OSV+NVD,low,CVE-2025-0453,CWE-410,3.0,>=0,,2025-03-20T12:32:52Z,,2025-10-16T07:54:11.646684Z,
mlflow,pip,Combined OSV+NVD,low,CVE-2023-6014,CWE-598,3.0,>=0,2.8.0,2023-11-16T21:30:46Z,,2024-03-01T21:31:07.509383Z,
mlflow,pip,Combined OSV+NVD,low,CVE-2025-1474,CWE-521,3.1,>=0,2.19.0,2025-03-20T10:15:54Z,,2025-04-09T17:59:13.116474Z,
mlflow,pip,Combined OSV+NVD,low,CVE-2024-8859,CWE-29,3.0,>=0,2.17.0rc0,2025-03-20T12:32:49Z,,2025-08-06T06:42:15.659530Z,
mlflow,pip,Combined OSV+NVD,low,CVE-2023-6831,CWE-29;CWE-22,3.1,>=0,2.9.2,2023-12-15T01:15:00Z,,2024-02-14T00:56:21.571685Z,
mlflow,pip,Combined OSV+NVD,low,CVE-2023-6974,CWE-918,3.1,>=0,2.9.2,2023-12-20T06:30:25Z,,2025-02-14T05:29:05.199702Z,
mlflow,pip,Combined OSV+NVD,low,CVE-2025-11201,CWE-22,3.0,>=0,3.0.0,2025-10-29T21:30:33Z,,2025-11-07T11:43:35.773746Z,
mlflow,pip,Combined OSV+NVD,low,CVE-2024-1560,CWE-22,3.0,>=0,,2024-04-16T00:30:33Z,,2025-02-04T08:11:55.534759Z,
mlflow,pip,Combined OSV+NVD,low,CVE-2023-6018,CWE-78,3.0,>=0,2.9.2,2023-11-16T18:30:31Z,,2024-08-08T20:20:25.407817Z,
mlflow,pip,Combined OSV+NVD,low,CVE-2024-0520,CWE-22,3.1,>=0,2.9.0,2024-06-06T19:15:51Z,,2025-04-08T11:13:01.820933Z,
mlflow,pip,Combined OSV+NVD,low,CVE-2023-6909,CWE-29,3.1,>=0,2.9.2,2023-12-18T04:15:00Z,,2024-02-06T22:41:28.305198Z,
mlflow,pip,Combined OSV+NVD,low,CVE-2024-27132,CWE-79,3.1,>=0,2.10.0,2024-02-23T22:15:55Z,,2025-04-08T11:13:12.775658Z,
mlflow,pip,Combined OSV+NVD,low,CVE-2025-11200,CWE-521,3.0,>=0,2.22.0,2025-10-29T21:30:33Z,,2025-11-06T13:59:50.094186Z,
mlflow,pip,Combined OSV+NVD,low,CVE-2024-37052,CWE-502,3.1,>=1.1.0,,2024-06-04T12:31:04Z,,2024-10-22T05:29:02.452047Z,
mlflow,pip,Combined OSV+NVD,low,CVE-2024-37056,CWE-502,3.1,>=1.23.0,,2024-06-04T12:31:04Z,,2024-10-22T05:29:00.053225Z,
mlflow,pip,Combined OSV+NVD,low,CVE-2024-3099,CWE-475,3.1,>=0,2.11.3,2024-06-06T21:30:36Z,,2024-10-14T18:40:05.758973Z,
mlflow,pip,Combined OSV+NVD,low,CVE-2025-1473,CWE-352,3.1,>=2.17.0,2.20.3,2025-03-20T12:32:53Z,,2025-08-06T06:42:05.894941Z,
mlflow,pip,Combined OSV+NVD,low,CVE-2024-37060,CWE-502,3.1,>=1.27.0,,2024-06-04T12:31:05Z,,2024-10-22T05:29:01.306909Z,
mlflow,pip,Combined OSV+NVD,low,CVE-2024-37058,CWE-502,3.1,>=2.5.0,,2024-06-04T12:31:05Z,,2024-10-22T05:29:01.868093Z,
mlflow,pip,Combined OSV+NVD,low,CVE-2023-6709,CWE-1336,3.1,>=0,2.9.2,2023-12-12T04:15:00Z,,2024-11-21T14:56:57.764510Z,
mlflow,pip,Combined OSV+NVD,low,CVE-2024-1593,CWE-22,3.0,>=0,,2024-04-16T00:30:33Z,,2025-02-04T08:11:47.157903Z,
mlflow,pip,Combined OSV+NVD,low,CVE-2023-6015,CWE-22,3.0,>=0,2.8.1,2023-11-16T18:30:31Z,,2024-02-16T08:21:44.081187Z,
mlflow,pip,Combined OSV+NVD,low,CVE-2024-1483,CWE-22,3.0,>=0,2.12.1,2024-04-16T00:30:32Z,,2025-02-04T08:11:46.407253Z,
mlflow,pip,Combined OSV+NVD,low,CVE-2023-4033,CWE-78,3.1,>=0,2.6.0,2023-08-01T01:15:00Z,,2024-11-21T14:56:53.572857Z,
mlflow,pip,Combined OSV+NVD,low,CVE-2023-3765,CWE-36,3.1,>=0,2.5.0,2023-07-19T01:15:10Z,,2025-04-09T17:59:06.725121Z,
mlflow,pip,Combined OSV+NVD,low,CVE-2024-37054,CWE-502,3.1,>=0.9.0,,2024-06-04T12:31:04Z,,2024-10-22T05:29:02.896345Z,
mlflow,pip,Combined OSV+NVD,low,CVE-2023-6975,CWE-29,3.1,>=0,2.9.2,2023-12-20T06:30:25Z,,2024-02-16T08:13:46.691745Z,
mlflow,pip,Combined OSV+NVD,low,CVE-2024-3573,CWE-29;CWE-22,3.1,>=0,2.10.0,2024-04-16T00:15:12Z,,2025-04-08T11:13:19.517922Z,
mlflow,pip,Combined OSV+NVD,low,CVE-2023-6940,CWE-77,3.1,>=0,2.9.2,2023-12-19T03:30:17Z,,2025-02-14T05:29:07.580295Z,
mlflow,pip,Combined OSV+NVD,low,CVE-2024-2928,CWE-29;CWE-22,3.1,>=0,2.11.3,2024-06-06T19:15:55Z,,2025-04-08T11:13:11.349074Z,
mlflow,pip,Combined OSV+NVD,low,CVE-2024-1558,CWE-22,3.0,>=0,2.12.1,2024-04-16T00:30:33Z,,2025-02-04T08:11:45.801380Z,
mlflow,pip,Combined OSV+NVD,low,CVE-2024-37057,CWE-502,3.1,>=2.0.0rc0,,2024-06-04T12:31:05Z,,2024-10-22T05:29:02.304211Z,
mlflow,pip,Combined OSV+NVD,low,CVE-2024-1594,CWE-22,3.0,>=0,,2024-04-16T00:30:33Z,,2025-02-04T08:11:49.542989Z,
mlflow,pip,Combined OSV+NVD,low,CVE-2024-4263,CWE-284,3.0,>=0,2.10.1,2024-05-16T09:33:08Z,,2025-02-04T08:11:57.619526Z,
mlflow,pip,Combined OSV+NVD,low,CVE-2024-37061,CWE-94,3.1,>=1.11.0,,2024-06-04T12:31:05Z,,2024-06-08T08:14:05.806450Z,
mlflow,pip,Combined OSV+NVD,low,CVE-2024-6838,CWE-400,3.0,>=0,,2025-03-20T12:32:45Z,,2025-04-02T07:57:00.982079Z,
mlflow,pip,Combined OSV+NVD,low,CVE-2023-6977,CWE-29,3.1,>=0,2.9.2,2023-12-20T06:30:25Z,,2025-02-14T05:26:48.861071Z,
mlflow,pip,Combined OSV+NVD,low,CVE-2024-27134,CWE-276;CWE-367,3.1,>=0,2.16.0,2024-11-25T14:15:06Z,,2025-02-03T16:57:04.978745Z,
mlflow,pip,Combined OSV+NVD,low,CVE-2024-3848,CWE-29;CWE-22,3.1,>=0,2.12.1,2024-05-16T09:15:14Z,,2025-04-08T11:13:14.075181Z,
mlflow,pip,Combined OSV+NVD,low,CVE-2023-6753,CWE-22,3.1,>=0,2.9.2,2023-12-13T00:15:07Z,,2025-04-09T17:59:29.288853Z,
mlflow,pip,Combined OSV+NVD,low,CVE-2023-6568,CWE-79,3.1,>=0,2.9.1,2023-12-07T05:15:00Z,,2024-04-16T15:41:50.836200Z,
mlflow,pip,Combined OSV+NVD,high,CVE-2023-30172,CWE-22,7.5,>=0,2.0.1,2023-05-11T02:15:00Z,,2023-12-06T01:02:59.619104Z,
mlflow,pip,Combined OSV+NVD,low,CVE-2024-37059,CWE-502,3.1,>=0.5.0,,2024-06-04T12:31:05Z,,2025-09-29T19:39:54.077974Z,
mlflow,pip,Combined OSV+NVD,critical,CVE-2023-2780,CWE-29,9.8,>=0,2.3.1,2023-05-17T21:15:00Z,,2023-12-06T01:02:56.570483Z,
mlflow,pip,Combined OSV+NVD,low,CVE-2023-1176,CWE-36,3.3,>=0,2.2.2,2023-03-24T15:15:00Z,,2023-12-06T01:02:46.652090Z,
mlflow,pip,Combined OSV+NVD,low,CVE-2023-43472,,3.1,>=0,2.9.0,2023-12-05T09:33:26Z,,2024-02-16T08:20:31.692696Z,
mlflow,pip,Combined OSV+NVD,low,CVE-2023-6976,CWE-434,3.0,>=0,2.9.2,2023-12-20T06:30:25Z,,2024-02-16T08:15:12.366032Z,
mlflow,pip,Combined OSV+NVD,medium,CVE-2025-52967,CWE-918,5.8,>=0,3.1.0,2025-06-23T15:15:29Z,,2025-09-25T09:27:11.132516Z,
mlflow,pip,Combined OSV+NVD,low,CVE-2024-37055,CWE-502,3.1,>=1.24.0,,2024-06-04T12:31:04Z,,2024-10-22T05:29:01.009560Z,
mlflow,pip,Combined OSV+NVD,high,CVE-2023-2356,CWE-23,7.5,>=0,2.3.1,2023-04-28T00:15:00Z,,2023-12-06T01:02:50.845860Z,
mlflow,pip,Combined OSV+NVD,low,CVE-2023-1177,CWE-29;CWE-22,3.1,>=0,2.2.1,2023-03-24T22:01:09Z,,2024-10-01T19:36:44.460363Z,
duckdb,pip,Combined OSV+NVD,low,CVE-2024-41672,CWE-200,3.1,>=0,1.1.0,2024-07-24T18:15:05Z,,2025-01-21T21:26:53.415979Z,
duckdb,pip,Combined OSV+NVD,low,CVE-2024-22682,,3.1,>=0,0.9.3.dev6,2024-01-30T01:16:00Z,,2024-02-06T01:11:38.987577Z,
fastmcp,pip,Combined OSV+NVD,medium,CVE-2025-62800,CWE-79,6.1,>=0,2.13.0,2025-10-29T15:38:29Z,,2025-10-29T15:51:47.307767Z,
fastmcp,pip,Combined OSV+NVD,high,CVE-2025-62801,CWE-78,7.8,>=0,2.13.0,2025-10-29T15:39:03Z,,2025-10-29T15:52:48.354703Z,
pypdf2,pip,Combined OSV+NVD,low,CVE-2023-36464,CWE-835,3.1,>=2.2.0,,2023-06-30T20:33:57Z,,2024-02-16T08:11:47.539811Z,
pypdf,pip,Combined OSV+NVD,high,CVE-2025-55197,CWE-400;CWE-770,7.5,>=0,6.0.0,2025-08-13T19:51:24Z,,2025-08-14T14:22:18.554067Z,
pypdf,pip,Combined OSV+NVD,high,CVE-2025-62708,CWE-409,7.5,>=0,6.1.3,2025-10-22T19:40:50Z,,2025-10-23T18:04:21.093320Z,
pypdf,pip,Combined OSV+NVD,high,CVE-2025-62707,CWE-834,7.5,>=0,6.1.3,2025-10-22T19:40:47Z,,2025-10-23T18:02:06.950010Z,
pypdf,pip,Combined OSV+NVD,low,CVE-2023-46250,CWE-835,3.1,>=3.7.0,3.17.0,2023-10-31T22:22:50Z,,2024-02-16T08:11:59.071972Z,
python-jose,pip,Combined OSV+NVD,medium,CVE-2024-33663,CWE-327,6.5,>=0,3.4.0,2024-04-26T00:15:09Z,,2025-02-18T19:41:58.671860Z,
python-jose,pip,Combined OSV+NVD,medium,CVE-2024-33664,CWE-400,5.3,>=0,3.4.0,2024-04-26T00:15:09Z,,2025-02-18T19:41:55.679606Z,
streamlit,pip,Combined OSV+NVD,medium,CVE-2023-27494,CWE-79,5.9,>=0.63.0,0.81.0,2023-03-16T21:15:00Z,,2023-11-08T04:12:05.345176Z,
streamlit,pip,Combined OSV+NVD,low,CVE-2024-42474,CWE-22,3.1,>=0,1.37.0,2024-08-12T17:15:17Z,,2024-11-25T21:57:18.231114Z,
keras,pip,Combined OSV+NVD,unknown,CVE-2025-12060,CWE-22,,>=0,3.12.0,2025-10-30T18:31:10Z,,2025-10-31T19:27:49.789100Z,
keras,pip,Combined OSV+NVD,low,CVE-2025-9906,CWE-502,3.1,>=0,3.11.0,2025-09-19T09:31:14Z,,2025-09-23T22:16:41.226671Z,
keras,pip,Combined OSV+NVD,high,CVE-2025-9905,CWE-913,7.3,>=3.0.0,3.11.3,2025-09-19T20:12:05Z,,2025-09-19T20:44:35.374925Z,
keras,pip,Combined OSV+NVD,critical,CVE-2025-1550,CWE-94,9.8,>=3.0.0,3.9.0,2025-03-11T20:07:32Z,,2025-03-11T20:27:01.848890Z,
keras,pip,Combined OSV+NVD,low,CVE-2025-8747,CWE-502,3.1,>=3.0.0,3.11.0,2025-08-12T19:33:07Z,,2025-08-12T20:27:29.732947Z,
keras,pip,Combined OSV+NVD,medium,CVE-2024-55459,CWE-494,6.5,>=0,,2025-01-08T18:30:48Z,,2025-01-08T20:12:24.613726Z,
keras,pip,Combined OSV+NVD,low,CVE-2025-49655,CWE-502,3.1,>=3.11.0,3.11.3,2025-10-17T18:31:07Z,,2025-10-17T20:44:44.182244Z,
keras,pip,Combined OSV+NVD,unknown,CVE-2025-12058,CWE-502,,>=0,3.12.0,2025-10-29T09:30:22Z,,2025-10-29T16:27:44.646455Z,
keras,pip,Combined OSV+NVD,low,CVE-2024-3660,CWE-94,3.1,>=0,2.13.1rc0,2024-04-16T21:31:28Z,,2024-08-02T16:42:04.551524Z,
apache-airflow-providers-cncf-kubernetes,pip,Combined OSV+NVD,low,CVE-2023-33234,CWE-74,3.1,>=5.0.0,7.0.0,2023-07-06T21:15:06Z,,2024-02-16T08:15:18.459761Z,
apache-airflow,pip,Combined OSV+NVD,low,CVE-2023-51702,CWE-532;CWE-312,3.1,>=2.3.0,2.6.1,2024-01-24T15:30:30Z,,2024-02-16T08:23:48.327726Z,
apache-airflow-providers-snowflake,pip,Combined OSV+NVD,critical,CVE-2025-50213,CWE-75,9.8,>=0,6.4.0,2025-06-24T08:15:24Z,,2025-06-27T21:41:53.835867Z,
pypdf2,pip,Combined OSV+NVD,low,CVE-2023-36807,CWE-835,3.1,>=2.10.5,2.10.6,2023-06-30T22:19:39Z,,2023-11-08T04:12:58.698600Z,
pypdf2,pip,Combined OSV+NVD,low,CVE-2023-36810,CWE-407,3.1,>=0,1.27.9,2023-06-30T22:17:52Z,,2025-02-18T05:26:54.551457Z,
apache-airflow-providers-fab,pip,Combined OSV+NVD,low,CVE-2024-42447,CWE-613,3.1,>=1.2.0,1.2.2,2024-08-05T09:30:26Z,,2025-03-19T15:59:08.727408Z,
apache-airflow-providers-fab,pip,Combined OSV+NVD,high,CVE-2024-45033,CWE-613,8.1,>=0,1.5.2,2025-01-08T09:30:38Z,,2025-01-08T16:27:30.234258Z,
reportlab,pip,Combined OSV+NVD,low,CVE-2023-33733,CWE-94,3.1,>=0,3.6.13,2023-06-05T18:30:27Z,,2025-01-08T22:03:37.862924Z,
reportlab,pip,Combined OSV+NVD,low,CVE-2019-19450,CWE-91,3.1,>=0,3.5.31,2023-09-20T15:30:51Z,,2024-04-28T06:46:00.915007Z,
apache-airflow-providers-google,pip,Combined OSV+NVD,low,CVE-2023-25691,CWE-20,3.1,>=0,8.10.0,2023-02-24T12:31:20Z,,2023-11-08T04:11:54.397623Z,
apache-airflow-providers-google,pip,Combined OSV+NVD,low,CVE-2023-25692,CWE-20,3.1,>=0,8.10.0,2023-02-24T12:31:20Z,,2023-11-08T04:11:54.459145Z,
apache-airflow,pip,Combined OSV+NVD,low,CVE-2023-22884,CWE-77,3.1,>=0,2.5.1,2023-01-21T15:30:18Z,,2025-03-31T17:06:52.233353Z,
apache-airflow-providers-mysql,pip,Combined OSV+NVD,low,CVE-2025-27018,CWE-89,3.1,>=0,6.2.0,2025-03-19T09:30:27Z,,2025-03-25T20:28:38.682161Z,
djangorestframework,pip,Combined OSV+NVD,low,CVE-2024-21520,CWE-79,3.1,>=0,3.15.2,2024-06-26T06:30:29Z,,2024-12-31T15:45:59.307678Z,
avro,pip,Combined OSV+NVD,low,CVE-2023-39410,CWE-502,3.1,>=0,1.11.3,2023-09-29T17:15:00Z,,2023-11-08T04:13:13.843377Z,
markdownify,pip,Combined OSV+NVD,low,CVE-2025-46656,CWE-1284,3.1,>=0,0.14.1,2025-04-27T00:30:34Z,,2025-04-28T15:27:12.172939Z,
pdfminer-six,pip,Combined OSV+NVD,low,CVE-2025-64512,CWE-502,3.1,>=0,20251107,2025-11-07T20:52:24Z,,2025-11-12T02:44:11.803638Z,
onnx,pip,Combined OSV+NVD,low,CVE-2024-5187,CWE-22,3.0,>=0,1.16.2,2024-06-06T21:30:37Z,,2025-10-09T22:12:15.124706Z,
onnx,pip,Combined OSV+NVD,high,CVE-2022-25882,CWE-22,7.5,>=0,1.13.0,2023-01-26T21:15:00Z,,2023-11-08T04:08:50.586068Z,
onnx,pip,Combined OSV+NVD,low,CVE-2024-7776,CWE-22,3.1,>=0,1.16.2,2025-03-20T10:15:37Z,,2025-03-26T19:57:31.967399Z,
onnx,pip,Combined OSV+NVD,low,CVE-2024-27319,CWE-125,3.1,>=0,1.16.0,2024-02-23T18:15:50Z,,2025-01-22T16:56:45.397855Z,
onnx,pip,Combined OSV+NVD,low,CVE-2024-27318,CWE-22,3.1,>=0,1.16.0,2024-02-23T18:15:50Z,,2025-01-22T16:56:46.917347Z,
pymdown-extensions,pip,Combined OSV+NVD,low,CVE-2023-32309,CWE-22,3.1,>=1.5,10.0,2023-05-15T20:50:23Z,,2025-02-21T05:42:27.925721Z,
apache-airflow,pip,Combined OSV+NVD,low,CVE-2024-31869,CWE-200,3.1,>=2.7.0,2.9.0,2024-04-18T09:30:44Z,,2025-02-11T19:26:03.596405Z,
apache-airflow,pip,Combined OSV+NVD,high,CVE-2023-39508,CWE-250;CWE-200,8.8,>=0,2.6.0,2023-08-05T07:15:00Z,,2023-12-06T01:03:10.658172Z,
apache-airflow,pip,Combined OSV+NVD,low,CVE-2025-62402,CWE-250,3.1,>=3.0.0,3.1.1,2025-10-30T12:31:11Z,,2025-11-06T13:59:33.774698Z,
apache-airflow,pip,Combined OSV+NVD,medium,CVE-2023-35908,CWE-863,6.5,>=0,2.6.3,2023-07-12T10:15:00Z,,2023-12-06T01:03:05.293810Z,
apache-airflow,pip,Combined OSV+NVD,medium,CVE-2023-42663,CWE-200,6.5,>=0,2.7.2,2023-10-14T10:15:00Z,,2023-12-06T01:03:13.162274Z,
apache-airflow,pip,Combined OSV+NVD,medium,CVE-2023-36543,CWE-1333,6.5,>=0,2.6.3,2023-07-12T10:15:00Z,,2023-12-06T01:03:06.746929Z,
apache-airflow,pip,Combined OSV+NVD,low,CVE-2022-40954,CWE-78,3.1,>=0,2.3.0,2022-11-22T12:30:22Z,,2024-02-16T08:14:03.825201Z,
apache-airflow,pip,Combined OSV+NVD,low,CVE-2024-32077,CWE-79,3.1,>=2.9.0,2.9.1,2024-05-14T18:31:00Z,,2025-02-13T19:13:49.068323Z,
apache-airflow,pip,Combined OSV+NVD,low,CVE-2023-50783,CWE-284,3.1,>=0,2.8.0,2023-12-21T10:15:00Z,,2024-11-21T14:57:10.153468Z,
apache-airflow,pip,Combined OSV+NVD,medium,CVE-2023-22888,CWE-20,6.5,>=0,2.6.3,2023-07-12T10:15:00Z,,2023-12-06T01:02:50.419197Z,
apache-airflow-providers-imap,pip,Combined OSV+NVD,low,CVE-2023-39441,CWE-295,3.1,>=0,3.3.0,2023-08-23T18:30:34Z,,2024-03-06T23:48:11.082260Z,
apache-airflow-providers-celery,pip,Combined OSV+NVD,low,CVE-2023-46215,CWE-532,3.1,>=3.3.0,3.4.1,2023-10-28T09:30:44Z,,2025-02-13T19:36:07.618738Z,
apache-airflow,pip,Combined OSV+NVD,low,CVE-2023-49920,CWE-352,3.1,>=2.7.0,2.8.0b1,2023-12-21T10:15:00Z,,2024-11-21T14:56:59.723080Z,
apache-airflow,pip,Combined OSV+NVD,high,CVE-2022-40127,CWE-94,8.8,>=0,2.4.0,2022-11-14T10:15:00Z,,2023-12-06T01:02:34.156484Z,
apache-airflow,pip,Combined OSV+NVD,medium,CVE-2024-27906,CWE-862,5.9,>=0,2.8.2,2024-02-29T11:15:08Z,,2025-05-01T21:59:03.290260Z,
apache-airflow,pip,Combined OSV+NVD,medium,CVE-2024-26280,CWE-276,4.7,>=0,2.8.2,2024-03-01T11:15:00Z,,2024-04-01T07:26:39.197835Z,
apache-airflow,pip,Combined OSV+NVD,low,CVE-2022-38649,CWE-78,3.1,>=0,2.3.0,2022-11-22T12:30:22Z,,2024-03-06T23:27:04.966171Z,
apache-airflow,pip,Combined OSV+NVD,low,CVE-2023-48291,CWE-668,3.1,>=0,2.8.0,2023-12-21T10:15:00Z,,2024-11-21T14:57:12.800356Z,
apache-airflow,pip,Combined OSV+NVD,high,CVE-2024-45034,CWE-250,8.8,>=0,2.10.1,2024-09-07T08:15:11Z,,2025-01-19T22:56:51.960178Z,
apache-airflow,pip,Combined OSV+NVD,low,CVE-2023-46288,CWE-200,3.1,>=2.4.0,2.7.0,2023-10-23T19:15:00Z,,2023-12-06T01:03:16.002639Z,
apache-airflow,pip,Combined OSV+NVD,low,CVE-2024-25142,CWE-525,3.1,>=0,2.9.2,2024-06-14T09:15:09Z,,2025-01-19T16:57:02.728413Z,
apache-airflow,pip,Combined OSV+NVD,low,CVE-2024-45498,CWE-116,3.1,>=2.10.0,2.10.1,2024-09-07T09:30:31Z,,2025-06-04T21:30:11.040073Z,
apache-airflow,pip,Combined OSV+NVD,high,CVE-2023-50943,CWE-502,7.5,>=0,2.8.1,2024-01-24T13:15:00Z,,2024-01-31T08:11:27.972033Z,
apache-airflow,pip,Combined OSV+NVD,low,CVE-2024-29735,CWE-281,3.1,>=2.8.2,2.8.4,2024-03-26T18:32:06Z,,2025-02-13T19:13:51.181130Z,
apache-airflow,pip,Combined OSV+NVD,low,CVE-2023-42780,CWE-200,3.1,>=0,2.7.2,2023-10-14T10:15:00Z,,2023-12-06T01:03:13.224212Z,
apache-airflow,pip,Combined OSV+NVD,low,CVE-2023-45348,CWE-200,3.1,>=2.7.0,2.7.2,2023-10-14T10:15:00Z,,2023-12-06T01:03:15.164588Z,
apache-airflow,pip,Combined OSV+NVD,high,CVE-2022-27949,CWE-200,7.5,>=0,2.3.1,2022-11-14T10:15:00Z,,2023-12-06T01:02:10.678982Z,
apache-airflow,pip,Combined OSV+NVD,low,CVE-2024-39877,CWE-94;CWE-277,3.1,>=2.4.0,2.9.3,2024-07-17T08:15:02Z,,2025-01-19T07:56:51.494347Z,
apache-airflow,pip,Combined OSV+NVD,medium,CVE-2023-22887,CWE-22,6.5,>=0,2.6.3,2023-07-12T10:15:00Z,,2023-12-06T01:02:50.356595Z,
apache-airflow,pip,Combined OSV+NVD,low,CVE-2025-62503,CWE-250,3.1,>=3.0.0,3.1.1,2025-10-30T12:31:11Z,,2025-11-06T13:59:57.638094Z,
apache-airflow,pip,Combined OSV+NVD,high,CVE-2024-28746,CWE-281,8.1,>=2.8.0,2.8.3rc1,2024-03-14T09:15:00Z,,2024-04-01T07:26:39.264035Z,
apache-airflow,pip,Combined OSV+NVD,medium,CVE-2023-25695,CWE-209,5.3,>=0,2.5.2,2023-03-15T10:15:00Z,,2023-12-06T01:02:54.832820Z,
apache-airflow,pip,Combined OSV+NVD,medium,CVE-2023-47037,CWE-863,4.3,>=0,2.7.3,2023-11-12T14:15:00Z,,2023-11-21T08:12:43.320999Z,
apache-airflow,pip,Combined OSV+NVD,low,CVE-2023-42792,CWE-668,3.1,>=0,2.7.2,2023-10-14T10:15:00Z,,2023-12-06T01:03:13.285842Z,
apache-airflow,pip,Combined OSV+NVD,low,CVE-2024-39863,CWE-79,3.1,>=0,2.9.3,2024-07-17T08:15:01Z,,2025-01-19T07:56:44.681970Z,
apache-airflow,pip,Combined OSV+NVD,low,CVE-2024-50378,CWE-201,3.1,>=0,2.10.3,2024-11-08T15:31:12Z,,2025-07-11T15:35:14.302666Z,
apache-airflow,pip,Combined OSV+NVD,critical,CVE-2023-25754,CWE-270,9.8,>=0,2.6.0,2023-05-08T12:15:00Z,,2023-11-15T08:58:36.705215Z,
apache-airflow,pip,Combined OSV+NVD,medium,CVE-2023-35005,CWE-200,6.5,>=2.5.0,2.6.2,2023-06-19T09:15:00Z,,2023-12-06T01:03:04.146747Z,
apache-airflow,pip,Combined OSV+NVD,medium,CVE-2023-40712,CWE-200,6.5,>=0,2.7.1,2023-09-12T12:15:00Z,,2023-12-06T01:03:12.137835Z,
apache-airflow,pip,Combined OSV+NVD,low,CVE-2023-40273,CWE-384,3.1,>=0,2.7.1rc1,2023-08-23T16:15:00Z,,2023-12-06T01:03:11.830334Z,
apache-airflow,pip,Combined OSV+NVD,low,CVE-2023-47265,CWE-79,3.1,>=2.6.0,2.8.0b1,2023-12-21T10:15:00Z,,2024-11-21T14:57:13.289396Z,
apache-airflow,pip,Combined OSV+NVD,medium,CVE-2025-54831,CWE-213,6.5,>=3.0.3,3.0.4,2025-09-26T09:31:11Z,,2025-11-05T20:52:38.850754Z,
apache-airflow,pip,Combined OSV+NVD,medium,CVE-2023-42781,CWE-200,6.5,>=0,2.7.3,2023-11-12T14:15:00Z,,2023-11-21T08:12:34.907724Z,
apache-airflow,pip,Combined OSV+NVD,medium,CVE-2022-45402,CWE-601,6.1,>=0,2.4.3,2022-11-15T09:15:00Z,,2023-12-06T01:02:42.705779Z,
apache-airflow,pip,Combined OSV+NVD,low,CVE-2022-40189,CWE-78,3.1,>=0,2.3.0,2022-11-22T12:30:22Z,,2023-12-06T01:02:34.286902Z,
apache-airflow,pip,Combined OSV+NVD,medium,CVE-2025-54941,CWE-78,4.6,>=3.0.0,3.0.5,2025-10-30T12:31:11Z,,2025-11-06T13:59:43.936843Z,
apache-airflow,pip,Combined OSV+NVD,medium,CVE-2023-29247,CWE-79,5.4,>=0,2.6.0,2023-05-08T10:15:00Z,,2023-12-06T01:02:58.954689Z,
apache-airflow,pip,Combined OSV+NVD,medium,CVE-2023-50944,CWE-862,6.5,>=0,2.8.1,2024-01-24T13:15:00Z,,2024-01-31T08:11:22.528769Z,
apache-airflow,pip,Combined OSV+NVD,low,CVE-2024-41937,CWE-79,3.1,>=0,2.10.0,2024-08-21T16:15:08Z,,2025-01-19T04:57:03.218076Z,
apache-airflow,pip,Combined OSV+NVD,medium,CVE-2023-40611,CWE-863,4.3,>=0,2.7.1,2023-09-12T12:15:00Z,,2023-12-06T01:03:12.078670Z,
apache-airflow,pip,Combined OSV+NVD,low,CVE-2023-37379,CWE-400;CWE-200;CWE-918,3.1,>=0,2.7.0,2023-08-23T16:15:00Z,,2023-12-06T01:03:08.060654Z,
apache-airflow,pip,Combined OSV+NVD,medium,CVE-2022-46651,CWE-200,6.5,>=0,2.6.3,2023-07-12T10:15:00Z,,2023-12-06T01:02:43.431407Z,
apache-airflow,pip,Combined OSV+NVD,high,CVE-2023-39553,CWE-20,7.5,>=0,2.4.3,2023-08-11T08:15:00Z,,2023-11-08T04:13:15.006130Z,
apache-airflow,pip,Combined OSV+NVD,high,CVE-2023-28707,CWE-20,7.5,>=0,2.3.2,2023-04-07T15:15:00Z,,2023-11-08T04:12:14.150220Z,
apache-airflow,pip,Combined OSV+NVD,high,CVE-2024-45784,CWE-1295,7.5,>=0,2.10.3,2024-11-15T09:15:14Z,,2025-01-19T04:56:46.547863Z,
jwcrypto,pip,Combined OSV+NVD,low,CVE-2023-6681,CWE-400,3.1,>=0,1.5.1,2024-02-12T14:15:00Z,,2024-10-10T17:57:34.908615Z,
jwcrypto,pip,Combined OSV+NVD,low,CVE-2024-28102,CWE-770,3.1,>=0,1.5.6,2024-03-06T20:00:56Z,,2024-03-21T18:31:50.707474Z,
langgraph-checkpoint,pip,Combined OSV+NVD,unknown,CVE-2025-64439,CWE-502,,>=0,3.0.0,2025-11-05T19:52:50Z,,2025-11-07T22:09:59.388287Z,
flask-appbuilder,pip,Combined OSV+NVD,low,CVE-2025-58065,CWE-287,3.1,>=0,4.8.1,2025-09-11T16:51:57Z,,2025-09-13T05:10:09.038866Z,
flask-appbuilder,pip,Combined OSV+NVD,low,CVE-2025-32962,CWE-601,3.1,>=0,4.6.2,2025-05-16T17:28:25Z,,2025-05-16T18:28:39.495984Z,
flask-appbuilder,pip,Combined OSV+NVD,low,CVE-2023-29005,CWE-307,3.1,>=0,4.3.0,2023-04-10T16:37:40Z,,2025-03-07T19:25:32.926599Z,
flask-appbuilder,pip,Combined OSV+NVD,low,CVE-2024-27083,CWE-79,3.1,>=4.1.4,4.2.1,2024-02-28T18:37:01Z,,2025-04-01T23:29:18.158700Z,
flask-appbuilder,pip,Combined OSV+NVD,low,CVE-2024-45314,CWE-525,3.1,>=0,4.5.1,2024-09-04T18:12:16Z,,2024-11-26T05:40:34.226641Z,
flask-appbuilder,pip,Combined OSV+NVD,low,CVE-2024-25128,CWE-287,3.1,>=0,4.3.11,2024-02-28T18:37:06Z,,2024-03-01T15:10:29.933315Z,
flask-appbuilder,pip,Combined OSV+NVD,low,CVE-2023-34110,CWE-209,2.7,>=0,4.3.2,2023-06-22T23:15:00Z,,2023-11-08T04:12:44.362034Z,
flask-appbuilder,pip,Combined OSV+NVD,low,CVE-2025-24023,CWE-203;CWE-204,3.1,>=0,4.5.3,2025-03-03T16:15:41Z,,2025-04-09T17:59:13.715799Z,
lightgbm,pip,Combined OSV+NVD,low,CVE-2024-43598,CWE-122,3.1,>=0,4.6.0,2024-11-12T18:15:28Z,,2025-02-18T19:41:59.478178Z,
gradio,pip,Combined OSV+NVD,low,CVE-2024-47871,CWE-311,3.1,>=0,5.0.0,2024-10-10T23:15:03Z,,2025-01-19T22:56:53.819097Z,
gradio,pip,Combined OSV+NVD,low,CVE-2024-34511,,3.1,>=0,4.13.0,2024-05-05T21:30:31Z,,2024-11-30T05:30:08.437532Z,
gradio,pip,Combined OSV+NVD,low,CVE-2024-47166,CWE-22,3.1,>=0,4.44.0,2024-10-10T22:15:10Z,,2025-01-19T16:57:03.769875Z,
gradio,pip,Combined OSV+NVD,low,CVE-2024-47084,CWE-285,3.1,>=0,4.44.0,2024-10-10T22:15:10Z,,2025-01-19T16:57:02.275267Z,
gradio,pip,Combined OSV+NVD,low,CVE-2024-1728,CWE-22,3.0,>=0,4.19.2,2024-04-10T18:30:48Z,,2024-04-10T22:28:48.310589Z,
gradio,pip,Combined OSV+NVD,low,CVE-2024-48052,CWE-918,3.1,>=0,,2024-11-05T00:31:28Z,,2024-11-07T15:42:50.238036Z,
gradio,pip,Combined OSV+NVD,high,CVE-2023-34239,CWE-20,7.3,>=0,3.34.0,2023-06-08T00:15:00Z,,2023-11-08T04:12:45.338826Z,
gradio,pip,Combined OSV+NVD,medium,CVE-2023-25823,CWE-798,5.4,>=0,3.13.1,2023-02-23T22:15:00Z,,2023-11-08T04:11:56.117748Z,
gradio,pip,Combined OSV+NVD,low,CVE-2024-1727,CWE-352,3.1,>=0,4.19.2,2024-05-21T14:43:50Z,,2024-05-21T15:12:35.101662Z,
gradio,pip,Combined OSV+NVD,low,CVE-2024-47868,CWE-22;CWE-200,3.1,>=0,5.0.0,2024-10-10T23:15:02Z,,2025-01-19T22:56:53.294838Z,
gradio,pip,Combined OSV+NVD,low,CVE-2024-47167,CWE-918,3.1,>=0,5.0.0,2024-10-10T22:15:11Z,,2025-01-19T22:56:45.226647Z,
gradio,pip,Combined OSV+NVD,low,CVE-2024-8966,CWE-770,3.0,>=0,,2025-03-20T12:32:49Z,,2025-10-16T08:45:29.164327Z,
gradio,pip,Combined OSV+NVD,low,CVE-2023-51449,CWE-22,3.1,>=0,4.11.0,2023-12-22T21:15:00Z,,2024-01-17T11:41:26.397785Z,
gradio,pip,Combined OSV+NVD,low,CVE-2024-4941,CWE-22,3.1,>=0,4.31.4,2024-06-06T18:15:18Z,,2025-01-19T04:56:43.973011Z,
gradio,pip,Combined OSV+NVD,low,CVE-2024-47164,CWE-22,3.1,>=0,5.0.0,2024-10-10T22:15:10Z,,2025-01-19T22:56:51.678860Z,
gradio,pip,Combined OSV+NVD,low,CVE-2024-8021,CWE-601,3.0,>=0,,2025-03-20T12:32:47Z,,2025-03-21T21:45:28.785186Z,
gradio,pip,Combined OSV+NVD,low,CVE-2024-10569,CWE-475,3.0,>=4.0.0,,2025-03-20T12:32:39Z,,2025-03-20T20:59:16.359127Z,
gradio,pip,Combined OSV+NVD,low,CVE-2024-47165,CWE-285,3.1,>=0,5.0.0,2024-10-10T22:15:10Z,,2025-01-19T22:56:52.587676Z,
gradio,pip,Combined OSV+NVD,low,CVE-2024-47867,CWE-345,3.1,>=0,5.0.0,2024-10-10T23:15:02Z,,2025-01-19T22:56:50.494035Z,
gradio,pip,Combined OSV+NVD,low,CVE-2025-48889,CWE-434,3.1,>=0,5.31.0,2025-05-29T22:36:59Z,,2025-05-30T16:01:22.198619Z,
gradio,pip,Combined OSV+NVD,low,CVE-2024-4325,CWE-918,3.0,>=0,,2024-06-06T18:30:58Z,,2024-06-06T22:42:19.321259Z,
gradio,pip,Combined OSV+NVD,low,CVE-2024-0964,CWE-22,3.0,>=0,4.9.0,2024-02-06T00:30:28Z,,2024-02-16T08:23:18.563799Z,
gradio,pip,Combined OSV+NVD,low,CVE-2024-4940,CWE-601,3.0,>=0,,2024-06-22T06:30:37Z,,2024-06-25T02:48:22.579502Z,
gradio,pip,Combined OSV+NVD,low,CVE-2024-1561,CWE-29,3.0,>=0,4.13.0,2024-04-16T00:30:33Z,,2024-05-10T17:11:29.098318Z,
gradio,pip,Combined OSV+NVD,low,CVE-2023-6572,CWE-77,3.1,>=0,4.14.0,2023-12-14T14:15:00Z,,2024-02-28T19:26:26.212484Z,
gradio,pip,Combined OSV+NVD,low,CVE-2024-47872,CWE-79,3.1,>=0,5.0.0,2024-10-10T23:15:03Z,,2025-01-19T22:56:51.887142Z,
gradio,pip,Combined OSV+NVD,low,CVE-2024-47168,CWE-670,3.1,>=0,4.44.0,2024-10-10T22:15:11Z,,2025-01-19T16:57:00.653197Z,
gradio,pip,Combined OSV+NVD,low,CVE-2024-1729,CWE-367,3.0,>=0,4.19.2,2024-02-22T22:09:22Z,,2024-03-29T14:47:39.020989Z,
gradio,pip,Combined OSV+NVD,high,CVE-2025-23042,CWE-285,7.5,>=0,5.11.0,2025-01-14T16:32:22Z,,2025-01-14T22:10:27.233901Z,
gradio,pip,Combined OSV+NVD,low,CVE-2024-47869,CWE-203,3.1,>=0,4.44.0,2024-10-10T23:15:02Z,,2025-01-19T16:57:03.327577Z,
gradio,pip,Combined OSV+NVD,low,CVE-2024-10648,CWE-29,3.0,>=4.0.0,,2025-03-20T12:32:39Z,,2025-03-20T20:59:16.442455Z,
gradio,pip,Combined OSV+NVD,low,CVE-2024-12217,CWE-22,3.0,>=0,,2025-03-20T12:32:42Z,,2025-03-21T17:43:17.170420Z,
gradio,pip,Combined OSV+NVD,low,CVE-2024-1183,CWE-601,3.0,>=0,4.10.0,2024-04-16T00:30:32Z,,2024-04-16T18:27:02.228705Z,
gradio,pip,Combined OSV+NVD,low,CVE-2024-2206,CWE-918,3.0,>=0,4.18.0,2024-03-27T03:31:16Z,,2024-04-16T16:01:04.180599Z,
gradio,pip,Combined OSV+NVD,low,CVE-2024-51751,CWE-22,3.1,>=5.0.0,5.5.0,2024-11-06T16:29:57Z,,2024-11-07T00:20:31.840171Z,
gradio,pip,Combined OSV+NVD,high,CVE-2024-34510,CWE-116,7.5,>=0,4.20.0,2024-05-05T20:15:07Z,,2025-06-17T23:00:14.947855Z,
gradio,pip,Combined OSV+NVD,low,CVE-2024-10624,CWE-1333,3.0,>=4.38.0,,2025-03-20T12:32:39Z,,2025-10-16T08:05:54.734184Z,
gradio,pip,Combined OSV+NVD,low,CVE-2023-41626,CWE-434,3.1,>=0,,2023-09-16T00:30:30Z,,2024-02-16T07:56:42.138723Z,
gradio,pip,Combined OSV+NVD,low,CVE-2025-5320,CWE-345;CWE-346,3.1,>=5.0.0,,2025-05-29T15:31:09Z,,2025-06-05T01:27:11.552694Z,
gradio,pip,Combined OSV+NVD,low,CVE-2024-47870,CWE-362,3.1,>=0,5.0.0,2024-10-10T23:15:03Z,,2025-01-19T22:56:53.228101Z,
pycares,pip,Combined OSV+NVD,unknown,CVE-2025-48945,CWE-416,,>=0,4.9.0,2025-06-16T16:09:47Z,,2025-10-16T05:13:45.888782Z,
python-socketio,pip,Combined OSV+NVD,low,CVE-2025-61765,CWE-502,3.1,>=0.8.0,5.14.0,2025-10-07T12:55:22Z,,2025-10-22T19:08:38.632479Z,
twisted,pip,Combined OSV+NVD,low,CVE-2024-41671,CWE-444,3.1,>=0,24.7.0rc1,2024-07-29T16:33:11Z,,2025-11-04T17:06:06.905033Z,
twisted,pip,Combined OSV+NVD,low,CVE-2024-41810,CWE-80;CWE-79,3.1,>=0,24.7.0rc1,2024-07-29T16:15:00Z,,2024-09-11T19:42:11.394508Z,
twisted,pip,Combined OSV+NVD,low,CVE-2023-46137,CWE-444,3.1,>=0,23.10.0rc1,2023-10-25T21:15:00Z,,2023-11-08T04:13:41.189622Z,
asyncssh,pip,Combined OSV+NVD,low,CVE-2023-46446,CWE-639,3.1,>=0,2.14.1,2023-11-14T03:15:00Z,,2023-11-20T09:41:30.111365Z,
asyncssh,pip,Combined OSV+NVD,low,CVE-2023-46445,CWE-345,3.1,>=0,2.14.1,2023-11-14T03:15:00Z,,2023-11-17T17:41:55.151148Z,
pytorch-lightning,pip,Combined OSV+NVD,low,CVE-2024-8019,CWE-434,3.0,>=0,2.4.0,2025-03-20T12:32:46Z,,2025-03-21T22:05:50.842138Z,
pytorch-lightning,pip,Combined OSV+NVD,low,CVE-2024-8020,CWE-248,3.0,>=0,,2025-03-20T12:32:47Z,,2025-03-21T22:05:50.909650Z,
ansible-core,pip,Combined OSV+NVD,low,CVE-2024-9902,CWE-863,3.1,>=0 >=2.15.0b1 >=2.16.0b1 >=2.17.0b1 >=2.18.0b1,2.14.18rc1,2024-11-06T12:31:32Z,,2025-11-04T17:18:24.883102Z,
ansible-core,pip,Combined OSV+NVD,low,CVE-2023-5764,CWE-1336,3.1,>=2.16.0 >=2.15.0 >=0,2.16.1,2023-12-13T00:30:37Z,,2024-09-16T21:21:58.520139Z,
ansible-core,pip,Combined OSV+NVD,low,CVE-2024-11079,CWE-20,3.1,>=2.18.0b1 >=2.17.0b1 >=0,2.18.1rc1,2024-11-12T00:30:36Z,,2024-12-18T06:34:51.928054Z,
ansible-core,pip,Combined OSV+NVD,low,CVE-2024-0690,CWE-117;CWE-116,3.1,>=2.16.0 >=2.15.0 >=0,2.16.3,2024-02-06T12:15:00Z,,2024-02-14T07:56:38.927339Z,
ansible-core,pip,Combined OSV+NVD,low,CVE-2024-8775,CWE-532,3.1,>=2.17.0b1 >=0,2.17.6,2024-09-16T14:37:26Z,,2025-11-04T01:00:17.822354Z,
ansible-core,pip,Combined OSV+NVD,low,CVE-2023-4237,CWE-497,3.1,>=2.8.0,,2023-10-04T15:30:35Z,,2024-02-16T08:30:57.285495Z,
ansible,pip,Combined OSV+NVD,low,CVE-2023-5115,CWE-36;CWE-22,3.1,>=0,8.5.0,2023-12-28T21:30:37Z,,2024-12-06T18:22:27.539487Z,
cbor2,pip,Combined OSV+NVD,low,CVE-2024-26134,CWE-120,3.1,>=5.5.1,5.6.2,2024-02-19T23:15:07Z,,2025-01-14T05:57:14.977974Z,
patchelf,pip,Combined OSV+NVD,low,CVE-2022-44940,CWE-125,3.1,>=0,0.16.1.0,2022-12-19T22:15:00Z,,2024-11-25T22:42:12.915518Z,
qdrant-client,pip,Combined OSV+NVD,low,CVE-2024-3829,CWE-59,3.0,>=0,1.9.0,2024-06-03T12:30:38Z,,2025-10-16T07:57:43.317612Z,
yt-dlp,pip,Combined OSV+NVD,low,CVE-2023-46121,CWE-444,3.1,>=2022.10.04,2023.11.14,2023-11-15T14:48:24Z,,2024-02-16T08:21:55.242071Z,
yt-dlp,pip,Combined OSV+NVD,low,CVE-2023-40581,CWE-78,3.1,>=2021.04.11,2023.09.24,2023-09-25T17:33:40Z,,2025-01-14T12:11:53.432563Z,
yt-dlp,pip,Combined OSV+NVD,low,CVE-2024-38519,CWE-669,3.1,>=0,2024.07.01,2024-07-02T15:58:35Z,,2025-01-14T12:26:54.765069Z,
yt-dlp,pip,Combined OSV+NVD,low,CVE-2024-22423,CWE-78,3.1,>=2021.04.11,2024.04.09,2024-04-10T17:07:09Z,,2025-01-14T12:12:27.983128Z,
yt-dlp,pip,Combined OSV+NVD,low,CVE-2023-35934,CWE-601;CWE-200,3.1,>=0,2023.7.06,2023-07-06T19:47:40Z,,2024-02-16T07:58:56.043299Z,
pydash,pip,Combined OSV+NVD,high,CVE-2023-26145,CWE-94;CWE-78;CWE-77,7.4,>=0,6.0.0,2023-09-28T05:15:00Z,,2023-11-08T04:11:59.989628Z,
aiomysql,pip,Combined OSV+NVD,unknown,CVE-2025-62611,CWE-73,,>=0,0.3.0,2025-10-22T16:47:10Z,,2025-10-23T18:05:23.703096Z,
eventlet,pip,Combined OSV+NVD,critical,CVE-2025-58068,CWE-444,9.1,>=0,0.40.3,2025-08-29T20:08:24Z,,2025-11-04T16:41:58.060711Z,
cairosvg,pip,Combined OSV+NVD,critical,CVE-2023-27586,CWE-20;CWE-918,9.9,>=0,2.7.0,2023-03-20T16:15:00Z,,2023-11-08T04:12:06.950413Z,
apache-airflow-providers-ftp,pip,Combined OSV+NVD,low,CVE-2024-29733,CWE-295,3.1,>=0,3.7.0,2024-04-21T18:30:36Z,,2024-07-03T20:47:28.357367Z,
llama-index,pip,Combined OSV+NVD,critical,CVE-2024-23751,CWE-89,9.8,>=0,0.9.35,2024-01-22T01:15:00Z,,2024-02-10T01:22:25.611009Z,
llama-index,pip,Combined OSV+NVD,low,CVE-2023-39662,CWE-74,3.1,>=0,0.7.14,2023-08-15T17:15:00Z,,2023-11-08T04:13:15.374204Z,
llama-index,pip,Combined OSV+NVD,low,CVE-2025-6211,CWE-440,3.0,>=0,0.12.41,2025-07-10T15:31:27Z,,2025-07-10T19:12:17.319200Z,
llama-index,pip,Combined OSV+NVD,low,CVE-2025-1752,CWE-674,3.0,>=0.12.15,0.12.21,2025-05-10T15:30:28Z,,2025-10-16T08:05:41.149134Z,
llama-index,pip,Combined OSV+NVD,low,CVE-2024-12704,CWE-835,3.0,>=0,0.12.6,2025-03-20T12:32:43Z,,2025-10-16T03:19:21.727783Z,
llama-index,pip,Combined OSV+NVD,low,CVE-2024-12911,CWE-89,3.0,>=0,0.12.3,2025-03-20T12:32:44Z,,2025-10-15T17:45:25.452221Z,
llama-index,pip,Combined OSV+NVD,low,CVE-2024-12910,CWE-674,3.1,>=0,0.12.9,2025-03-20T10:15:31Z,,2025-04-01T23:57:06.128218Z,
llama-index,pip,Combined OSV+NVD,low,CVE-2024-4181,CWE-94,3.0,>=0,0.10.13,2024-05-16T09:33:08Z,,2024-05-19T02:24:47.649224Z,
llama-index,pip,Combined OSV+NVD,low,CVE-2025-7707,CWE-377,3.0,>=0,0.13.0,2025-10-13T18:31:13Z,,2025-10-13T21:27:23.708030Z,
llama-index,pip,Combined OSV+NVD,low,CVE-2025-1793,CWE-89,3.0,>=0,0.12.28,2025-06-05T06:30:26Z,,2025-06-06T21:12:06.832460Z,
llama-index-core,pip,Combined OSV+NVD,low,CVE-2024-45201,CWE-94,3.1,>=0,0.10.38,2024-08-22T21:31:29Z,,2025-01-21T18:19:46.838889Z,
llama-index-core,pip,Combined OSV+NVD,low,CVE-2025-6209,CWE-29,3.0,>=0.11.23,0.12.41,2025-07-07T15:30:37Z,,2025-07-08T18:56:25.496874Z,
prefect,pip,Combined OSV+NVD,low,CVE-2023-6022,CWE-352,3.1,>=2.0.0,2.16.5,2023-11-16T18:30:31Z,,2024-05-15T14:43:11.741345Z,
prefect,pip,Combined OSV+NVD,low,CVE-2024-8183,CWE-346,3.0,>=3.0.0rc1 >=0,3.0.3,2025-03-20T12:32:47Z,,2025-03-26T16:21:52.498302Z,
waitress,pip,Combined OSV+NVD,low,CVE-2024-49769,CWE-772,3.1,>=0,3.0.1,2024-10-29T15:15:12Z,,2025-01-19T19:56:44.597517Z,
waitress,pip,Combined OSV+NVD,low,CVE-2024-49768,CWE-444;CWE-367,3.1,>=2.0.0,3.0.1,2024-10-29T15:15:11Z,,2025-01-19T19:56:46.402896Z,
lxml-html-clean,pip,Combined OSV+NVD,low,CVE-2024-52595,CWE-79;CWE-83;CWE-184,3.1,>=0,0.4.0,2024-11-19T22:15:21Z,,2025-01-14T05:57:14.493050Z,
sqlfluff,pip,Combined OSV+NVD,medium,CVE-2023-36830,CWE-74,6.3,>=0,2.1.2,2023-07-06T16:15:00Z,,2023-11-08T04:12:59.678098Z,
configobj,pip,Combined OSV+NVD,low,CVE-2023-26112,CWE-1333,3.1,>=0,5.0.9,2023-04-03T06:30:19Z,,2024-12-16T23:01:16.189938Z,
cadwyn,pip,Combined OSV+NVD,high,CVE-2025-53528,CWE-79,7.6,>=0,5.4.3,2025-07-21T21:15:25Z,,2025-07-23T16:12:16.996891Z,
pdm,pip,Combined OSV+NVD,low,CVE-2023-45805,CWE-20,3.1,>=0,,2023-10-20T19:30:23Z,,2024-02-16T08:23:21.390868Z,
dash-html-components,pip,Combined OSV+NVD,low,CVE-2024-21485,CWE-79,3.1,>=0,2.0.0,2024-02-02T06:30:31Z,,2025-05-16T02:37:12.630553Z,
webob,pip,Combined OSV+NVD,low,CVE-2024-42353,CWE-601,3.1,>=0,1.8.8,2024-08-14T21:15:17Z,,2025-01-19T04:56:55.038129Z,
xgrammar,pip,Combined OSV+NVD,low,CVE-2025-32381,CWE-770,3.1,>=0,0.1.18,2025-04-09T13:08:59Z,,2025-04-09T20:27:23.523641Z,
xgrammar,pip,Combined OSV+NVD,low,CVE-2025-57809,CWE-674,3.1,>=0,0.1.21,2025-08-25T20:43:45Z,,2025-09-10T21:41:11.075016Z,
xgrammar,pip,Combined OSV+NVD,high,CVE-2025-58446,CWE-770,7.5,>=0.1.23,0.1.24,2025-09-05T21:10:06Z,,2025-09-10T20:51:27Z,
lightning,pip,Combined OSV+NVD,low,CVE-2024-5452,CWE-913;CWE-915,3.0,>=0,2.3.3,2024-06-06T18:30:58Z,,2024-10-16T19:09:25.183097Z,
lightning,pip,Combined OSV+NVD,low,CVE-2024-5980,CWE-22,3.0,>=0,2.3.3,2024-06-27T21:32:08Z,,2025-10-16T08:04:26.219766Z,
vllm,pip,Combined OSV+NVD,low,CVE-2025-6242,CWE-918,3.1,>=0.5.0,0.11.0,2025-10-07T22:14:15Z,,2025-10-27T20:22:53.808235Z,
vllm,pip,Combined OSV+NVD,low,CVE-2025-46570,CWE-208;CWE-203,2.6,>=0,0.9.0,2025-05-29T17:15:21Z,,2025-06-26T21:44:36.898654Z,
vllm,pip,Combined OSV+NVD,low,CVE-2024-11041,CWE-502,3.0,>=0,,2025-03-20T12:32:41Z,,2025-03-21T17:23:16.625201Z,
vllm,pip,Combined OSV+NVD,low,CVE-2025-61620,,3.1,>=0.5.1,0.11.0,2025-10-07T21:35:22Z,,2025-10-07T21:57:29.225036Z,
vllm,pip,Combined OSV+NVD,medium,CVE-2025-48942,CWE-248,6.5,>=0.8.0,0.9.0,2025-05-30T19:15:30Z,,2025-06-26T21:44:31.167227Z,
vllm,pip,Combined OSV+NVD,low,CVE-2025-9141,,3.1,>=0.10.0,0.10.1.1,2025-08-21T14:46:51Z,,2025-08-21T15:27:26.834588Z,
vllm,pip,Combined OSV+NVD,low,CVE-2025-30202,CWE-770,3.1,>=0.5.2,0.8.5,2025-04-29T14:50:59Z,,2025-05-05T22:39:17.360208Z,
vllm,pip,Combined OSV+NVD,medium,CVE-2025-48943,CWE-248,6.5,>=0.8.0,0.9.0,2025-05-30T19:15:30Z,,2025-06-26T21:44:31.927402Z,
vllm,pip,Combined OSV+NVD,low,CVE-2025-30165,CWE-502,3.1,>=0.5.2,,2025-05-06T16:38:35Z,,2025-05-06T20:07:19.919969Z,
vllm,pip,Combined OSV+NVD,medium,CVE-2025-46722,CWE-1023;CWE-1288,4.2,>=0,0.9.0,2025-05-29T17:15:21Z,,2025-05-29T19:42:13.122057Z,
vllm,pip,Combined OSV+NVD,low,CVE-2024-9053,CWE-78;CWE-502,3.0,>=0,,2025-03-20T12:32:50Z,,2025-04-29T20:41:16.457101Z,
vllm,pip,Combined OSV+NVD,low,CVE-2025-32444,CWE-502,3.1,>=0.6.5,0.8.5,2025-04-30T01:15:51Z,,2025-05-28T22:11:57.444801Z,
vllm,pip,Combined OSV+NVD,low,CVE-2025-47277,CWE-502,3.1,>=0.6.5,0.8.5,2025-05-20T18:04:30Z,,2025-05-20T21:24:49.985865Z,
vllm,pip,Combined OSV+NVD,low,CVE-2025-29770,CWE-770,3.1,>=0,0.8.0,2025-03-19T15:52:26Z,,2025-03-20T19:15:41.666297Z,
vllm,pip,Combined OSV+NVD,low,CVE-2024-9052,,3.0,>=0,,2025-03-20T12:32:50Z,,2025-04-09T17:32:30.928981Z,
vllm,pip,Combined OSV+NVD,low,CVE-2025-24357,CWE-502,3.1,>=0,0.7.0,2025-01-27T18:15:41Z,,2025-06-27T21:56:54.188774Z,
vllm,pip,Combined OSV+NVD,low,CVE-2025-25183,CWE-354,2.6,>=0,0.7.2,2025-02-07T20:15:34Z,,2025-07-01T23:59:49.926776Z,
vllm,pip,Combined OSV+NVD,low,CVE-2025-48956,CWE-400,3.1,>=0.1.0,0.10.1.1,2025-08-21T14:24:16Z,,2025-08-21T15:48:21.676516Z,
vllm,pip,Combined OSV+NVD,low,CVE-2025-46560,CWE-1333,3.1,>=0.8.0,0.8.5,2025-04-29T16:43:10Z,,2025-04-30T17:55:50.132047Z,
vllm,pip,Combined OSV+NVD,low,CVE-2025-48944,CWE-20,3.1,>=0.8.0,0.9.0,2025-05-28T19:42:32Z,,2025-05-30T21:57:21.664760Z,
vllm,pip,Combined OSV+NVD,low,CVE-2024-8768,CWE-617,3.1,>=0,0.5.5,2024-09-17T18:33:26Z,,2024-09-17T21:57:24.649491Z,
vllm,pip,Combined OSV+NVD,medium,CVE-2025-48887,CWE-1333,6.5,>=0.6.4,0.9.0,2025-05-30T18:15:32Z,,2025-06-19T04:27:09.589202Z,
vllm,pip,Combined OSV+NVD,low,CVE-2024-8939,CWE-400,3.1,>=0,,2024-09-17T18:33:26Z,,2024-09-17T22:12:20.511899Z,
vllm,pip,Combined OSV+NVD,low,CVE-2025-59425,CWE-385,3.1,>=0,0.11.0,2025-10-07T17:24:47Z,,2025-10-07T17:57:22.413232Z,
vllm,pip,Combined OSV+NVD,critical,CVE-2025-29783,CWE-502,9.0,>=0.6.5,0.8.0,2025-03-19T16:15:32Z,,2025-07-01T23:59:56.271533Z,
llama-index-core,pip,Combined OSV+NVD,low,CVE-2025-5472,CWE-674,3.0,>=0,0.12.38,2025-07-07T12:30:23Z,,2025-07-08T18:44:46.570064Z,
llama-index-core,pip,Combined OSV+NVD,low,CVE-2025-5302,CWE-674,3.0,>=0,0.12.38,2025-08-26T00:31:13Z,,2025-08-26T18:12:26.385235Z,
llama-index-core,pip,Combined OSV+NVD,low,CVE-2025-7647,CWE-378,3.0,>=0,0.13.0,2025-09-27T18:30:49Z,,2025-09-29T19:42:22.934232Z,
llama-index-core,pip,Combined OSV+NVD,low,CVE-2025-3108,CWE-1112,3.0,>=0.11.15,0.12.41,2025-07-07T00:30:18Z,,2025-07-07T23:42:18.534851Z,
llama-index-core,pip,Combined OSV+NVD,low,CVE-2024-3271,CWE-77,3.0,>=0,0.10.24,2024-04-16T00:30:34Z,,2024-04-16T18:42:03.447757Z,
llama-index-core,pip,Combined OSV+NVD,low,CVE-2024-3098,CWE-94,3.0,>=0,0.10.24,2024-04-10T18:30:48Z,,2024-04-10T22:42:15.068018Z,
pyinstaller,pip,Combined OSV+NVD,low,CVE-2023-49797,CWE-379;CWE-732,3.1,>=0,5.13.1,2023-12-09T01:15:00Z,,2024-11-21T14:56:57.538134Z,
pyinstaller,pip,Combined OSV+NVD,unknown,CVE-2025-59042,CWE-94,,>=0,6.0.0,2025-09-10T20:30:18Z,,2025-09-10T20:33:15.059165Z,
djangorestframework-simplejwt,pip,Combined OSV+NVD,medium,CVE-2024-22513,CWE-306,5.5,>=0,5.5.1,2024-03-16T09:30:35Z,,2025-09-02T15:48:09.098577Z,
py7zr,pip,Combined OSV+NVD,critical,CVE-2022-44900,CWE-22,9.1,>=0,0.20.1,2022-12-06T20:15:00Z,,2023-11-08T04:10:49.215802Z,
apache-airflow-providers-amazon,pip,Combined OSV+NVD,low,CVE-2023-25956,CWE-209,3.1,>=0,7.2.1,2023-02-24T12:31:20Z,,2023-11-08T04:11:56.668958Z,
scrapy,pip,Combined OSV+NVD,high,CVE-2024-1968,CWE-200,7.5,>=0 >=2.0.0,2.0.0,2024-05-20T08:15:08Z,,2025-07-15T18:12:02.837491Z,
scrapy,pip,Combined OSV+NVD,low,CVE-2024-3572,CWE-409,3.1,>=2.0.0 >=0,2.11.1,2024-02-16T16:07:13Z,,2024-04-16T14:41:49.914710Z,
scrapy,pip,Combined OSV+NVD,low,CVE-2024-1892,CWE-1333,3.1,>=0,2.11.1,2024-02-28T00:15:53Z,,2025-01-14T05:57:09.198076Z,
scrapy,pip,Combined OSV+NVD,low,CVE-2024-3574,CWE-200,3.1,>=2 >=0,2.11.1,2024-02-15T15:32:15Z,,2024-04-16T14:41:41.332023Z,
zstd,pip,Combined OSV+NVD,high,CVE-2022-4899,CWE-400,7.5,>=0,,2023-03-31T20:15:00Z,,2025-10-09T08:26:18.267077Z,
unstructured,pip,Combined OSV+NVD,critical,CVE-2024-46455,CWE-611,9.8,>=0,0.14.3,2024-12-09T21:31:02Z,,2024-12-10T21:57:04.563323Z,
python-ldap,pip,Combined OSV+NVD,unknown,CVE-2025-61912,CWE-116;CWE-170,,>=0,3.4.5,2025-10-10T22:53:25Z,,2025-10-13T16:01:45.410635Z,
python-ldap,pip,Combined OSV+NVD,unknown,CVE-2025-61911,CWE-843;CWE-75,,>=0,3.4.5,2025-10-10T22:51:28Z,,2025-10-13T16:01:55.009776Z,
apache-airflow-providers-odbc,pip,Combined OSV+NVD,low,CVE-2023-35798,CWE-20,3.1,>=0,4.0.0,2023-06-27T12:30:42Z,,2025-02-22T05:12:58.805262Z,
dagster,pip,Combined OSV+NVD,low,CVE-2025-51481,CWE-22,3.1,>=0,1.10.16,2025-07-22T18:30:42Z,,2025-07-22T22:27:21.835492Z,
dagster,pip,Combined OSV+NVD,low,CVE-2023-51232,CWE-22,3.1,>=0,1.5.11,2025-07-07T15:30:38Z,,2025-07-08T21:12:26.407437Z,
astropy,pip,Combined OSV+NVD,low,CVE-2023-41334,CWE-77,3.1,>=0,5.3.3,2024-03-18T20:26:33Z,,2025-02-18T05:28:19.358585Z,
strawberry-graphql,pip,Combined OSV+NVD,low,CVE-2025-22151,CWE-843,3.1,>=0.182.0,0.257.0,2025-01-09T18:51:51Z,,2025-01-09T22:24:40.183267Z,
strawberry-graphql,pip,Combined OSV+NVD,low,CVE-2024-47082,CWE-352,3.1,>=0,0.243.0,2024-09-25T18:15:05Z,,2025-01-18T22:56:53.197639Z,
langchain-experimental,pip,Combined OSV+NVD,high,CVE-2024-21513,CWE-94,8.5,>=0,0.0.21,2024-07-15T05:15:00Z,,2024-07-15T16:42:21.135968Z,
langchain-experimental,pip,Combined OSV+NVD,low,CVE-2023-44467,,3.1,>=0,0.0.15,2023-10-09T20:15:00Z,,2025-02-23T07:46:11Z,
langchain-experimental,pip,Combined OSV+NVD,low,CVE-2024-46946,CWE-20,3.1,>=0.1.17,,2024-09-19T06:31:36Z,,2024-09-19T18:42:58.200753Z,
langchain-experimental,pip,Combined OSV+NVD,low,CVE-2024-27444,CWE-749,3.1,>=0,0.0.52,2024-02-26T18:30:31Z,,2024-08-06T18:45:46.213668Z,
langchain-experimental,pip,Combined OSV+NVD,high,CVE-2024-38459,CWE-276,7.8,>=0,0.0.61,2024-06-16T15:15:00Z,,2024-06-17T21:42:16.561407Z,
asteval,pip,Combined OSV+NVD,low,CVE-2025-24359,CWE-134;CWE-749,3.1,>=0,1.0.6,2025-01-24T18:45:30Z,,2025-01-25T01:10:49.423163Z,
social-auth-app-django,pip,Combined OSV+NVD,low,CVE-2024-32879,CWE-303;CWE-178,3.1,>=0,5.4.1,2024-04-24T18:47:21Z,,2024-08-28T20:20:43.003278Z,
social-auth-app-django,pip,Combined OSV+NVD,unknown,CVE-2025-61783,CWE-303,,>=0,5.6.0,2025-10-09T17:08:05Z,,2025-10-13T16:03:18.035803Z,
xhtml2pdf,pip,Combined OSV+NVD,low,CVE-2024-25885,CWE-1333,3.1,>=0,,2024-10-08T18:33:14Z,,2024-10-09T17:57:13.122150Z,
mammoth,pip,Combined OSV+NVD,low,CVE-2025-11849,CWE-22,3.1,>=0.3.25,1.11.0,2025-10-17T06:31:11Z,,2025-10-17T18:27:42.736888Z,
dspy,pip,Combined OSV+NVD,low,CVE-2025-12695,CWE-653,3.1,>=0,,2025-11-04T15:31:35Z,,2025-11-04T17:57:47.186221Z,
llama-index-cli,pip,Combined OSV+NVD,low,CVE-2025-1753,CWE-78,3.0,>=0,0.4.1,2025-05-28T12:30:33Z,,2025-05-28T16:57:20.858410Z,
pyramid,pip,Combined OSV+NVD,low,CVE-2023-40587,CWE-22,3.1,>=2.0.0,2.0.2,2023-08-25T18:49:25Z,,2024-02-16T22:47:26.009457Z,
check-jsonschema,pip,Combined OSV+NVD,low,CVE-2024-53848,CWE-349,3.1,>=0,0.30.0,2024-12-02T17:29:05Z,,2024-12-02T17:42:18.495140Z,
luigi,pip,Combined OSV+NVD,high,CVE-2024-21542,CWE-29;CWE-22,8.6,>=0,3.6.0,2024-12-10T05:15:07Z,,2025-01-14T05:57:07.876378Z,
pdoc,pip,Combined OSV+NVD,low,CVE-2024-38526,,3.1,>=0,14.5.1,2024-06-25T22:23:30Z,,2024-12-05T05:39:41.968124Z,
uwsgi,pip,Combined OSV+NVD,low,CVE-2023-27522,CWE-444,3.1,>=0,2.0.22,2023-03-07T18:30:39Z,,2024-02-16T08:24:21.189999Z,
sglang,pip,Combined OSV+NVD,low,CVE-2025-10164,CWE-20;CWE-502,3.1,>=0,0.5.4,2025-09-09T21:30:26Z,,2025-10-29T16:13:45.960612Z,
open-webui,pip,Combined OSV+NVD,low,CVE-2024-7033,CWE-29,3.0,>=0,,2025-03-20T12:32:45Z,,2025-03-21T17:43:17.305613Z,
open-webui,pip,Combined OSV+NVD,low,CVE-2024-7053,CWE-79,3.0,>=0,,2025-03-20T12:32:46Z,,2025-03-21T17:43:17.722998Z,
open-webui,pip,Combined OSV+NVD,low,CVE-2024-7037,CWE-22,3.0,>=0,,2024-10-09T21:31:08Z,,2024-10-09T22:27:14.037349Z,
open-webui,pip,Combined OSV+NVD,low,CVE-2024-6706,CWE-79,3.1,>=0,,2024-08-08T00:31:44Z,,2024-08-08T16:57:08.984562Z,
open-webui,pip,Combined OSV+NVD,low,CVE-2024-7983,CWE-770,3.0,>=0,,2025-03-20T12:32:47Z,,2025-10-16T08:05:11.719781Z,
open-webui,pip,Combined OSV+NVD,low,CVE-2024-7806,CWE-352,3.0,>=0,0.3.33,2025-03-20T12:32:46Z,,2025-03-21T21:45:28.493569Z,
open-webui,pip,Combined OSV+NVD,low,CVE-2024-8053,CWE-306,3.1,>=0,,2025-03-20T12:32:47Z,,2025-03-27T04:05:00.310291Z,
open-webui,pip,Combined OSV+NVD,low,CVE-2024-7045,CWE-862,3.0,>=0,,2025-03-20T12:32:46Z,,2025-10-16T08:07:31.941596Z,
open-webui,pip,Combined OSV+NVD,low,CVE-2024-12537,CWE-770,3.0,>=0,,2025-03-20T12:32:43Z,,2025-04-01T23:28:59.272222Z,
open-webui,pip,Combined OSV+NVD,low,CVE-2025-64496,CWE-830;CWE-95;CWE-829;CWE-501,3.1,>=0,0.6.35,2025-11-07T17:37:33Z,,2025-11-07T18:12:38.481853Z,
open-webui,pip,Combined OSV+NVD,low,CVE-2024-7034,CWE-22,3.0,>=0,,2025-03-20T12:32:45Z,,2025-03-21T17:43:17.386713Z,
open-webui,pip,Combined OSV+NVD,low,CVE-2024-8060,CWE-22,3.0,>=0,0.5.17,2025-03-20T12:32:47Z,,2025-10-15T20:04:25.072364Z,
open-webui,pip,Combined OSV+NVD,low,CVE-2024-12534,CWE-400,3.0,>=0,,2025-03-20T12:32:43Z,,2025-03-21T18:23:47.613456Z,
open-webui,pip,Combined OSV+NVD,low,CVE-2024-7990,CWE-79,3.0,>=0,,2025-03-20T12:32:47Z,,2025-03-21T22:05:50.769999Z,
open-webui,pip,Combined OSV+NVD,low,CVE-2024-7046,CWE-862,3.0,>=0,,2025-03-20T12:32:46Z,,2025-10-16T08:05:42.260342Z,
open-webui,pip,Combined OSV+NVD,low,CVE-2024-7044,CWE-79,3.0,>=0,,2025-03-20T12:32:45Z,,2025-03-21T17:43:17.579185Z,
open-webui,pip,Combined OSV+NVD,low,CVE-2024-7043,CWE-862,3.0,>=0,,2025-03-20T12:32:45Z,,2025-10-16T08:05:35.565771Z,
open-webui,pip,Combined OSV+NVD,low,CVE-2024-7038,CWE-209,3.0,>=0,,2024-10-09T21:31:08Z,,2024-10-15T23:43:09.137659Z,
open-webui,pip,Combined OSV+NVD,low,CVE-2024-7035,CWE-352,3.0,>=0,,2025-03-20T12:32:46Z,,2025-03-21T22:45:47.783724Z,
open-webui,pip,Combined OSV+NVD,low,CVE-2024-7039,CWE-863,3.0,>=0,,2025-03-20T12:32:45Z,,2025-10-15T16:31:26.852681Z,
open-webui,pip,Combined OSV+NVD,low,CVE-2025-64495,CWE-79,3.1,>=0,0.6.35,2025-11-07T15:25:23Z,,2025-11-07T15:57:57.935876Z,
open-webui,pip,Combined OSV+NVD,low,CVE-2024-7036,CWE-400,3.0,>=0,,2025-03-20T12:32:45Z,,2025-07-21T19:57:24.964139Z,
open-webui,pip,Combined OSV+NVD,low,CVE-2024-7959,CWE-918,3.0,>=0,,2025-03-20T12:32:46Z,,2025-03-21T21:45:28.566403Z,
open-webui,pip,Combined OSV+NVD,low,CVE-2024-7041,CWE-639,3.0,>=0,,2024-10-09T21:31:08Z,,2025-10-15T17:19:09.553004Z,
paddlepaddle,pip,Combined OSV+NVD,low,CVE-2023-52313,CWE-369,3.1,>=0,2.6.0,2024-01-03T09:15:00Z,,2024-11-21T14:57:01.008363Z,
paddlepaddle,pip,Combined OSV+NVD,low,CVE-2022-46741,CWE-125,3.1,>=0,2.4,2022-12-07T09:30:23Z,,2023-11-08T04:10:57.592222Z,
paddlepaddle,pip,Combined OSV+NVD,low,CVE-2024-0818,CWE-22,3.1,>=0,,2024-03-07T15:30:38Z,,2025-01-23T23:37:55.082692Z,
paddlepaddle,pip,Combined OSV+NVD,low,CVE-2023-52303,CWE-476,3.1,>=0,2.6.0,2024-01-03T09:15:00Z,,2024-11-21T14:56:55.850731Z,
paddlepaddle,pip,Combined OSV+NVD,low,CVE-2023-52314,CWE-78,3.1,>=0,2.6.0,2024-01-03T09:15:00Z,,2024-11-21T14:57:03.199066Z,
paddlepaddle,pip,Combined OSV+NVD,low,CVE-2023-52304,CWE-120;CWE-787,3.1,>=0,2.6.0,2024-01-03T09:15:00Z,,2024-11-21T14:57:22.820683Z,
paddlepaddle,pip,Combined OSV+NVD,low,CVE-2023-52302,CWE-476,3.1,>=0,2.6.0,2024-01-03T09:15:00Z,,2024-11-21T14:57:09.055330Z,
paddlepaddle,pip,Combined OSV+NVD,low,CVE-2022-45908,CWE-94,3.1,>=0,2.4,2022-11-26T03:30:27Z,,2023-11-08T04:10:54.247844Z,
paddlepaddle,pip,Combined OSV+NVD,low,CVE-2023-52309,CWE-120;CWE-787,3.1,>=0,2.6.0,2024-01-03T09:15:00Z,,2024-11-21T14:56:56.570634Z,
paddlepaddle,pip,Combined OSV+NVD,high,CVE-2023-38669,CWE-416,8.3,>=0,2.5.0,2023-07-26T10:15:00Z,,2023-11-08T04:13:08.744681Z,
paddlepaddle,pip,Combined OSV+NVD,critical,CVE-2023-38673,CWE-78,9.6,>=0,2.5.0,2023-07-26T12:15:00Z,,2023-11-08T04:13:08.988872Z,
paddlepaddle,pip,Combined OSV+NVD,low,CVE-2023-38677,CWE-369,3.1,>=0,2.6.0,2024-01-03T09:15:00Z,,2024-11-21T14:57:17.861950Z,
paddlepaddle,pip,Combined OSV+NVD,low,CVE-2024-0521,CWE-94,3.0,>=0,2.6.0,2024-01-20T21:30:25Z,,2024-02-16T08:23:56.167637Z,
paddlepaddle,pip,Combined OSV+NVD,medium,CVE-2023-38672,CWE-369,4.7,>=0,2.5.0,2023-07-26T12:15:00Z,,2023-11-08T04:13:08.927714Z,
paddlepaddle,pip,Combined OSV+NVD,low,CVE-2024-0817,CWE-77,3.1,>=0,,2024-03-07T03:30:41Z,,2025-01-21T18:27:01.323531Z,
paddlepaddle,pip,Combined OSV+NVD,low,CVE-2023-52307,CWE-120;CWE-787,3.1,>=0,2.6.0,2024-01-03T09:15:00Z,,2024-11-21T14:57:12.939002Z,
paddlepaddle,pip,Combined OSV+NVD,low,CVE-2022-46742,CWE-94,3.1,>=0,2.4.0,2022-12-07T09:15:00Z,,2024-11-22T12:27:25.862098Z,
paddlepaddle,pip,Combined OSV+NVD,high,CVE-2023-38671,CWE-120;CWE-787,8.3,>=0,2.5.0,2023-07-26T11:15:00Z,,2023-11-08T04:13:08.867520Z,
paddlepaddle,pip,Combined OSV+NVD,low,CVE-2023-52310,CWE-78,3.1,>=0,2.6.0,2024-01-03T09:15:00Z,,2024-11-21T14:57:20.242985Z,
paddlepaddle,pip,Combined OSV+NVD,low,CVE-2023-38675,CWE-369,3.1,>=0,2.6.0,2024-01-03T09:15:00Z,,2024-11-21T14:56:59.432768Z,
paddlepaddle,pip,Combined OSV+NVD,low,CVE-2024-1603,CWE-73,3.1,>=0,,2024-03-23T21:30:39Z,,2025-01-24T20:23:39.009004Z,
paddlepaddle,pip,Combined OSV+NVD,low,CVE-2023-38678,CWE-125,3.1,>=0,2.6.0,2024-01-03T09:15:00Z,,2024-11-21T14:57:10.300132Z,
paddlepaddle,pip,Combined OSV+NVD,low,CVE-2024-0917,CWE-94,3.1,>=0,,2024-03-07T09:30:33Z,,2025-01-21T18:36:21.256697Z,
paddlepaddle,pip,Combined OSV+NVD,low,CVE-2023-52312,CWE-476,3.1,>=0,2.6.1,2024-01-03T09:15:00Z,,2024-11-21T14:57:12.669939Z,
paddlepaddle,pip,Combined OSV+NVD,low,CVE-2024-0815,CWE-78,3.1,>=0,,2024-03-07T06:30:30Z,,2025-01-21T18:26:17.609547Z,
paddlepaddle,pip,Combined OSV+NVD,low,CVE-2023-52311,CWE-78,3.1,>=0,2.6.0,2024-01-03T09:15:00Z,,2024-11-21T14:57:02.386827Z,
paddlepaddle,pip,Combined OSV+NVD,low,CVE-2023-52306,CWE-369,3.1,>=0,2.6.0,2024-01-03T09:15:00Z,,2024-11-21T14:57:00.721145Z,
paddlepaddle,pip,Combined OSV+NVD,medium,CVE-2023-38670,CWE-476,4.7,>=0,2.5.0,2023-07-26T11:15:00Z,,2023-11-08T04:13:08.805692Z,
paddlepaddle,pip,Combined OSV+NVD,low,CVE-2023-52305,CWE-369,3.1,>=0,2.6.0,2024-01-03T09:15:00Z,,2024-11-21T14:57:04.263944Z,
paddlepaddle,pip,Combined OSV+NVD,low,CVE-2023-52308,CWE-369,3.1,>=0,2.6.0,2024-01-03T09:15:00Z,,2024-11-21T14:57:19.683800Z,
paddlepaddle,pip,Combined OSV+NVD,low,CVE-2023-38676,CWE-476,3.1,>=0,2.6.0,2024-01-03T09:15:00Z,,2024-11-21T14:57:01.222200Z,
paddlepaddle,pip,Combined OSV+NVD,low,CVE-2023-38674,CWE-369,3.1,>=0,2.6.0,2024-01-03T09:15:00Z,,2024-11-21T14:57:13.818387Z,
aws-sam-cli,pip,Combined OSV+NVD,low,CVE-2025-3048,CWE-61,3.1,>=0,1.134.0,2025-03-31T22:36:52Z,,2025-10-14T22:48:26.869185Z,
aws-sam-cli,pip,Combined OSV+NVD,low,CVE-2025-3047,CWE-61,3.1,>=0,1.133.0,2025-03-31T22:36:49Z,,2025-10-16T07:03:41.483332Z,
ydata-profiling,pip,Combined OSV+NVD,low,CVE-2024-37063,CWE-79,3.1,>=3.7.0,,2024-06-04T12:31:05Z,,2024-06-05T13:41:43.287330Z,
ydata-profiling,pip,Combined OSV+NVD,low,CVE-2024-37064,CWE-502,3.1,>=3.7.0,,2024-06-04T12:31:05Z,,2024-06-05T13:41:43.365070Z,
ydata-profiling,pip,Combined OSV+NVD,low,CVE-2024-37062,CWE-502,3.1,>=3.7.0,,2024-06-04T12:31:05Z,,2024-06-05T13:41:43.201097Z,
rembg,pip,Combined OSV+NVD,low,CVE-2025-25302,CWE-346,3.1,>=0,2.0.58,2025-03-03T17:15:14Z,,2025-04-09T17:59:22.986651Z,
rembg,pip,Combined OSV+NVD,low,CVE-2025-25301,CWE-918,3.1,>=0,2.0.58,2025-03-03T17:15:14Z,,2025-04-09T17:59:20.454660Z,
apache-airflow-providers-jdbc,pip,Combined OSV+NVD,low,CVE-2023-22886,CWE-20,3.1,>=0,4.0.0,2023-06-29T12:30:24Z,,2024-02-16T08:21:22.880104Z,
browser-use,pip,Combined OSV+NVD,low,CVE-2025-47241,CWE-647,3.1,>=0,0.1.45,2025-05-05T18:25:04Z,,2025-05-05T19:12:12.985962Z,
apache-airflow-providers-mongo,pip,Combined OSV+NVD,low,CVE-2024-25141,CWE-295,3.1,>=0,4.0.0,2024-02-20T21:30:26Z,,2025-05-01T00:12:10.551613Z,
red-discordbot,pip,Combined OSV+NVD,low,CVE-2024-39905,CWE-863,3.1,>=3.5.0,3.5.10,2024-07-11T17:32:42Z,,2024-07-11T18:45:47.543277Z,
deepspeed,pip,Combined OSV+NVD,low,CVE-2024-43497,CWE-77,3.1,>=0,0.15.1,2024-10-08T18:15:00Z,,2024-10-17T23:58:54.202385Z,
restrictedpython,pip,Combined OSV+NVD,low,CVE-2024-47532,CWE-200,3.1,>=0,7.3,2024-09-30T16:15:09Z,,2025-01-19T04:56:54.776821Z,
restrictedpython,pip,Combined OSV+NVD,low,CVE-2025-22153,CWE-843,3.1,>=6.0,8.0,2025-01-23T17:19:34Z,,2025-01-23T23:28:04.551166Z,
restrictedpython,pip,Combined OSV+NVD,high,CVE-2023-37271,CWE-913,8.4,>=0,5.3,2023-07-11T18:15:00Z,,2023-11-08T04:13:00.793569Z,
restrictedpython,pip,Combined OSV+NVD,low,CVE-2023-41039,CWE-74,3.1,>=6.0 >=0,6.2,2023-08-30T18:15:00Z,,2023-11-08T04:13:23.394567Z,
signxml,pip,Combined OSV+NVD,unknown,CVE-2025-48994,CWE-303,,>=0,4.0.4,2025-06-05T00:38:20Z,,2025-06-05T01:13:11.687029Z,
signxml,pip,Combined OSV+NVD,unknown,CVE-2025-48995,CWE-208,,>=0,4.0.4,2025-06-05T00:37:19Z,,2025-06-05T01:12:39.036841Z,
litestar,pip,Combined OSV+NVD,low,CVE-2024-32982,CWE-22,3.1,>=2.8.0 >=2.7.0 >=2.0.0,2.8.3,2024-05-06T14:20:50Z,,2024-07-08T19:06:06.271311Z,
litestar,pip,Combined OSV+NVD,low,CVE-2024-52581,CWE-770,3.1,>=0,2.13.0,2024-11-20T21:15:08Z,,2025-01-19T02:41:46.880013Z,
litestar,pip,Combined OSV+NVD,low,CVE-2025-59152,CWE-807,3.1,>=2.17.0,2.18.0,2025-10-06T20:18:00Z,,2025-10-13T15:13:31Z,
pymatgen,pip,Combined OSV+NVD,low,CVE-2024-23346,CWE-77,3.1,>=0,2024.2.20,2024-02-21T17:15:09Z,,2025-02-06T01:27:06.028180Z,
mitmproxy,pip,Combined OSV+NVD,unknown,CVE-2025-23217,CWE-441;CWE-288,,>=0,11.1.2,2025-02-06T17:07:41Z,,2025-02-06T20:13:22.112703Z,
apache-airflow-providers-odbc,pip,Combined OSV+NVD,low,CVE-2023-34395,CWE-88,3.1,>=0,4.0.0,2023-06-27T12:30:42Z,,2024-02-16T08:18:55.766816Z,
anki,pip,Combined OSV+NVD,low,CVE-2024-26020,CWE-74,3.1,>=0,24.06,2024-07-22T15:32:41Z,,2025-11-04T20:34:24.683480Z,
anki,pip,Combined OSV+NVD,low,CVE-2024-32152,CWE-184,3.1,>=0,24.6,2024-07-22T15:32:41Z,,2024-07-26T16:24:14.400574Z,
anki,pip,Combined OSV+NVD,low,CVE-2024-29073,CWE-829,3.1,>=0,24.6,2024-07-22T15:32:41Z,,2024-07-26T16:39:21.193140Z,
pipreqs,pip,Combined OSV+NVD,critical,CVE-2023-31543,CWE-427,9.8,>=0.3.0,0.4.12,2023-06-30T20:15:00Z,,2023-11-08T04:12:30.987947Z,
pydrive2,pip,Combined OSV+NVD,low,CVE-2023-49297,CWE-502,3.1,>=0,1.16.2,2023-12-05T21:15:00Z,,2024-11-21T14:57:16.548281Z,
embedchain,pip,Combined OSV+NVD,high,CVE-2024-23732,CWE-1333,7.5,>=0,0.1.57,2024-01-21T17:15:00Z,,2024-01-22T21:56:40.981868Z,
embedchain,pip,Combined OSV+NVD,critical,CVE-2024-23731,CWE-88,9.8,>=0,0.1.57,2024-01-21T17:15:00Z,,2024-01-22T21:41:39.147283Z,
django-ses,pip,Combined OSV+NVD,medium,CVE-2023-33185,CWE-347,4.6,>=0,3.5.0,2023-05-26T21:15:00Z,,2023-11-08T04:12:39.443618Z,
agno,pip,Combined OSV+NVD,low,CVE-2025-64168,CWE-668;CWE-362,3.1,>=2.0.0,2.2.2,2025-10-31T21:24:53Z,,2025-10-31T22:12:46.704033Z,
sqlitedict,pip,Combined OSV+NVD,low,CVE-2024-35515,CWE-94,3.1,>=0,,2024-09-18T15:30:52Z,,2024-09-18T22:49:50.093172Z,
rpyc,pip,Combined OSV+NVD,high,CVE-2024-27758,CWE-306,8.4,>=0,6.0.0,2024-03-12T16:15:00Z,,2024-03-12T19:41:32.129797Z,
copier,pip,Combined OSV+NVD,unknown,CVE-2025-55201,CWE-22,,>=0,9.9.1,2025-08-18T21:00:23Z,,2025-08-18T21:57:29.152643Z,
copier,pip,Combined OSV+NVD,unknown,CVE-2025-55214,CWE-22,,>=7.1.0,9.9.1,2025-08-18T21:01:07Z,,2025-08-18T21:57:29.395686Z,
crawl4ai,pip,Combined OSV+NVD,critical,CVE-2025-28197,CWE-918,9.1,>=0,,2025-04-18T21:31:20Z,,2025-04-21T22:12:13.041005Z,
qiskit,pip,Combined OSV+NVD,low,CVE-2025-2000,CWE-502,3.1,>=0 >=2.0.0rc1,1.4.2,2025-03-14T19:56:14Z,,2025-05-02T22:02:58.997199Z,
qiskit,pip,Combined OSV+NVD,low,CVE-2025-1403,CWE-502,3.1,>=0.45.0,1.3.0,2025-02-21T21:42:43Z,,2025-02-21T22:12:04.426888Z,
apache-airflow-providers-apache-spark,pip,Combined OSV+NVD,low,CVE-2023-40195,CWE-502;CWE-829,3.1,>=0,4.1.3,2023-08-28T08:15:00Z,,2023-11-08T04:13:19.964335Z,
apache-airflow-providers-apache-spark,pip,Combined OSV+NVD,low,CVE-2023-28710,CWE-20,3.1,>=0,4.0.1,2023-04-07T15:30:38Z,,2023-11-08T04:12:14.332625Z,
apache-airflow-providers-apache-spark,pip,Combined OSV+NVD,low,CVE-2023-40272,CWE-20,3.1,>=0,4.1.3,2023-08-17T15:30:23Z,,2025-02-13T19:37:36.264433Z,
js2py,pip,Combined OSV+NVD,low,CVE-2024-28397,CWE-94,3.1,>=0,,2024-06-20T18:34:08Z,,2024-07-05T18:03:25.203700Z,
langgraph-checkpoint-sqlite,pip,Combined OSV+NVD,low,CVE-2025-8709,CWE-89,3.0,>=0,2.0.11,2025-10-26T06:30:20Z,,2025-10-27T20:57:42.379069Z,
langgraph-checkpoint-sqlite,pip,Combined OSV+NVD,low,CVE-2025-64104,CWE-89,3.1,>=0,2.0.11,2025-10-29T22:21:43Z,,2025-10-29T22:39:04.123458Z,
sqlite-vec,pip,Combined OSV+NVD,low,CVE-2024-46488,CWE-787;CWE-122,3.1,>=0 >=0,0.1.3,2024-09-25T18:31:21Z,,2024-10-02T21:22:41.575859Z,
couchbase,pip,Combined OSV+NVD,low,CVE-2023-45875,CWE-200,3.1,>=0,,2023-11-08T21:15:00Z,,2025-10-09T08:26:33.400065Z,
httpie,pip,Combined OSV+NVD,low,CVE-2023-48052,CWE-599;CWE-295,3.1,>=0,,2023-11-16T18:15:00Z,,2025-10-09T08:24:40.618757Z,
python-openstackclient,pip,Combined OSV+NVD,low,CVE-2023-6110,CWE-237,3.1,>=0,6.3.0,2024-11-17T12:30:29Z,,2024-12-05T22:25:31.369568Z,
lief,pip,Combined OSV+NVD,low,CVE-2024-31636,CWE-457,3.1,>=0,0.15.0,2024-05-03T18:30:37Z,,2024-11-22T20:57:29.210800Z,
lief,pip,Combined OSV+NVD,low,CVE-2022-43171,CWE-787;CWE-122,3.1,>=0,0.12.3,2022-11-17T23:15:00Z,,2024-11-25T22:42:25.327245Z,
kedro,pip,Combined OSV+NVD,low,CVE-2024-9701,CWE-502,3.0,>=0,0.19.9,2025-03-20T12:32:51Z,,2025-03-21T04:02:42.117915Z,
kedro,pip,Combined OSV+NVD,low,CVE-2024-12215,CWE-94,3.0,>=0,,2025-03-20T12:32:42Z,,2025-10-15T17:31:37.829387Z,
spotipy,pip,Combined OSV+NVD,critical,CVE-2025-27154,CWE-276,9.8,>=0,2.25.1,2025-02-28T02:34:38Z,,2025-02-28T03:12:14.312209Z,
spotipy,pip,Combined OSV+NVD,low,CVE-2023-23608,CWE-22,3.1,>=0,2.22.1,2023-01-23T22:05:11Z,,2023-11-08T04:11:40.872655Z,
hnswlib,pip,Combined OSV+NVD,low,CVE-2023-37365,CWE-415,3.1,>=0,,2023-06-30T21:30:26Z,,2024-02-16T08:08:08.467819Z,
homeassistant,pip,Combined OSV+NVD,low,CVE-2023-50715,CWE-200,3.1,>=0,2023.12.3,2023-12-15T23:19:28Z,,2024-02-16T08:10:33.440087Z,
homeassistant,pip,Combined OSV+NVD,low,CVE-2025-25305,CWE-940,3.1,>=0,2024.1.6,2025-02-18T19:25:24Z,,2025-02-18T23:12:00.700995Z,
homeassistant,pip,Combined OSV+NVD,unknown,CVE-2025-62172,CWE-80;CWE-79,,>=2025.1.0,2025.10.2,2025-10-14T19:36:53Z,,2025-10-22T19:01:00.313854Z,
homeassistant,pip,Combined OSV+NVD,low,CVE-2023-41893,CWE-200,3.1,>=0,2023.9.0,2023-10-20T00:15:00Z,,2023-11-08T04:13:27.136730Z,
openexr,pip,Combined OSV+NVD,critical,CVE-2025-48072,CWE-125,9.1,>=3.3.2,3.3.3,2025-07-31T19:20:05Z,,2025-08-01T13:29:02Z,
openexr,pip,Combined OSV+NVD,low,CVE-2025-48071,CWE-122,3.1,>=3.3.0,3.3.3,2025-07-31T19:12:56Z,,2025-08-13T22:17:20.853898Z,
openexr,pip,Combined OSV+NVD,medium,CVE-2025-48073,CWE-476,6.2,>=3.3.2,3.3.3,2025-07-31T19:21:35Z,,2025-08-01T13:29:06Z,
openexr,pip,Combined OSV+NVD,medium,CVE-2025-48074,CWE-770,5.5,>=3.3.2,3.3.3,2025-07-31T19:23:18Z,,2025-08-01T18:35:51Z,
skops,pip,Combined OSV+NVD,low,CVE-2025-54886,CWE-502,3.1,>=0,0.13.0,2025-08-07T16:42:54Z,,2025-09-10T21:04:44.132027Z,
skops,pip,Combined OSV+NVD,unknown,CVE-2025-54413,CWE-351,,>=0,0.12.0,2025-07-25T19:21:31Z,,2025-09-05T17:10:48.390021Z,
skops,pip,Combined OSV+NVD,unknown,CVE-2025-54412,CWE-351,,>=0,0.12.0,2025-07-25T19:17:34Z,,2025-07-29T23:54:37.846037Z,
skops,pip,Combined OSV+NVD,low,CVE-2024-37065,CWE-502,3.1,>=0.6,,2024-06-04T12:31:06Z,,2024-06-05T13:41:43.446503Z,
feast,pip,Combined OSV+NVD,low,CVE-2024-11602,CWE-346,3.0,>=0,,2025-03-20T12:32:42Z,,2025-03-21T17:43:17.036855Z,
clearml,pip,Combined OSV+NVD,low,CVE-2025-8917,CWE-22,3.0,>=0,2.0.2,2025-10-05T12:30:24Z,,2025-10-07T13:27:19.817888Z,
clearml,pip,Combined OSV+NVD,low,CVE-2024-24590,CWE-502,3.1,>=0.17.0,,2024-02-06T15:32:06Z,,2024-02-16T22:01:18.770064Z,
clearml,pip,Combined OSV+NVD,low,CVE-2024-24595,CWE-522,3.1,>=0,,2024-02-06T00:30:28Z,,2024-02-16T08:01:39.319933Z,
clearml,pip,Combined OSV+NVD,low,CVE-2024-24591,CWE-22,3.1,>=0.17.0,,2024-02-06T15:32:07Z,,2024-02-16T22:01:02.468781Z,
pyminizip,pip,Combined OSV+NVD,low,CVE-2023-45853,CWE-190,3.1,>=0,,2023-10-14T03:31:16Z,,2024-02-21T05:51:41.379767Z,
