package,degree,in_degree,out_degree,betweenness,is_ai_lib
agno,140,1,139,0.101989792708807,False
aiohttp,32,20,12,0.016357790938403952,False
opentelemetry-exporter-otlp-proto-grpc,1,1,0,0.0,False
typing-extensions,44,44,0,0.04565132006670156,False
mem0ai,2,2,0,6.280747746521274e-05,False
google-genai,4,4,0,0.00042712197084142443,False
arxiv,1,1,0,0.0,False
docstring-parser,2,2,0,0.00015518646503558347,False
lxml-html-clean,3,2,1,9.955514132110066e-05,False
pgvector,2,2,0,5.2895076759509475e-05,False
anthropic,5,5,0,0.0008151659285959745,False
litellm,49,3,46,0.0224358053416627,False
clickhouse-connect,3,3,0,0.0003941860789604741,False
tantivy,1,1,0,0.0,False
boto3,13,13,0,0.004411643803243488,False
agentql,1,1,0,0.0,False
arize-phoenix,1,1,0,0.0,False
pytest,52,52,0,0.049678208030885955,False
cerebras-cloud-sdk,1,1,0,0.0,False
elevenlabs,1,1,0,0.0,False
upstash-vector,1,1,0,0.0,False
infinity-client,1,1,0,0.0,False
pytest-asyncio,8,8,0,0.0018275896854688738,False
google-cloud-bigquery,3,3,0,0.0003941860789604741,False
memorisdk,1,1,0,0.0,False
email-validator,4,4,0,0.0007822213415269236,False
llama-api-client,1,1,0,0.0,False
ollama,2,2,0,6.394572328566065e-05,False
youtube-transcript-api,2,2,0,5.2895076759509475e-05,False
agno-infra,1,1,0,0.0,False
chromadb,3,3,0,0.00014721915256464248,False
qdrant-client,13,4,9,0.004223967122271859,False
pinecone,2,2,0,5.2895076759509475e-05,False
opentelemetry-distro,3,3,0,0.0004620618349551101,False
markdown,5,5,0,0.0006441794522095027,False
googlemaps,1,1,0,0.0,False
oxylabs,1,1,0,0.0,False
twine,10,10,0,0.0016062001557041856,False
google-auth-oauthlib,4,4,0,0.00027821593544444023,False
pillow,44,22,22,0.03163184425639347,True
pyyaml,33,33,0,0.029543620837941608,False
openlit,1,1,0,0.0,False
python-docx,2,2,0,0.0,False
exa-py,1,1,0,0.0,False
browserbase,1,1,0,0.0,False
google-cloud-storage,6,6,0,0.001047685896243719,False
pydantic,34,28,6,0.026942048947895907,False
cohere,1,1,0,0.0,False
valyu,1,1,0,0.0,False
gitpython,19,4,15,0.006107665966712695,False
fastmcp,17,2,15,0.0072274789057482245,False
mcp,23,7,16,0.0042395371905637235,False
ddgs,2,2,0,5.2895076759509475e-05,False
lancedb,2,2,0,6.280747746521274e-05,False
pylance,1,1,0,0.0,False
atlassian-python-api,1,1,0,0.0,False
webexpythonsdk,1,1,0,0.0,False
packaging,33,33,0,0.035653733679730605,False
h11,2,2,0,0.0003194163107088734,False
newspaper4k,1,1,0,0.0,False
pypdf,22,6,16,0.008130664291964037,False
ibm-watsonx-ai,1,1,0,0.0,False
python-multipart,10,10,0,0.0011130676696599752,False
pymongo,24,4,20,0.014072026171121351,False
ag-ui-protocol,1,1,0,0.0,False
mistralai,1,1,0,0.0,False
google-cloud-firestore,1,1,0,0.0,False
couchbase,2,2,0,0.00017463880834924303,False
tavily-python,1,1,0,0.0,False
build,16,16,0,0.007649924765527899,False
redis,6,6,0,0.0015833636786553053,False
firecrawl-py,2,2,0,5.2895076759509475e-05,False
daytona,1,1,0,0.0,False
unstructured,49,2,47,0.02907911605180479,False
brave-search,1,1,0,0.0,False
openai,10,10,0,0.0027695363334483197,False
opentelemetry-exporter-otlp,4,4,0,0.0011719220485516258,False
web3,1,1,0,0.0,False
apify-client,1,1,0,0.0,False
duckdb,9,3,6,0.0022825700013797993,False
python-pptx,3,3,0,5.2895076759509475e-05,False
google-api-python-client,5,5,0,0.0005537513124701329,False
chonkie,1,1,0,0.0,False
pymilvus,4,4,0,0.0005340220198412299,False
groq,2,2,0,6.394572328566065e-05,False
uvicorn,19,19,0,0.008241065418784024,False
google-maps-places,1,1,0,0.0,False
pydantic-settings,4,4,0,0.00030721994799022496,False
yfinance,1,1,0,0.0,False
redisvl,2,2,0,0.0,False
a2a-sdk,1,1,0,0.0,False
psycopg,4,4,0,0.0007530889279241688,False
todoist-api-python,1,1,0,0.0,False
rich,22,22,0,0.012604097151284929,False
asyncpg,4,4,0,0.0009061107541850613,False
pytest-mock,11,11,0,0.0026322531523176648,False
surrealdb,1,1,0,0.0,False
sqlalchemy,15,15,0,0.012666093141582223,False
azure-ai-inference,1,1,0,0.0,False
fal-client,1,1,0,0.0,False
notion-client,1,1,0,0.0,False
timeout-decorator,3,3,0,0.0002707112853180966,False
crawl4ai,41,1,40,0.01772106541135874,False
typer,7,7,0,0.0007297604790909135,False
cassio,1,1,0,0.0,False
mypy,19,19,0,0.0117046782517985,False
parallel-web,1,1,0,0.0,False
lmstudio,1,1,0,0.0,False
portkey-ai,1,1,0,0.0,False
opentelemetry-sdk,5,5,0,0.0010360231758758786,False
opencv-python,3,2,1,0.00019798833847020197,False
types-pyyaml,5,5,0,0.0010522074641227555,False
weaviate-client,2,2,0,6.280747746521274e-05,False
langfuse,1,1,0,0.0,False
zep-cloud,1,1,0,0.0,False
scrapegraph-py,1,1,0,0.0,False
memory-profiler,2,2,0,9.767626911027727e-05,False
neo4j,1,1,0,0.0,False
pygithub,1,1,0,0.0,False
psycopg-binary,2,2,0,6.280747746521274e-05,False
reportlab,3,3,0,0.00024012550579084632,False
aioboto3,1,1,0,0.0,False
aiofiles,6,6,0,0.0010305874723219868,False
httpx,22,22,0,0.012822782707290219,False
pyjwt,18,11,7,0.007809904525370125,False
weave,1,1,0,0.0,False
types-aiofiles,1,1,0,0.0,False
ruff,16,16,0,0.005944753665568739,False
pytest-cov,30,30,0,0.01443299036093906,False
fastapi,20,20,0,0.009835726942251065,False
inquirer,1,1,0,0.0,False
huggingface-hub,7,7,0,0.0017799585112002895,False
playwright,3,3,0,7.525318101487988e-05,False
google-auth-httplib2,3,3,0,0.00014721915256464248,False
matplotlib,15,15,0,0.008755659145820811,False
python-dotenv,11,11,0,0.0016461139173924852,False
cartesia,1,1,0,0.0,False
rapidocr-onnxruntime,2,2,0,5.2895076759509475e-05,False
trafilatura,1,1,0,0.0,False
aiohappyeyeballs,1,1,0,0.0,False
async-timeout,4,4,0,0.0002720005624671844,False
aiodns,2,2,0,0.0,False
aiosignal,2,2,0,0.0,False
yarl,3,3,0,7.713760461719362e-05,False
frozenlist,2,2,0,0.0,False
multidict,4,4,0,0.00016635680734848894,False
propcache,3,3,0,7.713760461719362e-05,False
attrs,9,9,0,0.0032605521914861966,False
brotlicffi,4,4,0,0.0004537778390971543,False
brotli,9,9,0,0.002327131369605704,False
backports.zstd,1,1,0,0.0,False
aiomysql,3,1,2,0.00024666819286431693,False
pymysql,5,3,2,0.0007466652866345508,False
anki,7,0,7,0.001581277345973172,False
requests,47,41,6,0.05280103924078579,False
decorator,1,1,0,0.0,False
orjson,11,11,0,0.004938359593991116,False
protobuf,15,15,0,0.004618992236508772,False
distro,2,2,0,1.902879694602514e-05,False
ansible,1,0,1,0.0,False
ansible-core,6,1,5,0.0026373625385481773,False
jinja2,27,25,2,0.01856797740064403,False
resolvelib,1,1,0,0.0,False
cryptography,54,31,23,0.05084922271714719,False
apache-airflow,106,8,105,0.12033016431404978,False
apache-airflow-providers-sendgrid,1,1,0,0.0,False
apache-airflow-providers-vertica,2,2,0,0.0,False
apache-airflow-providers-microsoft-psrp,1,1,0,0.0,False
apache-airflow-providers-apache-kylin,1,1,0,0.0,False
apache-airflow-providers-google,1,1,0,0.0,False
apache-airflow-providers-qdrant,1,1,0,0.0,False
apache-airflow-providers-samba,1,1,0,0.0,False
apache-airflow-providers-apache-livy,1,1,0,0.0,False
apache-airflow-providers-apache-beam,1,1,0,0.0,False
apache-airflow-providers-teradata,1,1,0,0.0,False
apache-airflow-providers-common-sql,9,3,7,0.0048615247773835645,False
apache-airflow-providers-common-compat,5,5,0,0.0001310479636006564,False
apache-airflow-providers-ssh,1,1,0,0.0,False
apache-airflow-providers-apprise,1,1,0,0.0,False
apache-airflow-providers-celery,1,1,0,0.0,False
apache-airflow-providers-apache-cassandra,1,1,0,0.0,False
apache-airflow-providers-trino,2,2,0,0.0,False
apache-airflow-providers-apache-drill,1,1,0,0.0,False
apache-airflow-providers-dbt-cloud,1,1,0,0.0,False
apache-airflow-providers-standard,1,1,0,0.0,False
apache-airflow-task-sdk,1,1,0,0.0,False
apache-airflow-providers-pagerduty,1,1,0,0.0,False
apache-airflow-providers-cncf-kubernetes,7,1,7,0.005753717010359186,False
apache-airflow-providers-postgres,1,1,0,0.0,False
apache-airflow-providers-odbc,1,1,0,0.0,False
apache-airflow-providers-atlassian-jira,1,1,0,0.0,False
apache-airflow-providers-apache-iceberg,1,1,0,0.0,False
apache-airflow-providers-apache-spark,1,1,0,0.0,False
apache-airflow-providers-elasticsearch,1,1,0,0.0,False
apache-airflow-providers-openfaas,1,1,0,0.0,False
apache-airflow-providers-apache-druid,1,1,0,0.0,False
apache-airflow-providers-openai,1,1,0,0.0,False
apache-airflow-providers-salesforce,1,1,0,0.0,False
apache-airflow-providers-apache-impala,1,1,0,0.0,False
apache-airflow-providers-grpc,1,1,0,0.0,False
apache-airflow-providers-common-messaging,1,1,0,0.0,False
apache-airflow-providers-presto,2,2,0,0.0,False
apache-airflow-providers-jenkins,1,1,0,0.0,False
apache-airflow-providers-apache-pig,1,1,0,0.0,False
apache-airflow-providers-mongo,3,1,3,0.0024941332070316583,False
apache-airflow-providers-fab,17,1,17,0.009400678640921015,False
apache-airflow-providers-weaviate,1,1,0,0.0,False
apache-airflow-providers-alibaba,1,1,0,0.0,False
apache-airflow-providers-apache-pinot,1,1,0,0.0,False
apache-airflow-providers-common-io,1,1,0,0.0,False
cloudpickle,8,8,0,0.013308031831123715,False
apache-airflow-providers-sftp,1,1,0,0.0,False
apache-airflow-providers-apache-tinkerpop,1,1,0,0.0,False
apache-airflow-providers-microsoft-winrm,1,1,0,0.0,False
apache-airflow-providers-arangodb,1,1,0,0.0,False
apache-airflow-providers-snowflake,10,1,10,0.006568850573200657,False
apache-airflow-providers-telegram,1,1,0,0.0,False
apache-airflow-providers-cloudant,1,1,0,0.0,False
apache-airflow-providers-yandex,1,1,0,0.0,False
apache-airflow-providers-mysql,10,1,10,0.0014931571315477898,False
apache-airflow-providers-edge3,1,1,0,0.0,False
apache-airflow-providers-apache-hdfs,1,1,0,0.0,False
apache-airflow-providers-tableau,1,1,0,0.0,False
apache-airflow-providers-pinecone,1,1,0,0.0,False
apache-airflow-providers-apache-flink,1,1,0,0.0,False
apache-airflow-providers-http,1,1,0,0.0,False
apache-airflow-providers-singularity,1,1,0,0.0,False
apache-airflow-providers-apache-hive,1,1,0,0.0,False
apache-airflow-providers-asana,1,1,0,0.0,False
apache-airflow-providers-imap,1,1,0,0.0,False
apache-airflow-providers-opensearch,1,1,0,0.0,False
apache-airflow-providers-opsgenie,1,1,0,0.0,False
apache-airflow-providers-exasol,1,1,0,0.0,False
apache-airflow-providers-oracle,1,1,0,0.0,False
apache-airflow-providers-slack,1,1,0,0.0,False
atlasclient,1,1,0,0.0,False
apache-airflow-providers-dingding,1,1,0,0.0,False
apache-airflow-providers-cohere,1,1,0,0.0,False
authlib,8,7,1,0.01465692095043423,False
apache-airflow-core,1,1,0,0.0,False
apache-airflow-providers-smtp,1,1,0,0.0,False
apache-airflow-providers-jdbc,1,1,0,0.0,False
apache-airflow-providers-ftp,3,1,3,2.883606122472519e-07,False
apache-airflow-providers-github,1,1,0,0.0,False
apache-airflow-providers-hashicorp,1,1,0,0.0,False
apache-airflow-providers-papermill,1,1,0,0.0,False
apache-airflow-providers-microsoft-azure,2,2,0,0.0,False
apache-airflow-providers-docker,1,1,0,0.0,False
apache-airflow-providers-influxdb,1,1,0,0.0,False
apache-airflow-providers-datadog,1,1,0,0.0,False
apache-airflow-providers-airbyte,1,1,0,0.0,False
uv,3,3,0,0.005413794365477112,False
apache-airflow-providers-git,1,1,0,0.0,False
apache-airflow-providers-zendesk,1,1,0,0.0,False
apache-airflow-providers-segment,1,1,0,0.0,False
apache-airflow-providers-neo4j,1,1,0,0.0,False
apache-airflow-providers-ydb,1,1,0,0.0,False
apache-airflow-providers-openlineage,5,5,0,5.84815214635806e-05,False
apache-airflow-providers-keycloak,1,1,0,0.0,False
apache-airflow-providers-apache-kafka,1,1,0,0.0,False
apache-airflow-providers-redis,1,1,0,0.0,False
apache-airflow-providers-microsoft-mssql,1,1,0,0.0,False
apache-airflow-providers-facebook,1,1,0,0.0,False
apache-airflow-providers-amazon,3,3,0,0.00014736184219846596,False
apache-airflow-providers-sqlite,1,1,0,0.0,False
amqp,1,1,0,0.0,False
apache-airflow-providers-databricks,1,1,0,0.0,False
apache-airflow-providers-discord,1,1,0,0.0,False
python-ldap,3,1,2,0.0015650904863778786,False
apache-airflow-providers-pgvector,1,1,0,0.0,False
asgiref,6,6,0,0.00072156273048437,False
kubernetes,3,3,0,0.00042133033943075014,False
kubernetes-asyncio,1,1,0,0.0,False
sqlparse,6,3,3,0.0009765324478678599,False
methodtools,1,1,0,0.0,False
more-itertools,5,5,0,0.0009578331697734037,False
polars,5,5,0,0.0007878823019888006,False
pandas,29,29,0,0.025374114359062984,False
connexion,1,1,0,0.0,False
flask,19,10,9,0.005768579599476512,False
kerberos,1,1,0,0.0,False
jmespath,3,3,0,0.0002623593003076808,False
flask-sqlalchemy,2,2,0,0.0,False
werkzeug,9,7,2,0.0009110011126242287,False
blinker,5,5,0,0.0003911723711853563,False
flask-wtf,3,3,0,0.00018234156026848708,False
wtforms,2,2,0,0.0,False
flask-login,2,2,0,0.0,False
msgpack,4,4,0,0.0011314960738752588,False
flask-appbuilder,25,1,24,0.013565261047165036,False
flask-session,1,1,0,0.0,False
flask-limiter,3,3,0,0.0003590581466080466,False
dnspython,25,4,21,0.008610487610760645,False
mysql-connector-python,8,2,6,0.003039486958733418,False
mysqlclient,2,2,0,0.00033102067666658156,False
pyarrow,15,15,0,0.004962394823056778,False
snowflake-connector-python,38,4,34,0.012894103971353519,False
snowflake-sqlalchemy,1,1,0,0.0,False
snowflake-snowpark-python,2,2,0,9.685844440820469e-06,False
asteval,8,1,7,3.325858749358112e-05,False
coverage,24,24,0,0.009219004977433647,False
sphinx,30,30,0,0.013956431617500336,False
astropy,52,1,51,0.030715971590239945,False
mpmath,1,1,0,0.0,False
bleach,1,1,0,0.0,False
h5py,3,3,0,0.0001990882367197626,False
sphinx-design,2,2,0,3.072464511471652e-05,False
dask,3,3,0,0.0001580533982302421,False
jupyter-core,15,3,12,0.002061168412875328,False
beautifulsoup4,9,9,0,0.0025223037374983784,False
pandas-stubs,3,3,0,0.0001755428034573002,False
sgp4,1,1,0,0.0,False
fsspec,14,14,0,0.00430315687030462,False
skyfield,1,1,0,0.0,False
ipython,12,12,0,0.0020788195277374713,False
asdf-astropy,1,1,0,0.0,False
pyerfa,1,1,0,0.0,False
jplephem,1,1,0,0.0,False
numpy,43,43,0,0.02834329613448806,False
ipykernel,5,5,0,0.00010542333764638906,False
ipywidgets,4,4,0,0.00012937708413686159,False
scipy,18,18,0,0.01095822211609699,False
html5lib,3,3,0,0.0002450399591270218,False
s3fs,2,2,0,5.4280721988445885e-05,False
pre-commit,17,17,0,0.0045890985049453865,False
pytest-astropy-header,1,1,0,0.0,False
array-api-strict,1,1,0,0.0,False
pytest-doctestplus,1,1,0,0.0,False
pytest-astropy,1,1,0,0.0,False
sphinx-astropy,1,1,0,0.0,False
sphinxcontrib-globalsubs,1,1,0,0.0,False
threadpoolctl,2,2,0,3.072464511471652e-05,False
objgraph,2,2,0,7.167303992748347e-05,False
bottleneck,1,1,0,0.0,False
astropy-iers-data,1,1,0,0.0,False
uncompresspy,1,1,0,0.0,False
asdf,1,1,0,0.0,False
pytest-xdist,16,16,0,0.006604138897070798,False
certifi,13,13,0,0.0039853937950946215,False
sphinx-changelog,1,1,0,0.0,False
ipydatagrid,1,1,0,0.0,False
tox,9,9,0,0.002132482187575814,False
sortedcontainers,3,3,0,0.00018624304815701893,False
pytz,8,8,0,0.0012990844583726188,False
asyncssh,9,0,9,0.004266898217968495,False
libnacl,1,1,0,0.0,False
bcrypt,8,8,0,0.001499174778752151,False
fido2,2,2,0,1.53125881197672e-05,False
python-pkcs11,1,1,0,0.0,False
pywin32,5,5,0,0.0006450008275982991,False
gssapi,3,3,0,4.499514987962467e-05,False
pyopenssl,12,12,0,0.003879952051864359,False
aws-sam-cli,51,0,51,0.026886528843319595,False
parameterized,2,2,0,6.863980347388532e-05,False
click,24,24,0,0.011733317870761236,False
aws-sam-translator,1,1,0,0.0,False
pytest-metadata,1,1,0,0.0,False
tomlkit,5,5,0,0.0003572684077151582,False
regex,6,6,0,0.0008249284689635625,False
types-pywin32,1,1,0,0.0,False
chevron,1,1,0,0.0,False
aws-lambda-builders,1,1,0,0.0,False
pytest-timeout,18,18,0,0.005309250820704606,False
cookiecutter,3,3,0,0.00023300765293588513,False
dateparser,2,2,0,0.00010220525355622726,False
docker,6,6,0,0.0016143932421755047,False
ruamel-yaml,2,2,0,0.00010220525355622726,False
boto3-stubs,1,1,0,0.0,False
jsonschema,13,13,0,0.00484505353143072,False
types-jsonschema,1,1,0,0.0,False
pytest-json-report-wip,1,1,0,0.0,False
types-docutils,1,1,0,0.0,False
types-dateparser,1,1,0,0.0,False
types-requests,4,4,0,0.00037160034761334727,False
types-pygments,1,1,0,0.0,False
black,25,12,13,0.009749801923232842,False
types-urllib3,1,1,0,0.0,False
types-chevron,1,1,0,0.0,False
types-pyopenssl,3,3,0,0.0003386953468607806,False
pytest-forked,2,2,0,8.131008209757778e-05,False
psutil,18,18,0,0.008912538355432735,False
tzlocal,1,1,0,0.0,False
filelock,9,9,0,0.0013171893167168436,False
pytest-rerunfailures,8,8,0,0.0008994367897512609,False
types-psutil,2,2,0,7.785804146124675e-05,False
cfn-lint,1,1,0,0.0,False
watchdog,5,5,0,0.0002356093143474471,False
types-setuptools,3,3,0,0.00047934424093317574,False
types-colorama,1,1,0,0.0,False
azure-identity,8,3,5,0.004116098293436481,False
azure-core,1,1,0,0.0,False
msal-extensions,1,1,0,0.0,False
msal,1,1,0,0.0,False
uvloop,5,5,0,0.0004283286038486065,False
mypy-extensions,3,3,0,0.00022463304823937516,False
pytokens,1,1,0,0.0,False
platformdirs,10,10,0,0.0021794651792738525,False
tokenize-rt,1,1,0,0.0,False
tomli,8,8,0,0.0009886077466393411,False
colorama,7,7,0,0.0016090799499337877,False
pathspec,5,5,0,0.00037524080395287464,False
browser-use,49,0,49,0.026239513749493147,False
textual,1,1,0,0.0,False
google-auth,2,2,0,2.470304446028502e-05,False
imgcat,1,1,0,0.0,False
posthog,2,2,0,2.470304446028502e-05,False
langchain-openai,3,3,0,0.00013604026520809534,False
imageio,2,2,0,5.7043445252937665e-05,False
datamodel-code-generator,1,1,0,0.0,False
botocore,4,4,0,0.0001384910436601382,False
google-api-core,3,3,0,0.000256080992033377,False
anyio,8,8,0,0.0008958631494717571,False
lmnr,1,1,0,0.0,False
screeninfo,1,1,0,0.0,False
cdp-use,1,1,0,0.0,False
markdownify,4,2,2,0.00020360980160839305,False
oci,1,1,0,0.0,False
uuid7,1,1,0,0.0,False
pyobjc,1,1,0,0.0,False
inquirerpy,1,1,0,0.0,False
agentmail,1,1,0,0.0,False
tabulate,5,5,0,0.0013237153373285636,False
portalocker,2,2,0,1.0868767551739154e-05,False
pyotp,1,1,0,0.0,False
bubus,1,1,0,0.0,False
cadwyn,8,0,8,0.0015405397486192352,False
starlette,14,7,7,0.0010765229716425597,False
backports-strenum,1,1,0,0.0,False
typing-inspection,2,2,0,0.0,False
check-jsonschema,6,0,6,0.0015875483195424763,False
regress,1,1,0,0.0,False
ruamel.yaml,3,3,0,0.00037767656495015244,False
clearml,21,0,21,0.0051375692314899,False
six,6,6,0,0.0015781872747211493,False
azure-storage-blob,4,4,0,0.00022277661732005783,False
urllib3,17,12,5,0.0072649135124559045,False
pathlib2,1,1,0,0.0,False
referencing,1,1,0,0.0,False
python-dateutil,9,9,0,0.003504322352510362,False
furl,1,1,0,0.0,False
pyparsing,4,4,0,0.00015479029249491102,False
copier,16,1,15,0.007882787187276957,False
jinja2-ansible-filters,1,1,0,0.0,False
dunamai,1,1,0,0.0,False
eval-type-backport,2,2,0,2.2299100284148903e-05,False
questionary,1,1,0,0.0,False
pygments,6,6,0,0.0006760760470920741,False
funcy,2,2,0,1.3142666919751687e-05,False
plumbum,2,2,0,0.0013097339008270182,False
alphashape,1,1,0,0.0,False
sentence-transformers,3,3,0,8.327610304458595e-05,False
humanize,2,2,0,6.210300723159583e-05,False
rank-bm25,2,2,0,2.2358104255370435e-05,False
fake-useragent,2,2,0,2.2358104255370435e-05,False
scikit-learn,43,10,33,0.018883715524655863,False
selenium,2,2,0,2.4884364999906782e-05,False
shapely,3,3,0,0.00012099788112136178,False
aiosqlite,4,4,0,0.0008902973342425406,False
nltk,18,6,12,0.007380146887858513,False
patchright,1,1,0,0.0,False
cssselect,2,2,0,8.52259980502341e-05,False
transformers,106,8,99,0.07474745852569029,True
snowballstemmer,2,2,0,3.9286853021353704e-05,False
torch,37,11,26,0.02719291837162682,True
tokenizers,4,4,0,0.00010447331942365766,False
xxhash,1,1,0,0.0,False
chardet,2,2,0,0.0,False
pypdf2,1,1,0,0.0,False
lxml,8,8,0,0.001700978232323022,False
lark,2,2,0,2.2992695743528185e-05,False
tf-playwright-stealth,1,1,0,0.0,False
sphinxcontrib-spelling,4,4,0,0.0001219982037822503,False
sphinx-rtd-theme,14,14,0,0.003286356998002168,False
pyenchant,1,1,0,0.0,False
pretend,1,1,0,0.0,False
pytest-benchmark,3,3,0,7.625893803314801e-05,False
cryptography-vectors,1,1,0,0.0,False
nox,2,2,0,3.203240536542852e-05,False
readme-renderer,1,1,0,0.0,False
check-sdist,1,1,0,0.0,False
sphinx-inline-tabs,3,3,0,9.298631773992028e-05,False
pytest-randomly,3,3,0,0.00011682174815767114,False
cffi,7,7,0,0.0010523575843450757,False
curl-cffi,25,1,24,0.008621092165313907,False
readability-lxml,1,1,0,0.0,False
proxy.py,1,1,0,0.0,False
cibuildwheel,1,1,0,0.0,False
wheel,12,12,0,0.0010871772444449358,False
pytest-trio,1,1,0,0.0,False
trio,2,2,0,9.729218012001006e-06,False
trustme,1,1,0,0.0,False
websockets,7,7,0,0.0007494249261708836,False
charset-normalizer,6,6,0,0.0004695755224283029,False
dagster,71,0,71,0.035344391810767116,False
types-paramiko,1,1,0,0.0,False
types-backports,1,1,0,0.0,False
grpcio-tools,3,3,0,0.0002586094786558805,False
types-six,1,1,0,0.0,False
types-python-dateutil,2,2,0,5.83276111448298e-05,False
universal-pathlib,1,1,0,0.0,False
structlog,2,2,0,9.590947003007849e-05,False
mypy-protobuf,2,2,0,5.83276111448298e-05,False
morefs,1,1,0,0.0,False
types-toml,2,2,0,4.958904154137122e-05,False
rapidfuzz,3,3,0,0.00027764841606957714,False
types-tzlocal,1,1,0,0.0,False
toposort,1,1,0,0.0,False
dagster-pipes,1,1,0,0.0,False
tqdm,25,16,9,0.011740826865464914,False
types-chardet,1,1,0,0.0,False
syrupy,1,1,0,0.0,False
coloredlogs,2,2,0,4.2002929303287855e-05,False
types-certifi,1,1,0,0.0,False
types-mock,1,1,0,0.0,False
dagster-shared,1,1,0,0.0,False
responses,3,3,0,5.699264058712789e-05,False
types-cryptography,1,1,0,0.0,False
pyright,3,3,0,0.00015135639991505212,False
alembic,5,5,0,0.0010986778137482024,False
tzdata,4,4,0,0.00036023305836005713,False
grpcio-health-checking,3,3,0,0.0002586094786558805,False
antlr4-python3-runtime,1,1,0,0.0,False
setuptools,58,14,45,0.03639942696464439,False
flaky,4,4,0,0.00023069227001363825,False
types-tabulate,2,2,0,5.83276111448298e-05,False
grpcio,6,6,0,0.000982335457608523,False
buildkite-test-collector,1,1,0,0.0,False
types-pytz,2,2,0,5.83276111448298e-05,False
types-simplejson,1,1,0,0.0,False
dash,50,0,50,0.023740260818010152,False
multiprocess,1,1,0,0.0,False
dash-testing-stub,1,1,0,0.0,False
waitress,8,2,6,0.0011301541946124988,False
diskcache,3,3,0,0.00011802424333430712,False
plotly-cloud,1,1,0,0.0,False
mock,4,4,0,0.0005145225686192182,False
mimesis,1,1,0,0.0,False
importlib-metadata,19,19,0,0.00875608104221754,False
xlrd,3,3,0,0.00010749301270524688,False
plotly,4,4,0,0.00028353634641108583,False
retrying,1,1,0,0.0,False
nest-asyncio,3,3,0,0.0002919768997383944,False
celery,3,3,0,0.0002614600909892599,False
pyzmq,4,4,0,0.0003530365582700416,False
percy,1,1,0,0.0,False
jupyterlab,54,3,51,0.02672410234243176,False
flask-compress,1,1,0,0.0,False
dash-ag-grid,1,1,0,0.0,False
flask-talisman,2,2,0,9.791423835601388e-05,False
fire,1,1,0,0.0,False
flake8,9,9,0,0.0010727832690412549,False
pytest-sugar,2,2,0,1.2038453768611652e-05,False
pylint,3,3,0,0.00010887776210217967,False
openpyxl,3,3,0,0.00010749301270524688,False
kombu,1,1,0,0.0,False
dbt-core,22,0,22,0.012482083746287308,False
daff,1,1,0,0.0,False
agate,1,1,0,0.0,False
dbt-common,1,1,0,0.0,False
dbt-semantic-interfaces,1,1,0,0.0,False
networkx,7,7,0,0.002054785123960776,False
dbt-adapters,1,1,0,0.0,False
mashumaro,1,1,0,0.0,False
dbt-protos,1,1,0,0.0,False
dbt-extractor,1,1,0,0.0,False
snowplow-tracker,1,1,0,0.0,False
deepdiff,27,1,26,0.009319388751117125,False
sphinx-sitemap,1,1,0,0.0,False
ipdb,1,1,0,0.0,False
bump2version,2,2,0,1.4430586993569382e-05,False
tomli-w,3,3,0,4.1211298969351665e-05,False
uuid6,1,1,0,0.0,False
flake8-pyproject,1,1,0,0.0,False
sphinxemoji,2,2,0,3.6708815923186086e-05,False
jsonpickle,2,2,0,0.0,False
orderly-set,2,2,0,0.0,False
deepspeed,47,3,45,0.023297308047483395,False
py-cpuinfo,2,2,0,2.7664638438454093e-05,False
torchvision,7,7,0,0.0004348892476671196,False
clang-format,1,1,0,0.0,False
mpi4py,1,1,0,0.0,False
future,1,1,0,0.0,False
neural-compressor,1,1,0,0.0,False
sentencepiece,7,7,0,0.0005217407972054186,False
safetensors,3,3,0,1.5238526016685393e-05,False
mup,1,1,0,0.0,False
comet-ml,1,1,0,0.0,False
google,1,1,0,0.0,False
accelerate,4,4,0,0.00029713014283969666,False
wandb,1,1,0,0.0,False
tensorboard,5,5,0,0.00016100704685715215,False
docutils,3,3,0,0.00011496089246064674,False
deepspeed-kernels,1,1,0,0.0,False
xgboost,2,2,0,0.00012228152529592432,False
autodoc-pydantic,2,2,0,4.6593508015732663e-05,False
recommonmark,1,1,0,0.0,False
einops,4,4,0,0.00030524338749783733,False
qtorch,1,1,0,0.0,False
lm-eval,1,1,0,0.0,False
ninja,5,5,0,0.0001455850690536936,False
hjson,1,1,0,0.0,False
triton,3,3,0,3.847029545521338e-06,False
diffusers,2,2,0,3.774963516955249e-05,False
django,10,5,5,0.0012626227337738877,False
argon2-cffi,4,4,0,0.00044234346689552055,False
djangorestframework,2,1,1,0.0,False
djangorestframework-simplejwt,21,0,21,0.008155850632891587,False
pyupgrade,1,1,0,0.0,False
pytest-django,1,1,0,0.0,False
pytest-watch,1,1,0,0.0,False
yesqa,1,1,0,0.0,False
python-jose,10,2,8,0.007029045067592664,False
freezegun,1,1,0,0.0,False
idna,10,6,4,0.0021852713818384588,False
wmi,1,1,0,0.0,False
hypercorn,2,2,0,1.0162465415742294e-05,False
quart-trio,1,1,0,0.0,False
httpcore,3,3,0,0.00026667979304404756,False
aioquic,2,2,0,2.5938062678386052e-05,False
h2,6,4,2,0.0017982865998008308,False
adbc-driver-manager,1,1,0,0.0,False
ecdsa,4,1,3,0.0026301088190543824,False
gmpy,1,1,0,0.0,False
gmpy2,1,1,0,0.0,False
embedchain,43,0,43,0.018418400063445212,False
google-generativeai,2,2,0,3.151659833992033e-05,False
langchain,24,4,20,0.018180271879479633,True
elasticsearch,3,3,0,0.00024368065726726457,False
langchain-google-vertexai,2,2,0,0.0,False
together,1,1,0,0.0,False
pysbd,1,1,0,0.0,False
replicate,1,1,0,0.0,False
psycopg-pool,1,1,0,0.0,False
opensearch-py,2,2,0,3.151659833992033e-05,False
langchain-cohere,1,1,0,0.0,False
gptcache,1,1,0,0.0,False
schema,3,3,0,0.0007768417151050751,False
langchain-community,16,4,12,0.0047964179335669935,True
langchain-mistralai,2,2,0,0.0,False
langchain-aws,2,2,0,0.0,False
gpt4all,1,1,0,0.0,False
langsmith,3,3,0,1.76276648677451e-05,False
eth-abi,21,0,21,0.00874450578752343,False
parsimonious,1,1,0,0.0,False
sphinx-autobuild,3,3,0,0.0001433926257082999,False
towncrier,5,5,0,0.0005797843571461259,False
bump-my-version,1,1,0,0.0,False
hypothesis,2,2,0,4.243890619333599e-05,False
eth-typing,1,1,0,0.0,False
eth-hash,1,1,0,0.0,False
pytest-pythonpath,1,1,0,0.0,False
eth-utils,1,1,0,0.0,False
eventlet,10,1,9,0.0015604680225623968,False
greenlet,2,2,0,5.1866325608858657e-05,False
isort,5,5,0,0.00036468837531248904,False
pip-tools,3,3,0,9.831184303753041e-05,False
commitizen,1,1,0,0.0,False
pyperclip,2,2,0,5.587401865921105e-05,False
jsonschema-path,1,1,0,0.0,False
openapi-pydantic,1,1,0,0.0,False
cyclopts,1,1,0,0.0,False
exceptiongroup,4,4,0,0.0003490688087004937,False
py-key-value-aio,1,1,0,0.0,False
feast,144,1,143,0.10195567424706042,False
grpcio-reflection,2,2,0,8.79399276066522e-05,False
ray,49,3,47,0.024804277317496962,False
cython,3,3,0,1.1601852752311513e-05,False
toml,4,4,0,0.00047842577448701216,False
poetry-dynamic-versioning,1,1,0,0.0,False
milvus-lite,1,1,0,0.0,False
ikvpy,1,1,0,0.0,False
deltalake,2,2,0,0.0,False
python-keycloak,1,1,0,0.0,False
great-expectations,1,1,0,0.0,False
patchelf,1,1,0,0.0,False
google-cloud-datastore,1,1,0,0.0,False
moto,2,2,0,8.485992032275981e-05,False
sqlite-vec,2,2,0,0.0005366474269390531,False
ibis-substrait,1,1,0,0.0,False
hazelcast-python-client,1,1,0,0.0,False
faiss-cpu,2,2,0,0.0,False
types-protobuf,1,1,0,0.0,False
hiredis,1,1,0,0.0,False
hatchling,2,2,0,5.4036928452857845e-05,False
googleapis-common-protos,2,2,0,8.485992032275981e-05,False
flit-core,1,1,0,0.0,False
typeguard,2,2,0,9.488242843934827e-05,False
pyodbc,2,2,0,0.0,False
uvicorn-worker,1,1,0,0.0,False
google-cloud-bigquery-storage,2,2,0,0.0,False
scikit-build-core,1,1,0,0.0,False
pytest-lazy-fixture,1,1,0,0.0,False
meson-python,2,2,0,0.0,False
virtualenv,29,6,24,0.013131887059680443,False
pybindgen,1,1,0,0.0,False
hatch-vcs,1,1,0,0.0,False
pytest-env,2,2,0,0.0,False
minio,1,1,0,0.0,False
gunicorn,12,3,9,0.002487720592660949,False
pyspark,5,5,0,0.0021106254972988354,False
sqlglot,2,2,0,0.0,False
testcontainers,1,1,0,0.0,False
trino,2,2,0,0.0,False
cassandra-driver,1,1,0,0.0,False
dill,4,4,0,0.0006912992287252962,False
prometheus-client,7,7,0,0.0016901617458888467,False
codeflare-sdk,1,1,0,0.0,False
grpcio-testing,1,1,0,0.0,False
types-redis,1,1,0,0.0,False
mmh3,1,1,0,0.0,False
calver,1,1,0,0.0,False
datasets,4,4,0,0.00017252420402649103,False
poetry-core,1,1,0,0.0,False
google-cloud-bigtable,1,1,0,0.0,False
meson,1,1,0,0.0,False
types-pymysql,1,1,0,0.0,False
py,1,1,0,0.0,False
couchbase-columnar,1,1,0,0.0,False
happybase,1,1,0,0.0,False
timm,3,3,0,8.79399276066522e-05,False
ibis-framework,46,1,45,0.02822130530860554,False
singlestoredb,1,1,0,0.0,False
pymssql,1,1,0,0.0,False
hatch-fancy-pypi-readme,1,1,0,0.0,False
aiobotocore,1,1,0,0.0,False
bigtree,1,1,0,0.0,False
assertpy,1,1,0,0.0,False
fastapi-mcp,1,1,0,0.0,False
pytest-ordering,1,1,0,0.0,False
tenacity,5,5,0,0.00028338696129065027,False
docling,1,1,0,0.0,False
fiona,16,1,15,0.003275669953060602,False
click-plugins,1,1,0,0.0,False
cligj,1,1,0,0.0,False
markupsafe,8,8,0,0.0005310380165897767,False
itsdangerous,5,5,0,9.692399137706529e-05,False
prison,1,1,0,0.0,False
marshmallow,1,1,0,0.0,False
marshmallow-sqlalchemy,1,1,0,0.0,False
flask-babel,1,1,0,0.0,False
apispec,1,1,0,0.0,False
flask-jwt-extended,1,1,0,0.0,False
sqlalchemy-utils,1,1,0,0.0,False
flask-cors,3,1,2,2.0618986815154292e-05,False
fonttools,15,1,14,0.009642331269325632,False
zopfli,1,1,0,0.0,False
pycairo,1,1,0,0.0,False
skia-pathops,1,1,0,0.0,False
sympy,4,4,0,0.0007776440463022667,False
uharfbuzz,1,1,0,0.0,False
unicodedata2,1,1,0,0.0,False
munkres,1,1,0,0.0,False
lz4,2,2,0,0.0001650178417442762,False
xattr,1,1,0,0.0,False
pytest-instafail,1,1,0,0.0,False
sphinx-autodoc-typehints,4,4,0,8.927064755353502e-05,False
ddt,1,1,0,0.0,False
gitdb,1,1,0,0.0,False
gradio,33,1,32,0.010114149659847485,False
safehttpx,1,1,0,0.0,False
groovy,1,1,0,0.0,False
ffmpy,1,1,0,0.0,False
audioop-lts,2,2,0,2.7412891107376475e-05,False
pydub,2,2,0,2.542403869135964e-05,False
semantic-version,1,1,0,0.0,False
gradio-client,1,1,0,0.0,False
tornado,7,7,0,0.001161168909942151,False
gevent,1,1,0,0.0,False
setproctitle,3,3,0,6.530026679143193e-05,False
hyperframe,2,2,0,0.0,False
hpack,1,1,0,0.0,False
homeassistant,50,0,50,0.03833131839761152,False
psutil-home-assistant,1,1,0,0.0,False
awesomeversion,1,1,0,0.0,False
aiozoneinfo,1,1,0,0.0,False
lru-dict,1,1,0,0.0,False
zeroconf,1,1,0,0.0,False
voluptuous,1,1,0,0.0,False
aiohttp-asyncmdnsresolver,1,1,0,0.0,False
standard-aifc,1,1,0,0.0,False
hass-nabucasa,1,1,0,0.0,False
fnv-hash-fast,1,1,0,0.0,False
voluptuous-serialize,1,1,0,0.0,False
aiohttp-cors,2,2,0,7.798727459309504e-05,False
async-interrupt,1,1,0,0.0,False
voluptuous-openapi,1,1,0,0.0,False
aiohasupervisor,1,1,0,0.0,False
python-slugify,2,2,0,0.00012080987638464088,False
ifaddr,1,1,0,0.0,False
ciso8601,1,1,0,0.0,False
ulid-transform,1,1,0,0.0,False
aiohttp-fast-zlib,1,1,0,0.0,False
standard-telnetlib,1,1,0,0.0,False
webrtc-models,1,1,0,0.0,False
cronsim,1,1,0,0.0,False
securetar,1,1,0,0.0,False
annotatedyaml,1,1,0,0.0,False
home-assistant-bluetooth,1,1,0,0.0,False
astral,1,1,0,0.0,False
atomicwrites-homeassistant,1,1,0,0.0,False
httpie,27,0,27,0.010116813961167696,False
pip,3,3,0,1.3374464239763779e-05,False
pytest-httpbin,1,1,0,0.0,False
flake8-mutable,1,1,0,0.0,False
flake8-tuple,1,1,0,0.0,False
flake8-deprecated,1,1,0,0.0,False
requests-toolbelt,1,1,0,0.0,False
defusedxml,3,3,0,0.0002536123530991553,False
flake8-comprehensions,1,1,0,0.0,False
pyproj,1,1,0,0.0,False
oracledb,2,2,0,0.0001991281373440169,False
parsy,1,1,0,0.0,False
pydruid,1,1,0,0.0,False
geopandas,1,1,0,0.0,False
db-dtypes,1,1,0,0.0,False
pins,1,1,0,0.0,False
atpublic,1,1,0,0.0,False
pyathena,1,1,0,0.0,False
impyla,1,1,0,0.0,False
pyarrow-hotfix,1,1,0,0.0,False
databricks-sql-connector-core,1,1,0,0.0,False
graphviz,3,3,0,0.00019781458416093174,False
psycopg2,1,1,0,0.0,False
pydata-google-auth,1,1,0,0.0,False
pandas-gbq,1,1,0,0.0,False
toolz,1,1,0,0.0,False
datafusion,1,1,0,0.0,False
pyexasol,1,1,0,0.0,False
geoarrow-types,1,1,0,0.0,False
babel,2,2,0,0.0,False
js2py,3,0,3,2.5952455102252674e-06,False
pyjsparser (,1,1,0,0.0,False
six (,1,1,0,0.0,False
tzlocal (,1,1,0,0.0,False
traitlets,3,3,0,0.0,False
myst-parser,6,6,0,0.00015692536166655064,False
pydata-sphinx-theme,5,5,0,0.000124693082623708,False
intersphinx-registry,1,1,0,0.0,False
jupyter-lsp,3,1,2,5.298626250043254e-06,False
jupyter-server,38,3,35,0.016990376843063777,False
jupyter-client,1,1,0,0.0,False
sphinxcontrib-openapi,1,1,0,0.0,False
terminado,1,1,0,0.0,False
sphinxcontrib-github-alt,2,2,0,0.0,False
jupyter-server-terminals,1,1,0,0.0,False
nbformat,2,2,0,0.0002350794449810782,False
websocket-client,2,2,0,2.2987053894690213e-05,False
pytest-console-scripts,3,3,0,0.0,False
pytest-jupyter,2,2,0,0.0,False
nbconvert,2,2,0,0.0,False
overrides,1,1,0,0.0,False
jupyter-events,1,1,0,0.0,False
send2trash,1,1,0,0.0,False
pywinpty,1,1,0,0.0,False
hatch,3,3,0,1.70403720245621e-05,False
vega-datasets,1,1,0,0.0,False
sphinx-copybutton,3,3,0,4.586285550794104e-05,False
jupyterlab-geojson,1,1,0,0.0,False
requests-cache,1,1,0,0.0,False
notebook-shim,2,2,0,0.0,False
async-lru,1,1,0,0.0,False
jinja2-time,1,1,0,0.0,False
pyyaml-include,1,1,0,0.0,False
altair,2,2,0,1.5497131305028202e-05,False
pytest-tornasync,2,2,0,0.0,False
jupyterlab-server,3,3,0,0.0,False
jsx-lexer,1,1,0,0.0,False
pytest-check-links,1,1,0,0.0,False
jupyterlab-language-pack-zh-cn,1,1,0,0.0,False
jwcrypto,2,0,2,0.0,False
kedro,57,1,56,0.029361675147681503,False
requests-mock,1,1,0,0.0,False
mkdocs-material,2,2,0,3.6972198157761234e-05,False
behave,1,1,0,0.0,False
omegaconf,4,4,0,0.00023268068375968906,False
parse,1,1,0,0.0,False
mkdocs-mermaid2-plugin,1,1,0,0.0,False
detect-secrets,1,1,0,0.0,False
jupyter,2,2,0,3.6972198157761234e-05,False
dynaconf,1,1,0,0.0,False
pluggy,3,3,0,0.00030829877976499095,False
mkdocs-autorefs,1,1,0,0.0,False
mkdocs-click,1,1,0,0.0,False
asv,1,1,0,0.0,False
cachetools,4,4,0,0.0004206496253927065,False
ipylab,1,1,0,0.0,False
mkdocs-get-deps,1,1,0,0.0,False
kedro-datasets,1,1,0,0.0,False
mkdocstrings-python,1,1,0,0.0,False
mkdocs,2,2,0,3.6972198157761234e-05,False
kedro-telemetry,1,1,0,0.0,False
importlib-resources,4,4,0,0.00018371826728173202,False
mkdocstrings,2,2,0,3.6972198157761234e-05,False
notebook,22,1,21,0.003959994293077313,False
mkdocs-material-extensions,2,2,0,3.6972198157761234e-05,False
griffe,2,2,0,0.00011170911078031297,False
import-linter,1,1,0,0.0,False
types-cachetools,1,1,0,0.0,False
keras,9,1,8,0.0037269759558025803,False
namex,1,1,0,0.0,False
absl-py,1,1,0,0.0,False
optree,2,2,0,2.7707527210853757e-05,False
ml-dtypes,2,2,0,1.945850068505997e-06,False
langchain-xai,1,1,0,0.0,False
langchain-model-profiles,1,1,0,0.0,False
langchain-perplexity,1,1,0,0.0,False
langchain-huggingface,1,1,0,0.0,False
langchain-deepseek,1,1,0,0.0,False
langchain-azure-ai,1,1,0,0.0,False
langchain-fireworks,1,1,0,0.0,False
langchain-google-genai,1,1,0,0.0,False
langchain-anthropic,1,1,0,0.0,False
langchain-ollama,1,1,0,0.0,False
langchain-groq,1,1,0,0.0,False
langgraph,2,2,0,0.0,False
langchain-core,12,5,7,0.00435992379647508,True
langchain-together,1,1,0,0.0,False
langchain-classic,1,1,0,0.0,False
dataclasses-json,3,3,0,4.759763758717096e-05,False
httpx-sse,2,2,0,3.9505511323714545e-06,False
jsonpatch,2,2,0,3.19427005310521e-05,False
langchain-experimental,2,0,2,0.0,True
langchain-text-splitters,1,0,1,0.0,True
langgraph-checkpoint,3,1,2,8.829077742051256e-05,False
ormsgpack,2,2,0,0.0001432208528667543,False
langgraph-checkpoint-sqlite,3,0,3,3.801525833607122e-05,False
lightgbm,7,0,7,0.00013906423475440336,False
lightning,39,0,39,0.008879229733013645,False
lightning-utilities,2,2,0,0.0,False
pytorch-lightning,37,1,36,0.007126802194325202,True
pytest-random-order,2,2,0,0.0,False
onnxscript,2,2,0,0.0,False
onnxruntime,6,6,0,0.00023412647227806708,False
litdata,1,1,0,0.0,False
onnx,9,4,5,0.0011842395721598001,False
bitsandbytes,2,2,0,0.0,False
torchmetrics,2,2,0,0.0,False
tensorboardx,3,3,0,1.8170884398342707e-05,False
hydra-core,2,2,0,0.0,False
jsonargparse,2,2,0,0.0,False
fastuuid,1,1,0,0.0,False
litellm-enterprise,1,1,0,0.0,False
semantic-router,1,1,0,0.0,False
mlflow,45,2,43,0.028637484739494845,False
numpydoc,2,2,0,4.363058579457366e-05,False
prisma,1,1,0,0.0,False
litellm-proxy-extras,1,1,0,0.0,False
apscheduler,2,2,0,2.3003268229355464e-05,False
pynacl,3,3,0,7.24988104039862e-05,False
fastapi-sso,1,1,0,0.0,False
rq,2,2,0,0.0,False
azure-keyvault-secrets,1,1,0,0.0,False
soundfile,4,4,0,0.00024221191838932373,False
backoff,2,2,0,0.00011931064995780998,False
tiktoken,9,9,0,0.001492293647440052,False
google-cloud-kms,1,1,0,0.0,False
google-cloud-iam,1,1,0,0.0,False
resend,1,1,0,0.0,False
litestar,40,2,38,0.02123860201509716,False
valkey,1,1,0,0.0,False
advanced-alchemy,1,1,0,0.0,False
annotated-types,2,2,0,0.0,False
minijinja,1,1,0,0.0,False
fast-query-parsers,1,1,0,0.0,False
msgspec,3,3,0,0.000153913382316006,False
polyfactory,1,1,0,0.0,False
picologging,1,1,0,0.0,False
litestar-htmx,1,1,0,0.0,False
multipart,1,1,0,0.0,False
mako,1,1,0,0.0,False
piccolo,1,1,0,0.0,False
jsbeautifier,1,1,0,0.0,False
pydantic-extra-types,2,2,0,5.039094097929376e-05,False
opentelemetry-instrumentation-asgi,1,1,0,0.0,False
rich-click,1,1,0,0.0,False
llama-index,8,0,8,0.005684658709883965,False
llama-index-indices-managed-llama-cloud,1,1,0,0.0,False
llama-index-readers-file,1,1,0,0.0,False
llama-index-core,30,2,28,0.01672780269531793,False
llama-index-readers-llama-parse,1,1,0,0.0,False
llama-index-embeddings-openai,2,2,0,0.0,False
llama-index-cli,4,1,3,0.0008745969523642772,False
llama-index-llms-openai,2,2,0,0.0,False
deprecated,1,1,0,0.0,False
filetype,4,4,0,0.000218778542802171,False
typing-inspect,1,1,0,0.0,False
dirtyjson,1,1,0,0.0,False
banks,1,1,0,0.0,False
wrapt,2,2,0,2.0337566971025137e-05,False
llama-index-workflows,1,1,0,0.0,False
mammoth,1,0,1,0.0,False
cobble,1,1,0,0.0,False
sse-starlette,1,1,0,0.0,False
meraki,7,0,7,0.00017847925704515333,False
mitmproxy,27,0,27,0.011620821926649734,False
pydivert,1,1,0,0.0,False
zstandard,4,4,0,0.000191945428354519,False
ldap3,2,2,0,0.00011355010111728717,False
urwid,1,1,0,0.0,False
wsproto,2,2,0,4.8974613065282516e-05,False
mitmproxy-rs,1,1,0,0.0,False
publicsuffix2,1,1,0,0.0,False
kaitaistruct,1,1,0,0.0,False
requests-auth-aws-sigv4,1,1,0,0.0,False
watchfiles,3,3,0,8.583515584901081e-05,False
databricks-agents,1,1,0,0.0,False
azureml-core,1,1,0,0.0,False
mlflow-tracing,1,1,0,0.0,False
pysftp,1,1,0,0.0,False
mlflow-dbstore,1,1,0,0.0,False
mlflow-jfrog-plugin,1,1,0,0.0,False
mlflow-skinny,1,1,0,0.0,False
azure-storage-file-datalake,1,1,0,0.0,False
graphene,2,2,0,0.0,False
prometheus-flask-exporter,1,1,0,0.0,False
mlserver-mlflow,1,1,0,0.0,False
mlserver,1,1,0,0.0,False
huey,2,2,0,5.0756439525628105e-05,False
slowapi,1,1,0,0.0,False
aliyunstoreplugin,1,1,0,0.0,False
opentelemetry-exporter-otlp-proto-http,1,1,0,0.0,False
opentelemetry-api,4,4,0,0.0006292344697042498,False
python-crfsuite,1,1,0,0.0,False
twython,1,1,0,0.0,False
joblib,3,3,0,9.23510591658337e-05,False
nbval,3,3,0,1.86513118825873e-05,False
nbsphinx,1,1,0,0.0,False
num2words,2,1,1,0.0013097339008270182,False
docopt,1,1,0,0.0,False
open-webui,102,0,102,0.06288369883161708,False
fpdf2,1,1,0,0.0,False
azure-ai-documentintelligence,1,1,0,0.0,False
ftfy,2,2,0,0.0,False
starlette-compress,1,1,0,0.0,False
faster-whisper,1,1,0,0.0,False
colbert-ai,1,1,0,0.0,False
peewee-migrate,1,1,0,0.0,False
restrictedpython,5,1,4,8.25665111747786e-05,False
docx2txt,1,1,0,0.0,False
pypandoc,2,2,0,0.0,False
pyxlsb,1,1,0,0.0,False
pytest-docker,1,1,0,0.0,False
opencv-python-headless,4,3,1,0.0001384933729248517,False
gcp-storage-emulator,1,1,0,0.0,False
aiocache,1,1,0,0.0,False
validators,1,1,0,0.0,False
psycopg2-binary,1,1,0,0.0,False
starsessions,1,1,0,0.0,False
pymdown-extensions,1,1,0,0.0,False
pycrdt,1,1,0,0.0,False
peewee,1,1,0,0.0,False
loguru,2,2,0,7.536549159991452e-05,False
python-socketio,8,1,7,0.0032196293782211067,False
pytube,1,1,0,0.0,False
opencv-contrib-python,1,0,1,0.0,False
opencv-contrib-python-headless,1,0,1,0.0,False
openexr,2,0,2,5.068788898755356e-06,False
paddlepaddle,9,1,8,0.0006837630693477976,False
opt-einsum,2,2,0,5.162763344081577e-06,False
paramiko,7,0,7,0.0019231468645345624,False
invoke,1,1,0,0.0,False
pyasn1,3,3,0,0.0004403242543527965,False
pdoc,4,0,4,0.00011109764882596282,False
markdown2,2,2,0,0.00013392590073152828,False
pg8000,2,0,2,6.757933618930265e-05,False
scramp,2,2,0,6.411497551794582e-05,False
olefile,1,1,0,0.0,False
check-manifest,1,1,0,0.0,False
arro3-core,1,1,0,0.0,False
nanoarrow,1,1,0,0.0,False
sphinxext-opengraph,2,2,0,0.0,False
trove-classifiers,1,1,0,0.0,False
furo,7,7,0,0.0004912949990257897,False
pyroma,1,1,0,0.0,False
arro3-compute,1,1,0,0.0,False
prefect,78,0,78,0.05403341825774884,False
pydocket,1,1,0,0.0,False
asgi-lifespan,1,1,0,0.0,False
sniffio,1,1,0,0.0,False
prefect-kubernetes,1,1,0,0.0,False
prefect-snowflake,1,1,0,0.0,False
semver,1,1,0,0.0,False
pendulum,2,2,0,6.309325268438924e-05,False
prefect-sqlalchemy,1,1,0,0.0,False
prefect-shell,1,1,0,0.0,False
opentelemetry-instrumentation,1,1,0,0.0,False
jinja2-humanize-extension,1,1,0,0.0,False
pydantic-core,2,2,0,0.0,False
prefect-gcp,1,1,0,0.0,False
opentelemetry-instrumentation-logging,1,1,0,0.0,False
prefect-databricks,1,1,0,0.0,False
coolname,1,1,0,0.0,False
prefect-dask,1,1,0,0.0,False
prefect-ray,1,1,0,0.0,False
whenever,1,1,0,0.0,False
prefect-slack,1,1,0,0.0,False
prefect-email,1,1,0,0.0,False
prefect-aws,1,1,0,0.0,False
rfc3339-validator,1,1,0,0.0,False
opentelemetry-test-utils,1,1,0,0.0,False
prefect-docker,1,1,0,0.0,False
prefect-github,1,1,0,0.0,False
apprise,1,1,0,0.0,False
prefect-azure,1,1,0,0.0,False
readchar,1,1,0,0.0,False
prefect-redis,1,1,0,0.0,False
prefect-gitlab,1,1,0,0.0,False
prefect-bitbucket,1,1,0,0.0,False
prefect-dbt,1,1,0,0.0,False
pycares,2,0,2,1.8872157746558658e-06,False
pydrive2,17,0,17,0.005042417969237733,False
pyinstaller,14,2,12,0.009290720855126064,False
oauth2client,1,1,0,0.0,False
appdirs,2,2,0,4.912600503188478e-05,False
flake8-docstrings,1,1,0,0.0,False
pefile,1,1,0,0.0,False
macholib,1,1,0,0.0,False
pyinstaller-hooks-contrib,1,1,0,0.0,False
pywin32-ctypes,1,1,0,0.0,False
execnet,1,1,0,0.0,False
altgraph,1,1,0,0.0,False
argcomplete,1,1,0,0.0,False
zope.interface,1,1,0,0.0,False
pymatgen,41,1,40,0.031673875259055004,False
pyzeo,1,1,0,0.0,False
fdint,1,1,0,0.0,False
seekpath,1,1,0,0.0,False
tblite,1,1,0,0.0,False
f90nml,1,1,0,0.0,False
netcdf4,1,1,0,0.0,False
spglib,1,1,0,0.0,False
galore,1,1,0,0.0,False
monty,1,1,0,0.0,False
bibtexparser,1,1,0,0.0,False
palettable,1,1,0,0.0,False
moyopy,1,1,0,0.0,False
ase,1,1,0,0.0,False
chemview,1,1,0,0.0,False
hiphive,1,1,0,0.0,False
matcalc,1,1,0,0.0,False
jarvis-tools,1,1,0,0.0,False
numba,3,3,0,0.0002986248224813343,False
pymatgen-analysis-alloys,1,1,0,0.0,False
matgl,1,1,0,0.0,False
phonopy,1,1,0,0.0,False
pyxtal,1,1,0,0.0,False
uncertainties,1,1,0,0.0,False
vtk,1,1,0,0.0,False
service-identity,3,3,0,9.50451343355265e-05,False
sphinxcontrib-shellcheck,1,1,0,0.0,False
pykerberos,1,1,0,0.0,False
pymongocrypt,1,1,0,0.0,False
winkerberos,1,1,0,0.0,False
pymongo-auth-aws,1,1,0,0.0,False
readthedocs-sphinx-search,1,1,0,0.0,False
python-snappy,1,1,0,0.0,False
pytest-socket,1,1,0,0.0,False
flit,1,1,0,0.0,False
pycryptodome,2,2,0,1.2644860599295585e-05,False
rsa,1,1,0,0.0,False
pycrypto,1,1,0,0.0,False
pyasn1-modules,1,1,0,0.0,False
python-openstackclient,11,0,11,0.01096022413475187,False
stevedore,2,2,0,8.241519036568372e-05,False
pbr,1,1,0,0.0,False
python-keystoneclient,1,1,0,0.0,False
oslo.i18n,1,1,0,0.0,False
cliff,1,1,0,0.0,False
openstacksdk,1,1,0,0.0,False
python-cinderclient,1,1,0,0.0,False
iso8601,1,1,0,0.0,False
osc-lib,1,1,0,0.0,False
bidict,1,1,0,0.0,False
python-engineio,1,1,0,0.0,False
fastembed,1,1,0,0.0,False
fastembed-gpu,1,1,0,0.0,False
qiskit,18,1,17,0.010439395198628337,False
rustworkx,1,1,0,0.0,False
pydot,1,1,0,0.0,False
symengine,1,1,0,0.0,False
pylatexenc,1,1,0,0.0,False
python-constraint,1,1,0,0.0,False
z3-solver,1,1,0,0.0,False
qiskit-qasm3-import,1,1,0,0.0,False
seaborn,3,3,0,0.00010612156154285685,False
quart,14,2,12,0.0012754429706982743,False
smart-open,1,1,0,0.0,False
gymnasium,1,1,0,0.0,False
jsonref,1,1,0,0.0,False
dm-tree,1,1,0,0.0,False
cupy-cuda12x,1,1,0,0.0,False
colorful,1,1,0,0.0,False
opencensus,1,1,0,0.0,False
hf-transfer,2,2,0,2.2856921392418234e-05,False
ray-cpp,1,1,0,0.0,False
py-spy,2,2,0,2.2856921392418234e-05,False
opentelemetry-proto,2,2,0,0.0001056476703792064,False
nixl,1,1,0,0.0,False
memray,1,1,0,0.0,False
opentelemetry-exporter-prometheus,1,1,0,0.0,False
vllm,69,1,69,0.03504941754706705,False
red-discordbot,77,0,77,0.041522819241480484,False
aiohttp-json-rpc,1,1,0,0.0,False
sphinxcontrib-serializinghtml,1,1,0,0.0,False
sphinxcontrib-trio,1,1,0,0.0,False
alabaster,1,1,0,0.0,False
sphinx-prompt,2,2,0,9.268397332312152e-05,False
red-commons,1,1,0,0.0,False
mccabe,1,1,0,0.0,False
sphinxcontrib-qthelp,1,1,0,0.0,False
sphinxcontrib-jquery,1,1,0,0.0,False
zipp,19,1,18,0.0061805962571358985,False
discord-py,1,1,0,0.0,False
sphinxcontrib-devhelp,1,1,0,0.0,False
apsw,1,1,0,0.0,False
sphinxcontrib-htmlhelp,1,1,0,0.0,False
markdown-it-py,1,1,0,0.0,False
astroid,1,1,0,0.0,False
sphinxcontrib-applehelp,1,1,0,0.0,False
sphinxcontrib-jsmath,1,1,0,0.0,False
red-lavalink,1,1,0,0.0,False
mdurl,1,1,0,0.0,False
iniconfig,1,1,0,0.0,False
imagesize,1,1,0,0.0,False
redshift-connector,11,0,11,0.001872972257016945,False
rembg,31,0,31,0.010499004511208863,False
bandit,1,1,0,0.0,False
scikit-image,2,2,0,1.1294058949790806e-05,False
pymatting,1,1,0,0.0,False
pooch,2,2,0,1.1294058949790806e-05,False
asyncer,1,1,0,0.0,False
onnxruntime-rocm,1,1,0,0.0,False
imagehash,2,2,0,1.6217108286044367e-05,False
onnxruntime-gpu,1,1,0,0.0,False
pysocks,2,2,0,0.0,False
rpyc,1,0,1,0.0,False
sagemaker,78,1,77,0.10674008055689774,False
mypy-boto3-s3,1,1,0,0.0,False
fabric,1,1,0,0.0,False
stopit,1,1,0,0.0,False
tensorflow,2,2,0,0.0,False
contextlib2,1,1,0,0.0,False
pyvis,1,1,0,0.0,False
sagemaker-schema-inference-artifacts,1,1,0,0.0,False
sagemaker-mlflow,1,1,0,0.0,False
tblib,1,1,0,0.0,False
sagemaker-feature-store-pyspark-3-3,1,1,0,0.0,False
google-pasta,1,1,0,0.0,False
mypy-boto3-redshift-data,1,1,0,0.0,False
pathos,1,1,0,0.0,False
tritonclient,1,1,0,0.0,False
sagemaker-core,1,1,0,0.0,False
awslogs,1,1,0,0.0,False
smdebug-rulesconfig,1,1,0,0.0,False
mypy-boto3-appflow,1,1,0,0.0,False
sagemaker-experiments,1,1,0,0.0,False
lexicon,1,1,0,0.0,False
mypy-boto3-rds,1,1,0,0.0,False
scapy,7,0,7,0.001418968967041156,False
pyx,1,1,0,0.0,False
sphinx-gallery,1,1,0,0.0,False
pyamg,1,1,0,0.0,False
conda-lock,1,1,0,0.0,False
sphinx-remove-toctrees,1,1,0,0.0,False
sphinxcontrib-sass,1,1,0,0.0,False
scrapy,18,0,18,0.01300026938977744,False
pydispatcher,1,1,0,0.0,False
tldextract,1,1,0,0.0,False
queuelib,1,1,0,0.0,False
protego,1,1,0,0.0,False
itemloaders,1,1,0,0.0,False
parsel,1,1,0,0.0,False
zope-interface,2,2,0,0.0,False
twisted,40,1,39,0.028839858265480373,False
w3lib,1,1,0,0.0,False
pypydispatcher,1,1,0,0.0,False
itemadapter,1,1,0,0.0,False
sentry-sdk,51,0,51,0.02733457778997148,False
apache-beam,1,1,0,0.0,False
falcon,1,1,0,0.0,False
executing,1,1,0,0.0,False
pydantic-ai,1,1,0,0.0,False
sanic,2,2,0,1.6712803174033082e-05,False
asttokens,1,1,0,0.0,False
pure-eval,1,1,0,0.0,False
unleashclient,1,1,0,0.0,False
statsig,1,1,0,0.0,False
celery-redbeat,1,1,0,0.0,False
arq,1,1,0,0.0,False
chalice,2,2,0,1.6712803174033082e-05,False
openfeature-sdk,1,1,0,0.0,False
bottle,1,1,0,0.0,False
clickhouse-driver,1,1,0,0.0,False
launchdarkly-server-sdk,1,1,0,0.0,False
starlite,1,1,0,0.0,False
sphinx-notfound-page,1,1,0,0.0,False
pygments-github-lexers,1,1,0,0.0,False
sphinx-reredirects,2,2,0,5.1673898720398914e-05,False
pytest-mypy,2,2,0,1.1659389014763038e-05,False
pyproject-hooks,1,1,0,0.0,False
pytest-subprocess,1,1,0,0.0,False
jaraco.tidelift,2,2,0,1.1659389014763038e-05,False
pytest-checkdocs,2,2,0,1.1659389014763038e-05,False
jaraco.path,1,1,0,0.0,False
jaraco.functools,2,2,0,1.1659389014763038e-05,False
pytest-enabler,2,2,0,1.1659389014763038e-05,False
pytest-ruff,2,2,0,1.1659389014763038e-05,False
sphinx-favicon,1,1,0,0.0,False
rst.linker,2,2,0,1.1659389014763038e-05,False
jaraco.text,1,1,0,0.0,False
ini2toml,1,1,0,0.0,False
jaraco.test,2,2,0,1.1659389014763038e-05,False
jaraco.packaging,2,2,0,1.1659389014763038e-05,False
pytest-perf,1,1,0,0.0,False
sphinxcontrib-towncrier,2,2,0,0.0,False
sphinx-lint,2,2,0,1.1659389014763038e-05,False
jaraco.envs,1,1,0,0.0,False
pytest-home,1,1,0,0.0,False
jaraco.develop,1,1,0,0.0,False
sglang,73,0,73,0.03883332345776333,False
st-attn,1,1,0,0.0,False
cuda-python,1,1,0,0.0,False
torch-memory-saver,1,1,0,0.0,False
sgl-kernel,1,1,0,0.0,False
xgrammar,15,2,13,0.002171179684404807,False
remote-pdb,1,1,0,0.0,False
flashinfer-cubin,1,1,0,0.0,False
openai-harmony,2,2,0,1.3477618104491489e-05,False
nvidia-ml-py,1,1,0,0.0,False
yunchang,1,1,0,0.0,False
compressed-tensors,2,2,0,1.3477618104491489e-05,False
nvidia-cutlass-dsl,1,1,0,0.0,False
interegular,1,1,0,0.0,False
modelscope,1,1,0,0.0,False
torchao,1,1,0,0.0,False
moviepy,1,1,0,0.0,False
decord2,1,1,0,0.0,False
blobfile,2,2,0,0.0,False
partial-json-parser,2,2,0,1.3477618104491489e-05,False
torchaudio,3,3,0,1.3477618104491489e-05,False
gguf,2,2,0,1.3477618104491489e-05,False
imageio-ffmpeg,1,1,0,0.0,False
pybase64,2,2,0,1.3477618104491489e-05,False
torchcodec,1,1,0,0.0,False
outlines,1,1,0,0.0,False
checkpoint-engine,1,1,0,0.0,False
llguidance,2,2,0,1.3477618104491489e-05,False
vsa,1,1,0,0.0,False
flashinfer-python,2,2,0,1.3477618104491489e-05,False
signxml,9,0,9,0.0014424416300264822,False
lxml-stubs,1,1,0,0.0,False
skops,6,0,6,0.0013635001334641465,False
prettytable,1,1,0,0.0,False
pytzdata,1,1,0,0.0,False
asn1crypto,1,1,0,0.0,False
pexpect,1,1,0,0.0,False
keyring,1,1,0,0.0,False
social-auth-app-django,9,0,9,0.004068913723273931,False
social-auth-core,1,1,0,0.0,False
django-stubs,1,1,0,0.0,False
django-stubs-ext,1,1,0,0.0,False
spotipy,8,0,8,0.0030287185988857306,False
flake8-string-format,1,1,0,0.0,False
autopep8,2,2,0,2.182858808216465e-05,False
pymemcache,1,1,0,0.0,False
strawberry-graphql,27,0,27,0.008378663720796395,False
lia-web,1,1,0,0.0,False
graphql-core,1,1,0,0.0,False
libcst,2,2,0,3.7442105034316556e-05,False
pyinstrument,1,1,0,0.0,False
channels,1,1,0,0.0,False
streamlit,30,1,29,0.007709015548318458,False
streamlit-pdf,1,1,0,0.0,False
pydeck,1,1,0,0.0,False
nvidia-cufft-cu12,1,1,0,0.0,False
nvidia-cusparselt-cu12,1,1,0,0.0,False
nvidia-cublas-cu12,1,1,0,0.0,False
nvidia-cufile-cu12,1,1,0,0.0,False
nvidia-cuda-cupti-cu12,1,1,0,0.0,False
nvidia-cusparse-cu12,1,1,0,0.0,False
nvidia-cuda-runtime-cu12,1,1,0,0.0,False
nvidia-cudnn-cu12,1,1,0,0.0,False
nvidia-nvshmem-cu12,1,1,0,0.0,False
nvidia-nvtx-cu12,1,1,0,0.0,False
nvidia-nvjitlink-cu12,1,1,0,0.0,False
nvidia-curand-cu12,1,1,0,0.0,False
nvidia-cusolver-cu12,1,1,0,0.0,False
nvidia-nccl-cu12,1,1,0,0.0,False
nvidia-cuda-nvrtc-cu12,1,1,0,0.0,False
slack-sdk,1,1,0,0.0,False
librosa,2,2,0,0.0,False
fugashi,1,1,0,0.0,False
mistral-common,2,2,0,0.0,False
optax,1,1,0,0.0,False
pyctcdecode,1,1,0,0.0,False
kenlm,1,1,0,0.0,False
tf2onnx,1,1,0,0.0,False
tensorflow-text,1,1,0,0.0,False
keras-nlp,1,1,0,0.0,False
sigopt,1,1,0,0.0,False
kernels,1,1,0,0.0,False
phonemizer,1,1,0,0.0,False
sacremoses,2,2,0,0.0,False
flax,1,1,0,0.0,False
sacrebleu,1,1,0,0.0,False
tensorflow-probability,1,1,0,0.0,False
optimum-benchmark,1,1,0,0.0,False
sudachipy,1,1,0,0.0,False
rjieba,1,1,0,0.0,False
onnxruntime-tools,1,1,0,0.0,False
jaxlib,1,1,0,0.0,False
ipadic,1,1,0,0.0,False
sudachidict-core,1,1,0,0.0,False
hf-xet,1,1,0,0.0,False
codecarbon,1,1,0,0.0,False
pytest-order,1,1,0,0.0,False
onnxconverter-common,1,1,0,0.0,False
natten,1,1,0,0.0,False
rouge-score,1,1,0,0.0,False
tensorflow-cpu,1,1,0,0.0,False
jax,1,1,0,0.0,False
unidic-lite,1,1,0,0.0,False
unidic,1,1,0,0.0,False
av,1,1,0,0.0,False
rhoknp,1,1,0,0.0,False
evaluate,1,1,0,0.0,False
optuna,1,1,0,0.0,False
pytest-rich,1,1,0,0.0,False
pyobjc-core,1,1,0,0.0,False
hyperlink,1,1,0,0.0,False
python-subunit,1,1,0,0.0,False
priority,1,1,0,0.0,False
pyserial,1,1,0,0.0,False
automat,1,1,0,0.0,False
incremental,1,1,0,0.0,False
pydoctor,1,1,0,0.0,False
twisted-iocpsupport,1,1,0,0.0,False
mypy-zope,1,1,0,0.0,False
cython-test-exception-raiser,1,1,0,0.0,False
constantly,1,1,0,0.0,False
pyobjc-framework-cocoa,1,1,0,0.0,False
pyobjc-framework-cfnetwork,1,1,0,0.0,False
pyflakes,1,1,0,0.0,False
pyhamcrest,1,1,0,0.0,False
twistedchecker,1,1,0,0.0,False
pygobject,1,1,0,0.0,False
python-magic,1,1,0,0.0,False
pdfminer.six,1,1,0,0.0,False
python-oxmsg,1,1,0,0.0,False
effdet,1,1,0,0.0,False
unstructured.paddleocr,1,1,0,0.0,False
google-cloud-vision,1,1,0,0.0,False
unstructured-inference,1,1,0,0.0,False
langdetect,1,1,0,0.0,False
msoffcrypto-tool,1,1,0,0.0,False
python-iso639,1,1,0,0.0,False
unstructured.pytesseract,1,1,0,0.0,False
unstructured-client,1,1,0,0.0,False
pi-heif,1,1,0,0.0,False
pdf2image,1,1,0,0.0,False
pikepdf,1,1,0,0.0,False
emoji,1,1,0,0.0,False
time-machine,1,1,0,0.0,False
coverage-enable-subprocess,1,1,0,0.0,False
covdefaults,1,1,0,0.0,False
distlib,1,1,0,0.0,False
proselint,1,1,0,0.0,False
pytest-freezer,1,1,0,0.0,False
sphinx-argparse,1,1,0,0.0,False
lm-format-enforcer,1,1,0,0.0,False
petit-kernel,1,1,0,0.0,False
xformers,1,1,0,0.0,False
runai-model-streamer,1,1,0,0.0,False
tensorizer,1,1,0,0.0,False
runai-model-streamer-s3,1,1,0,0.0,False
fastsafetensors,1,1,0,0.0,False
outlines-core,1,1,0,0.0,False
blake3,1,1,0,0.0,False
prometheus-fastapi-instrumentator,1,1,0,0.0,False
cbor2,1,1,0,0.0,False
runai-model-streamer-gcs,1,1,0,0.0,False
depyf,1,1,0,0.0,False
python-json-logger,1,1,0,0.0,False
pylons-sphinx-themes,2,2,0,1.9534246929658535e-06,False
weasyprint,12,0,12,0.008124827467878784,False
pydyf,1,1,0,0.0,False
cssselect2,1,1,0,0.0,False
pyphen,1,1,0,0.0,False
tinycss2,1,1,0,0.0,False
tinyhtml5,1,1,0,0.0,False
webob,7,0,7,0.0018508309475116032,False
legacy-cgi,1,1,0,0.0,False
mlx-lm,1,1,0,0.0,False
xhtml2pdf,17,0,17,0.00723238318520073,False
pyhanko-certvalidator,1,1,0,0.0,False
svglib,1,1,0,0.0,False
arabic-reshaper,1,1,0,0.0,False
pyhanko,1,1,0,0.0,False
python-bidi,1,1,0,0.0,False
ydata-profiling,50,0,50,0.027416639187342523,False
visions,1,1,0,0.0,False
mkdocs-table-reader-plugin,1,1,0,0.0,False
multimethod,1,1,0,0.0,False
codecov,1,1,0,0.0,False
wordcloud,1,1,0,0.0,False
mike,1,1,0,0.0,False
sphinx-multiversion,1,1,0,0.0,False
tangled-up-in-unicode,1,1,0,0.0,False
dacite,1,1,0,0.0,False
phik,1,1,0,0.0,False
mkdocs-badges,1,1,0,0.0,False
minify-html,1,1,0,0.0,False
statsmodels,1,1,0,0.0,False
kaggle,1,1,0,0.0,False
yt-dlp,23,0,23,0.008122544487063201,False
pycryptodomex,1,1,0,0.0,False
yt-dlp-ejs,1,1,0,0.0,False
mutagen,1,1,0,0.0,False
secretstorage,1,1,0,0.0,False
big-o,1,1,0,0.0,False
jaraco.itertools,1,1,0,0.0,False
pytest-ignore-flaky,1,1,0,0.0,False
