package,severity_max,cwe_list,cwe_count
a2a-sdk,unknown,[],0
absl-py,unknown,[],0
accelerate,unknown,[],0
adbc-driver-manager,unknown,[],0
advanced-alchemy,unknown,[],0
adyen,medium,[],0
ag-ui-protocol,unknown,[],0
agate,unknown,[],0
agentmail,unknown,[],0
agentql,unknown,[],0
agno,high,[],0
agno-infra,unknown,[],0
aioboto3,unknown,[],0
aiobotocore,unknown,[],0
aiocache,unknown,[],0
aiodns,unknown,[],0
aiofiles,unknown,[],0
aiohappyeyeballs,unknown,[],0
aiohasupervisor,unknown,[],0
aiohttp,high,"['CWE-20', 'CWE-22', 'CWE-444', 'CWE-601', 'CWE-61', 'CWE-772', 'CWE-79', 'CWE-80', 'CWE-835', 'CWE-93']",10
aiohttp-asyncmdnsresolver,unknown,[],0
aiohttp-fast-zlib,unknown,[],0
aiohttp-json-rpc,unknown,[],0
aiohttp_cors,unknown,[],0
aiomysql,high,[],0
aioquic,unknown,[],0
aiosignal,unknown,[],0
aiosqlite,unknown,[],0
aiozoneinfo,unknown,[],0
alabaster,unknown,[],0
alembic,unknown,[],0
aliyunstoreplugin,unknown,[],0
alphashape,unknown,[],0
altair,unknown,[],0
altgraph,unknown,[],0
amqp,unknown,[],0
anki,high,[],0
annotated-types,unknown,[],0
annotatedyaml,unknown,[],0
ansible,medium,['CWE-94'],1
ansible-core,high,[],0
anthropic,unknown,[],0
antlr4-python3-runtime,unknown,[],0
anyio,unknown,[],0
apache-airflow,high,[],0
apache-airflow-core,unknown,[],0
apache-airflow-providers-airbyte,unknown,[],0
apache-airflow-providers-alibaba,unknown,[],0
apache-airflow-providers-amazon,high,['CWE-209'],1
apache-airflow-providers-apache-beam,unknown,[],0
apache-airflow-providers-apache-cassandra,unknown,[],0
apache-airflow-providers-apache-drill,high,['CWE-20'],1
apache-airflow-providers-apache-druid,unknown,[],0
apache-airflow-providers-apache-flink,unknown,[],0
apache-airflow-providers-apache-hdfs,high,['CWE-829'],1
apache-airflow-providers-apache-hive,critical,"['CWE-20', 'CWE-77', 'CWE-78', 'CWE-94']",4
apache-airflow-providers-apache-iceberg,unknown,[],0
apache-airflow-providers-apache-impala,unknown,[],0
apache-airflow-providers-apache-kafka,unknown,[],0
apache-airflow-providers-apache-kylin,unknown,[],0
apache-airflow-providers-apache-livy,unknown,[],0
apache-airflow-providers-apache-pig,unknown,[],0
apache-airflow-providers-apache-pinot,unknown,[],0
apache-airflow-providers-apache-spark,high,"['CWE-20', 'CWE-502']",2
apache-airflow-providers-apache-tinkerpop,unknown,[],0
apache-airflow-providers-apprise,unknown,[],0
apache-airflow-providers-arangodb,unknown,[],0
apache-airflow-providers-asana,unknown,[],0
apache-airflow-providers-atlassian-jira,unknown,[],0
apache-airflow-providers-celery,high,['CWE-532'],1
apache-airflow-providers-cloudant,unknown,[],0
apache-airflow-providers-cncf-kubernetes,medium,[],0
apache-airflow-providers-cohere,unknown,[],0
apache-airflow-providers-common-compat,unknown,[],0
apache-airflow-providers-common-io,unknown,[],0
apache-airflow-providers-common-messaging,unknown,[],0
apache-airflow-providers-common-sql,high,[],0
apache-airflow-providers-databricks,unknown,[],0
apache-airflow-providers-datadog,unknown,[],0
apache-airflow-providers-dbt-cloud,unknown,[],0
apache-airflow-providers-dingding,unknown,[],0
apache-airflow-providers-discord,unknown,[],0
apache-airflow-providers-docker,high,[],0
apache-airflow-providers-edge3,unknown,[],0
apache-airflow-providers-elasticsearch,unknown,[],0
apache-airflow-providers-exasol,unknown,[],0
apache-airflow-providers-fab,low,[],0
apache-airflow-providers-facebook,unknown,[],0
apache-airflow-providers-ftp,low,[],0
apache-airflow-providers-git,unknown,[],0
apache-airflow-providers-github,unknown,[],0
apache-airflow-providers-google,critical,['CWE-20'],1
apache-airflow-providers-grpc,unknown,[],0
apache-airflow-providers-hashicorp,unknown,[],0
apache-airflow-providers-http,unknown,[],0
apache-airflow-providers-imap,moderate,['CWE-295'],1
apache-airflow-providers-influxdb,unknown,[],0
apache-airflow-providers-jdbc,high,['CWE-20'],1
apache-airflow-providers-jenkins,unknown,[],0
apache-airflow-providers-keycloak,unknown,[],0
apache-airflow-providers-microsoft-azure,unknown,[],0
apache-airflow-providers-microsoft-mssql,moderate,['CWE-20'],1
apache-airflow-providers-microsoft-psrp,unknown,[],0
apache-airflow-providers-microsoft-winrm,unknown,[],0
apache-airflow-providers-mongo,critical,[],0
apache-airflow-providers-mysql,medium,[],0
apache-airflow-providers-neo4j,unknown,[],0
apache-airflow-providers-odbc,high,"['CWE-20', 'CWE-88']",2
apache-airflow-providers-openai,unknown,[],0
apache-airflow-providers-openfaas,unknown,[],0
apache-airflow-providers-openlineage,unknown,[],0
apache-airflow-providers-opensearch,unknown,[],0
apache-airflow-providers-opsgenie,unknown,[],0
apache-airflow-providers-oracle,unknown,[],0
apache-airflow-providers-pagerduty,unknown,[],0
apache-airflow-providers-papermill,unknown,[],0
apache-airflow-providers-pgvector,unknown,[],0
apache-airflow-providers-pinecone,unknown,[],0
apache-airflow-providers-postgres,unknown,[],0
apache-airflow-providers-presto,unknown,[],0
apache-airflow-providers-qdrant,unknown,[],0
apache-airflow-providers-redis,unknown,[],0
apache-airflow-providers-salesforce,unknown,[],0
apache-airflow-providers-samba,unknown,[],0
apache-airflow-providers-segment,unknown,[],0
apache-airflow-providers-sendgrid,unknown,[],0
apache-airflow-providers-sftp,unknown,[],0
apache-airflow-providers-singularity,unknown,[],0
apache-airflow-providers-slack,unknown,[],0
apache-airflow-providers-smtp,moderate,['CWE-295'],1
apache-airflow-providers-snowflake,critical,[],0
apache-airflow-providers-sqlite,unknown,[],0
apache-airflow-providers-ssh,unknown,[],0
apache-airflow-providers-standard,unknown,[],0
apache-airflow-providers-tableau,unknown,[],0
apache-airflow-providers-telegram,unknown,[],0
apache-airflow-providers-teradata,unknown,[],0
apache-airflow-providers-trino,unknown,[],0
apache-airflow-providers-vertica,unknown,[],0
apache-airflow-providers-weaviate,unknown,[],0
apache-airflow-providers-yandex,unknown,[],0
apache-airflow-providers-ydb,unknown,[],0
apache-airflow-providers-zendesk,unknown,[],0
apache-airflow-task-sdk,unknown,[],0
apache-beam,unknown,[],0
apify-client,unknown,[],0
apispec,unknown,[],0
appdirs,unknown,[],0
apprise,high,"['CWE-400', 'CWE-730']",2
apscheduler,unknown,[],0
apsw,unknown,[],0
arabic-reshaper,unknown,[],0
argcomplete,unknown,[],0
argon2-cffi,unknown,[],0
arize-phoenix,unknown,[],0
arq,unknown,[],0
array-api-strict,unknown,[],0
arro3-compute,unknown,[],0
arro3-core,unknown,[],0
arxiv,unknown,[],0
asdf,unknown,[],0
asdf-astropy,unknown,[],0
ase,unknown,[],0
asgi-lifespan,unknown,[],0
asgiref,unknown,[],0
asn1crypto,unknown,[],0
assertpy,unknown,[],0
asteval,high,[],0
astral,unknown,[],0
astroid,unknown,[],0
astropy,high,['CWE-77'],1
astropy-iers-data,unknown,[],0
asttokens,unknown,[],0
asv,unknown,[],0
async-interrupt,unknown,[],0
async-lru,unknown,[],0
async-timeout,unknown,[],0
asyncer,unknown,[],0
asyncpg,critical,['CWE-824'],1
asyncssh,high,[],0
atlasclient,unknown,[],0
atlassian-python-api,unknown,[],0
atomicwrites-homeassistant,unknown,[],0
atpublic,unknown,[],0
attrs,unknown,[],0
audioop-lts,unknown,[],0
authlib,high,[],0
autodoc-pydantic,unknown,[],0
autodoc_pydantic,unknown,[],0
automat,unknown,"['CWE-1104', 'CWE-1336', 'CWE-20', 'CWE-200', 'CWE-264', 'CWE-276', 'CWE-284', 'CWE-287', 'CWE-306', 'CWE-312', 'CWE-325', 'CWE-347', 'CWE-356', 'CWE-601', 'CWE-61', 'CWE-669', 'CWE-74', 'CWE-754', 'CWE-755', 'CWE-77', 'CWE-79', 'CWE-863', 'CWE-918', 'CWE-94', 'CWE-97']",25
autopep8,unknown,[],0
av,unknown,"['CWE-116', 'CWE-120', 'CWE-122', 'CWE-1240', 'CWE-1279', 'CWE-1333', 'CWE-20', 'CWE-200', 'CWE-203', 'CWE-208', 'CWE-22', 'CWE-276', 'CWE-306', 'CWE-311', 'CWE-327', 'CWE-352', 'CWE-385', 'CWE-400', 'CWE-416', 'CWE-426', 'CWE-427', 'CWE-434', 'CWE-444', 'CWE-476', 'CWE-502', 'CWE-601', 'CWE-611', 'CWE-662', 'CWE-669', 'CWE-670', 'CWE-674', 'CWE-682', 'CWE-691', 'CWE-697', 'CWE-704', 'CWE-74', 'CWE-770', 'CWE-772', 'CWE-78', 'CWE-787', 'CWE-79', 'CWE-80', 'CWE-835', 'CWE-843', 'CWE-863', 'CWE-88', 'CWE-89', 'CWE-915', 'CWE-94', 'CWE-95']",50
awesomeversion,unknown,[],0
aws-sam-cli,medium,[],0
aws-sam-translator,unknown,[],0
aws_lambda_builders,unknown,[],0
awslogs,unknown,[],0
azure-ai-documentintelligence,unknown,[],0
azure-ai-inference,unknown,[],0
azure-core,unknown,[],0
azure-identity,medium,[],0
azure-keyvault-secrets,unknown,[],0
azure-storage-blob,moderate,['CWE-668'],1
azure-storage-file-datalake,unknown,[],0
azureml-core,unknown,[],0
babel,high,['CWE-22'],1
backoff,unknown,[],0
backports-strenum,unknown,[],0
backports.zstd,unknown,[],0
bandit,unknown,[],0
banks,unknown,[],0
bcrypt,unknown,[],0
beautifulsoup4,unknown,[],0
behave,unknown,[],0
bibtexparser,unknown,[],0
bidict,unknown,[],0
big-o,unknown,[],0
bigtree,unknown,[],0
bitsandbytes,unknown,[],0
black,medium,[],0
blake3,unknown,[],0
bleach,critical,"['CWE-1333', 'CWE-20', 'CWE-400', 'CWE-79']",4
blinker,unknown,[],0
blobfile,unknown,[],0
boto3,unknown,[],0
boto3-stubs,unknown,[],0
botocore,unknown,['CWE-601'],1
bottle,critical,"['CWE-20', 'CWE-444', 'CWE-755', 'CWE-93']",4
bottleneck,unknown,[],0
brave-search,unknown,[],0
brotli,high,[],0
brotlicffi,unknown,[],0
browser-use,critical,[],0
browserbase,unknown,[],0
bubus,unknown,[],0
build,unknown,[],0
buildkite-test-collector,unknown,[],0
bump2version,unknown,[],0
bump_my_version,unknown,[],0
cachetools,unknown,[],0
cadwyn,high,[],0
calver,unknown,[],0
cartesia,unknown,[],0
cassandra-driver,unknown,[],0
cassio,unknown,[],0
cbor2,high,[],0
cdp-use,unknown,[],0
celery,high,"['CWE-269', 'CWE-77', 'CWE-78']",3
celery-redbeat,unknown,[],0
cerebras-cloud-sdk,unknown,[],0
certifi,low,"['CWE-17', 'CWE-19', 'CWE-20', 'CWE-208', 'CWE-295', 'CWE-303', 'CWE-310', 'CWE-325', 'CWE-347', 'CWE-362', 'CWE-399', 'CWE-404', 'CWE-476']",13
cffi,unknown,[],0
cfn-lint,unknown,[],0
chalice,unknown,[],0
channels,high,['CWE-200'],1
chardet,unknown,[],0
charset-normalizer,unknown,[],0
charset_normalizer,unknown,[],0
check-jsonschema,medium,[],0
check-manifest,unknown,[],0
check-sdist,unknown,[],0
checkpoint-engine,unknown,[],0
chemview,unknown,[],0
chevron,unknown,[],0
chonkie,unknown,[],0
chromadb,unknown,[],0
cibuildwheel,unknown,[],0
ciso8601,unknown,[],0
clang-format,unknown,[],0
clearml,high,[],0
click,unknown,"['CWE-116', 'CWE-601', 'CWE-74', 'CWE-79', 'CWE-80', 'CWE-94']",6
click-plugins,unknown,[],0
clickhouse-connect,unknown,[],0
clickhouse-driver,critical,['CWE-120'],1
cliff,unknown,[],0
cligj,unknown,[],0
cloudpickle,unknown,[],0
cobble,unknown,[],0
codecarbon,unknown,[],0
codecov,high,['CWE-88'],1
codeflare-sdk,unknown,[],0
cohere,unknown,[],0
colbert-ai,unknown,[],0
colorama,unknown,[],0
coloredlogs,unknown,[],0
colorful,unknown,[],0
comet_ml,unknown,[],0
commitizen,unknown,[],0
compressed-tensors,unknown,[],0
conda-lock,unknown,[],0
configobj,low,[],0
connexion,unknown,[],0
constantly,unknown,[],0
contextlib2,unknown,[],0
cookiecutter,critical,['CWE-78'],1
coolname,unknown,[],0
copier,high,[],0
couchbase,critical,['CWE-295'],1
couchbase-columnar,unknown,[],0
covdefaults,unknown,[],0
coverage,unknown,[],0
coverage-enable-subprocess,unknown,[],0
crawl4ai,medium,[],0
cronsim,unknown,[],0
cryptography,high,"['CWE-119', 'CWE-190', 'CWE-203', 'CWE-208', 'CWE-295', 'CWE-385', 'CWE-476', 'CWE-754', 'CWE-787']",9
cryptography-vectors,unknown,[],0
cssselect,unknown,[],0
cssselect2,unknown,[],0
cuda-python,unknown,[],0
cupy-cuda12x,unknown,[],0
curl-cffi,high,[],0
cyclopts,unknown,[],0
cython,unknown,[],0
cython-test-exception-raiser,unknown,[],0
dacite,unknown,[],0
daff,unknown,[],0
dagster,medium,[],0
dagster-pipes,unknown,[],0
dagster-shared,unknown,[],0
dash,medium,"['CWE-203', 'CWE-502', 'CWE-670', 'CWE-88', 'CWE-94']",5
dash-ag-grid,unknown,[],0
dash-core-components,medium,[],0
dash-html-components,medium,[],0
dash_testing_stub,unknown,[],0
dask,critical,['CWE-668'],1
databricks-agents,unknown,[],0
databricks-sql-connector-core,unknown,[],0
dataclasses-json,unknown,[],0
datafusion,unknown,[],0
datamodel-code-generator,unknown,[],0
datasets,unknown,[],0
dateparser,unknown,[],0
daytona,unknown,[],0
db-dtypes,unknown,[],0
dbt-adapters,unknown,[],0
dbt-common,unknown,[],0
dbt-core,high,['CWE-1327'],1
dbt-extractor,unknown,[],0
dbt-protos,unknown,[],0
dbt-semantic-interfaces,unknown,[],0
ddgs,unknown,[],0
ddt,unknown,[],0
decorator,unknown,[],0
decord2,unknown,[],0
deepdiff,critical,[],0
deepspeed,high,[],0
deepspeed-kernels,unknown,[],0
defusedxml,unknown,[],0
deltalake,unknown,[],0
deprecated,unknown,[],0
depyf,unknown,[],0
detect-secrets,unknown,[],0
diffusers,unknown,[],0
dill,unknown,[],0
dirtyjson,unknown,[],0
discord-py,unknown,[],0
diskcache,unknown,[],0
distlib,unknown,[],0
distro,unknown,[],0
django,critical,"['CWE-119', 'CWE-20', 'CWE-200', 'CWE-201', 'CWE-209', 'CWE-276', 'CWE-306', 'CWE-312', 'CWE-399', 'CWE-407', 'CWE-79', 'CWE-863', 'CWE-915', 'CWE-918', 'CWE-94', 'CWE-95', 'CWE-97']",17
django-stubs,unknown,[],0
django-stubs-ext,unknown,[],0
djangorestframework,low,[],0
djangorestframework-simplejwt,low,[],0
dm_tree,unknown,[],0
dnspython,medium,[],0
docker,unknown,"['CWE-287', 'CWE-290', 'CWE-807', 'CWE-94']",4
docling,unknown,[],0
docopt,unknown,[],0
docstring-parser,unknown,[],0
docutils,critical,['CWE-668'],1
docx2txt,unknown,[],0
duckdb,high,[],0
dunamai,unknown,[],0
dynaconf,unknown,[],0
ecdsa,high,[],0
effdet,unknown,[],0
einops,unknown,[],0
elasticsearch,unknown,['CWE-284'],1
elevenlabs,unknown,[],0
email-validator,unknown,[],0
email_validator,unknown,[],0
embedchain,critical,[],0
emoji,unknown,[],0
eth-abi,medium,[],0
eth-hash,unknown,[],0
eth-typing,unknown,[],0
eth-utils,unknown,[],0
eval-type-backport,unknown,[],0
evaluate,unknown,[],0
eventlet,medium,"['CWE-255', 'CWE-400', 'CWE-444']",3
exa_py,unknown,[],0
exceptiongroup,unknown,[],0
execnet,unknown,[],0
executing,unknown,"['CWE-1240', 'CWE-1279', 'CWE-20', 'CWE-250', 'CWE-270', 'CWE-417', 'CWE-426', 'CWE-502', 'CWE-77', 'CWE-862', 'CWE-94']",11
f90nml,unknown,[],0
fabric,moderate,['CWE-59'],1
faiss-cpu,unknown,[],0
fake-useragent,unknown,[],0
fal_client,unknown,[],0
falcon,unknown,[],0
fast-query-parsers,unknown,[],0
fastapi,high,['CWE-352'],1
fastapi-sso,unknown,[],0
fastapi_mcp,unknown,[],0
fastembed,unknown,[],0
fastembed-gpu,unknown,[],0
faster-whisper,unknown,[],0
fastmcp,high,[],0
fastsafetensors,unknown,[],0
fastuuid,unknown,[],0
fdint,unknown,[],0
feast,high,[],0
ffmpy,unknown,[],0
fido2,unknown,[],0
filelock,unknown,[],0
filetype,unknown,[],0
fiona,critical,[],0
fire,unknown,[],0
firecrawl-py,unknown,[],0
flake8,unknown,[],0
flake8-comprehensions,unknown,[],0
flake8-deprecated,unknown,[],0
flake8-docstrings,unknown,[],0
flake8-mutable,unknown,[],0
flake8-pyproject,unknown,[],0
flake8-string-format,unknown,[],0
flake8-tuple,unknown,[],0
flaky,unknown,[],0
flashinfer-python,unknown,[],0
flashinfer_cubin,unknown,[],0
flashinfer_python,unknown,[],0
flask,low,"['CWE-200', 'CWE-22', 'CWE-254', 'CWE-284', 'CWE-352', 'CWE-502', 'CWE-601', 'CWE-89', 'CWE-913', 'CWE-914', 'CWE-918']",11
flask-appbuilder,critical,[],0
flask-babel,unknown,[],0
flask-compress,unknown,[],0
flask-cors,high,[],0
flask-jwt-extended,unknown,[],0
flask-limiter,unknown,[],0
flask-login,unknown,[],0
flask-session,unknown,[],0
flask-sqlalchemy,unknown,[],0
flask-talisman,unknown,[],0
flask-wtf,unknown,[],0
flask_limiter,unknown,[],0
flax,unknown,[],0
flit,unknown,[],0
flit_core,unknown,[],0
fnv-hash-fast,unknown,[],0
fonttools,high,[],0
fpdf2,unknown,[],0
freezegun,unknown,[],0
frozenlist,unknown,[],0
fsspec,unknown,[],0
ftfy,unknown,[],0
fugashi,unknown,[],0
funcy,unknown,[],0
furl,unknown,[],0
furo,unknown,[],0
future,high,['CWE-400'],1
galore,unknown,[],0
gcp-storage-emulator,unknown,[],0
geoarrow-types,unknown,[],0
geopandas,unknown,[],0
gevent,critical,[],0
gguf,unknown,[],0
gitdb,unknown,[],0
gitpython,high,"['CWE-22', 'CWE-426']",2
gmpy,unknown,[],0
gmpy2,unknown,[],0
google,unknown,"['CWE-190', 'CWE-22', 'CWE-24', 'CWE-248', 'CWE-264', 'CWE-289', 'CWE-352']",7
google-api-core,unknown,[],0
google-api-python-client,unknown,[],0
google-auth,unknown,[],0
google-auth-httplib2,unknown,[],0
google-auth-oauthlib,unknown,[],0
google-cloud-bigquery,unknown,[],0
google-cloud-bigquery-storage,unknown,[],0
google-cloud-bigtable,unknown,[],0
google-cloud-datastore,unknown,[],0
google-cloud-firestore,unknown,[],0
google-cloud-iam,unknown,[],0
google-cloud-kms,unknown,[],0
google-cloud-storage,unknown,[],0
google-cloud-vision,unknown,[],0
google-genai,unknown,[],0
google-generativeai,unknown,[],0
google-maps-places,unknown,[],0
google-pasta,unknown,[],0
googleapis-common-protos,unknown,[],0
googlemaps,unknown,[],0
gpt4all,unknown,[],0
gptcache,unknown,[],0
gradio,critical,[],0
gradio-client,unknown,[],0
graphene,unknown,[],0
graphql-core,unknown,[],0
graphviz,unknown,[],0
great_expectations,unknown,[],0
greenlet,unknown,[],0
griffe,unknown,[],0
groovy,unknown,"['CWE-116', 'CWE-352', 'CWE-357', 'CWE-74', 'CWE-94', 'CWE-95']",6
groq,unknown,[],0
grpcio,high,"['CWE-248', 'CWE-440', 'CWE-617', 'CWE-770', 'CWE-789']",5
grpcio-health-checking,unknown,[],0
grpcio-reflection,unknown,[],0
grpcio-testing,unknown,[],0
grpcio-tools,unknown,[],0
gssapi,unknown,[],0
gunicorn,high,[],0
gymnasium,unknown,[],0
h11,critical,['CWE-444'],1
h2,medium,[],0
h5py,unknown,[],0
happybase,unknown,[],0
hass-nabucasa,unknown,[],0
hatch,unknown,[],0
hatch-fancy-pypi-readme,unknown,[],0
hatch-vcs,unknown,[],0
hatchling,unknown,[],0
hazelcast-python-client,unknown,[],0
hf_transfer,unknown,[],0
hf_xet,unknown,[],0
hiphive,unknown,[],0
hiredis,unknown,[],0
hjson,unknown,[],0
home-assistant-bluetooth,unknown,[],0
homeassistant,high,['CWE-287'],1
hpack,high,['CWE-399'],1
html5lib,moderate,['CWE-79'],1
httpcore,unknown,[],0
httpie,high,[],0
httpx,critical,['CWE-20'],1
httpx-sse,unknown,[],0
huey,unknown,[],0
huggingface-hub,unknown,[],0
huggingface_hub,unknown,[],0
humanize,unknown,[],0
hydra-core,unknown,[],0
hypercorn,unknown,[],0
hyperframe,unknown,[],0
hyperlink,unknown,[],0
hypothesis,unknown,[],0
ibis-framework,critical,[],0
ibis-substrait,unknown,[],0
ibm-watsonx-ai,unknown,[],0
idna,medium,['CWE-407'],1
ifaddr,unknown,[],0
ikvpy,unknown,[],0
imagehash,unknown,[],0
imageio,unknown,[],0
imageio-ffmpeg,unknown,[],0
imagesize,unknown,[],0
imgcat,unknown,[],0
import-linter,unknown,[],0
importlib-metadata,unknown,[],0
importlib-resources,unknown,[],0
importlib_metadata,unknown,[],0
importlib_resources,unknown,[],0
impyla,unknown,[],0
incremental,unknown,[],0
infinity_client,unknown,[],0
ini2toml,unknown,[],0
iniconfig,unknown,[],0
inquirer,unknown,[],0
inquirerpy,unknown,[],0
interegular,unknown,[],0
intersphinx-registry,unknown,[],0
invoke,unknown,"['CWE-22', 'CWE-26', 'CWE-276', 'CWE-287', 'CWE-351', 'CWE-434', 'CWE-502', 'CWE-77', 'CWE-78', 'CWE-94']",10
ipadic,unknown,[],0
ipdb,unknown,[],0
ipydatagrid,unknown,[],0
ipykernel,unknown,[],0
ipylab,unknown,[],0
ipython,critical,"['CWE-20', 'CWE-250', 'CWE-269', 'CWE-279', 'CWE-352', 'CWE-78', 'CWE-79', 'CWE-94']",8
ipywidgets,unknown,[],0
iso8601,unknown,[],0
isort,unknown,[],0
itemadapter,unknown,[],0
itemloaders,unknown,[],0
itsdangerous,unknown,[],0
jaraco.develop,unknown,[],0
jaraco.envs,unknown,[],0
jaraco.functools,unknown,[],0
jaraco.itertools,unknown,[],0
jaraco.packaging,unknown,[],0
jaraco.path,unknown,[],0
jaraco.test,unknown,[],0
jaraco.text,unknown,[],0
jaraco.tidelift,unknown,[],0
jarvis-tools,unknown,[],0
jax,unknown,[],0
jaxlib,unknown,[],0
jinja2,medium,"['CWE-1336', 'CWE-74', 'CWE-94', 'CWE-97']",4
jinja2-ansible-filters,unknown,[],0
jinja2-humanize-extension,unknown,[],0
jinja2-time,unknown,[],0
jmespath,unknown,[],0
joblib,critical,['CWE-94'],1
jplephem,unknown,[],0
js2py,high,[],0
jsbeautifier,unknown,[],0
jsonargparse,unknown,[],0
jsonpatch,unknown,[],0
jsonpickle,critical,['CWE-502'],1
jsonref,unknown,[],0
jsonschema,unknown,[],0
jsonschema-path,unknown,[],0
jsx-lexer,unknown,[],0
jupyter,unknown,['CWE-22'],1
jupyter-client,unknown,[],0
jupyter-core,high,[],0
jupyter-events,unknown,[],0
jupyter-lsp,high,[],0
jupyter-server,high,[],0
jupyter-server-terminals,unknown,[],0
jupyter_server,high,"['CWE-200', 'CWE-209', 'CWE-284', 'CWE-306', 'CWE-532', 'CWE-601', 'CWE-79']",7
jupyterlab,high,[],0
jupyterlab-geojson,unknown,[],0
jupyterlab-language-pack-zh-cn,unknown,[],0
jupyterlab-server,unknown,[],0
jupyterlab_server,unknown,[],0
jwcrypto,medium,[],0
kaggle,unknown,[],0
kaitaistruct,unknown,[],0
kedro,critical,['CWE-502'],1
kedro-datasets,unknown,[],0
kedro-telemetry,unknown,[],0
kenlm,unknown,[],0
keras,critical,[],0
keras-nlp,unknown,[],0
kerberos,critical,['CWE-287'],1
kernels,unknown,[],0
keyring,high,"['CWE-276', 'CWE-326']",2
kombu,unknown,[],0
kubernetes,unknown,[],0
kubernetes_asyncio,unknown,[],0
lancedb,unknown,[],0
langchain,high,[],0
langchain-anthropic,unknown,[],0
langchain-aws,unknown,[],0
langchain-azure-ai,unknown,[],0
langchain-classic,unknown,[],0
langchain-cohere,unknown,[],0
langchain-community,high,[],0
langchain-core,medium,[],0
langchain-deepseek,unknown,[],0
langchain-experimental,critical,[],0
langchain-fireworks,unknown,[],0
langchain-google-genai,unknown,[],0
langchain-google-vertexai,unknown,[],0
langchain-groq,unknown,[],0
langchain-huggingface,unknown,[],0
langchain-mistralai,unknown,[],0
langchain-model-profiles,unknown,[],0
langchain-ollama,unknown,[],0
langchain-openai,unknown,[],0
langchain-perplexity,unknown,[],0
langchain-text-splitters,high,[],0
langchain-together,unknown,[],0
langchain-xai,unknown,[],0
langdetect,unknown,[],0
langfuse,unknown,[],0
langgraph,unknown,[],0
langgraph-checkpoint,high,[],0
langgraph-checkpoint-sqlite,high,[],0
langsmith,unknown,[],0
lark,unknown,[],0
launchdarkly-server-sdk,unknown,[],0
ldap3,unknown,[],0
legacy-cgi,unknown,[],0
lexicon,unknown,[],0
lia-web,unknown,[],0
libcst,unknown,[],0
libnacl,unknown,[],0
librosa,unknown,[],0
lief,low,[],0
lightgbm,high,[],0
lightning,critical,[],0
lightning-utilities,unknown,[],0
litdata,unknown,[],0
litellm,critical,[],0
litellm-enterprise,unknown,[],0
litellm-proxy-extras,unknown,[],0
litestar,high,[],0
litestar-htmx,unknown,[],0
llama-api-client,unknown,[],0
llama-index,critical,[],0
llama-index-cli,high,[],0
llama-index-core,critical,[],0
llama-index-embeddings-openai,unknown,[],0
llama-index-indices-managed-llama-cloud,unknown,[],0
llama-index-llms-openai,unknown,[],0
llama-index-readers-file,unknown,[],0
llama-index-readers-llama-parse,unknown,[],0
llama-index-workflows,unknown,[],0
llguidance,unknown,[],0
lm-eval,unknown,[],0
lm-format-enforcer,unknown,[],0
lmnr,unknown,[],0
lmstudio,unknown,[],0
loguru,moderate,"['CWE-269', 'CWE-532']",2
lru-dict,unknown,[],0
luigi,high,[],0
lxml,moderate,"['CWE-476', 'CWE-74', 'CWE-79']",3
lxml-html-clean,high,[],0
lxml-stubs,unknown,[],0
lxml_html_clean,high,"['CWE-184', 'CWE-79', 'CWE-83']",3
lz4,unknown,[],0
macholib,unknown,[],0
mako,high,"['CWE-1333', 'CWE-79']",2
mammoth,medium,[],0
markdown,unknown,"['CWE-1284', 'CWE-20', 'CWE-327', 'CWE-400', 'CWE-407', 'CWE-79']",6
markdown-it-py,high,['CWE-173'],1
markdown2,high,"['CWE-1333', 'CWE-79']",2
markdownify,low,[],0
markupsafe,unknown,[],0
marshmallow,moderate,['CWE-358'],1
marshmallow-sqlalchemy,unknown,[],0
mashumaro,unknown,[],0
matcalc,unknown,[],0
matgl,unknown,[],0
matplotlib,unknown,[],0
mccabe,unknown,[],0
mcp,high,['CWE-248'],1
mdurl,unknown,[],0
mem0ai,unknown,[],0
memorisdk,unknown,[],0
memory_profiler,unknown,[],0
memray,unknown,[],0
meraki,high,[],0
meson,unknown,[],0
meson-python,unknown,[],0
methodtools,unknown,[],0
mike,unknown,[],0
milvus-lite,unknown,[],0
mimesis,unknown,[],0
minify-html,unknown,[],0
minijinja,unknown,[],0
minio,unknown,[],0
mistral-common,unknown,[],0
mistral_common,unknown,[],0
mistralai,unknown,[],0
mitmproxy,high,[],0
mitmproxy-rs,unknown,[],0
mkdocs,high,"['CWE-12', 'CWE-22']",2
mkdocs-autorefs,unknown,[],0
mkdocs-badges,unknown,[],0
mkdocs-click,unknown,[],0
mkdocs-get-deps,unknown,[],0
mkdocs-material,unknown,[],0
mkdocs-material-extensions,unknown,[],0
mkdocs-mermaid2-plugin,unknown,[],0
mkdocs-table-reader-plugin,unknown,[],0
mkdocstrings,unknown,[],0
mkdocstrings-python,unknown,[],0
ml-dtypes,unknown,[],0
ml_dtypes,unknown,[],0
mlflow,critical,['CWE-79'],1
mlflow-dbstore,unknown,[],0
mlflow-jfrog-plugin,unknown,[],0
mlflow-skinny,unknown,[],0
mlflow-tracing,unknown,[],0
mlserver,unknown,[],0
mlserver-mlflow,unknown,[],0
mlx-lm,unknown,[],0
mmh3,unknown,[],0
mock,unknown,[],0
modelscope,unknown,[],0
monty,unknown,[],0
more-itertools,unknown,[],0
more_itertools,unknown,[],0
morefs,unknown,[],0
moto,unknown,[],0
moviepy,unknown,[],0
moyopy,unknown,[],0
mpi4py,unknown,[],0
mpmath,high,['CWE-770'],1
msal,unknown,[],0
msal-extensions,unknown,[],0
msgpack,unknown,[],0
msgspec,unknown,[],0
msoffcrypto-tool,unknown,[],0
multidict,unknown,[],0
multimethod,unknown,[],0
multipart,unknown,"['CWE-1333', 'CWE-400', 'CWE-770', 'CWE-918']",4
multiprocess,unknown,[],0
munkres,unknown,[],0
mup,unknown,[],0
mutagen,unknown,[],0
mypy,unknown,[],0
mypy-boto3-appflow,unknown,[],0
mypy-boto3-rds,unknown,[],0
mypy-boto3-redshift-data,unknown,[],0
mypy-boto3-s3,unknown,[],0
mypy-extensions,unknown,[],0
mypy-protobuf,unknown,[],0
mypy-zope,unknown,[],0
mysql-connector-python,high,[],0
mysqlclient,unknown,[],0
myst-parser,unknown,[],0
myst_parser,unknown,[],0
namex,unknown,[],0
nanoarrow,unknown,[],0
natten,unknown,[],0
nbconvert,moderate,['CWE-79'],1
nbformat,unknown,[],0
nbsphinx,unknown,[],0
nbval,unknown,[],0
neo4j,unknown,[],0
nest-asyncio,unknown,[],0
netcdf4,unknown,[],0
networkx,unknown,[],0
neural-compressor,unknown,[],0
newspaper4k,unknown,[],0
ninja,unknown,[],0
nixl,unknown,[],0
nltk,high,"['CWE-400', 'CWE-502']",2
notebook,high,[],0
notebook-shim,unknown,[],0
notion-client,unknown,[],0
nox,unknown,[],0
num2words,critical,[],0
numba,unknown,[],0
numpy,critical,"['CWE-120', 'CWE-20', 'CWE-476', 'CWE-502', 'CWE-59', 'CWE-697', 'CWE-835']",7
numpydoc,unknown,[],0
nvidia-cublas-cu12,unknown,[],0
nvidia-cuda-cupti-cu12,unknown,[],0
nvidia-cuda-nvrtc-cu12,unknown,[],0
nvidia-cuda-runtime-cu12,unknown,[],0
nvidia-cudnn-cu12,unknown,[],0
nvidia-cufft-cu12,unknown,[],0
nvidia-cufile-cu12,unknown,[],0
nvidia-curand-cu12,unknown,[],0
nvidia-cusolver-cu12,unknown,[],0
nvidia-cusparse-cu12,unknown,[],0
nvidia-cusparselt-cu12,unknown,[],0
nvidia-cutlass-dsl,unknown,[],0
nvidia-ml-py,unknown,[],0
nvidia-nccl-cu12,unknown,[],0
nvidia-nvjitlink-cu12,unknown,[],0
nvidia-nvshmem-cu12,unknown,[],0
nvidia-nvtx-cu12,unknown,[],0
oauth2client,unknown,[],0
objgraph,unknown,[],0
oci,unknown,[],0
olefile,unknown,[],0
ollama,unknown,[],0
omegaconf,unknown,[],0
onnx,high,[],0
onnxconverter-common,unknown,[],0
onnxruntime,unknown,[],0
onnxruntime-gpu,unknown,[],0
onnxruntime-rocm,unknown,[],0
onnxruntime-tools,unknown,[],0
onnxscript,unknown,[],0
open-webui,high,"['CWE-352', 'CWE-79']",2
openai,unknown,[],0
openai-harmony,unknown,[],0
openapi-pydantic,unknown,[],0
opencensus,unknown,[],0
opencv-contrib-python,high,[],0
opencv-contrib-python-headless,high,[],0
opencv-python,high,[],0
opencv-python-headless,high,[],0
openexr,high,['CWE-120'],1
openfeature-sdk,unknown,[],0
openlit,unknown,[],0
openpyxl,moderate,['CWE-611'],1
opensearch-py,unknown,[],0
openstacksdk,unknown,[],0
opentelemetry-api,unknown,[],0
opentelemetry-distro,unknown,[],0
opentelemetry-exporter-otlp,unknown,[],0
opentelemetry-exporter-otlp-proto-grpc,unknown,[],0
opentelemetry-exporter-otlp-proto-http,unknown,[],0
opentelemetry-exporter-prometheus,unknown,[],0
opentelemetry-instrumentation,high,['CWE-400'],1
opentelemetry-instrumentation-asgi,unknown,[],0
opentelemetry-instrumentation-logging,unknown,[],0
opentelemetry-proto,unknown,[],0
opentelemetry-sdk,unknown,[],0
opentelemetry-test-utils,unknown,[],0
opt-einsum,unknown,[],0
optax,unknown,[],0
optimum-benchmark,unknown,[],0
optree,unknown,[],0
optuna,unknown,[],0
oracledb,unknown,[],0
orderly-set,unknown,[],0
orjson,high,[],0
ormsgpack,unknown,[],0
osc-lib,unknown,[],0
oslo.i18n,unknown,[],0
outlines,unknown,[],0
outlines_core,unknown,[],0
overrides,unknown,[],0
oxylabs,unknown,[],0
packaging,unknown,[],0
paddlepaddle,critical,[],0
palettable,unknown,[],0
pandas,low,"['CWE-862', 'CWE-94']",2
pandas-gbq,unknown,[],0
pandas-stubs,unknown,[],0
parallel-web,unknown,[],0
parameterized,unknown,[],0
paramiko,medium,[],0
parse,unknown,[],0
parsel,unknown,[],0
parsimonious,unknown,[],0
parsy,unknown,[],0
partial-json-parser,unknown,[],0
partial_json_parser,unknown,[],0
patchelf,high,['CWE-125'],1
patchright,unknown,[],0
pathlib2,unknown,[],0
pathos,unknown,[],0
pathspec,unknown,[],0
pbr,unknown,[],0
pdf2image,unknown,[],0
pdfminer.six,high,"['CWE-502', 'CWE-915']",2
pdoc,high,[],0
peewee,unknown,[],0
peewee-migrate,unknown,[],0
pefile,unknown,[],0
pendulum,unknown,[],0
percy,unknown,[],0
petit-kernel,unknown,[],0
pexpect,unknown,[],0
pg8000,high,[],0
pgvector,unknown,[],0
phik,unknown,[],0
phonemizer,unknown,[],0
phonopy,unknown,[],0
pi_heif,unknown,[],0
piccolo,critical,"['CWE-203', 'CWE-204', 'CWE-89']",3
picologging,unknown,[],0
pikepdf,high,['CWE-611'],1
pillow,critical,[],0
pinecone,unknown,[],0
pins,unknown,[],0
pip,medium,"['CWE-1284', 'CWE-1333', 'CWE-1357', 'CWE-190', 'CWE-20', 'CWE-200', 'CWE-22', 'CWE-287', 'CWE-303', 'CWE-319', 'CWE-352', 'CWE-367', 'CWE-427', 'CWE-444', 'CWE-502', 'CWE-601', 'CWE-77', 'CWE-78', 'CWE-791', 'CWE-807', 'CWE-829', 'CWE-94']",22
pip-tools,unknown,[],0
platformdirs,unknown,[],0
playwright,unknown,[],0
plotly,unknown,[],0
plotly-cloud,unknown,[],0
pluggy,unknown,[],0
plumbum,unknown,[],0
poetry-core,unknown,[],0
poetry-dynamic-versioning,unknown,[],0
polars,unknown,[],0
polyfactory,unknown,[],0
pooch,unknown,[],0
portalocker,unknown,[],0
portkey-ai,unknown,[],0
posthog,unknown,[],0
pre-commit,unknown,[],0
prefect,high,[],0
prefect-aws,unknown,[],0
prefect-azure,unknown,[],0
prefect-bitbucket,unknown,[],0
prefect-dask,unknown,[],0
prefect-databricks,unknown,[],0
prefect-dbt,unknown,[],0
prefect-docker,unknown,[],0
prefect-email,unknown,[],0
prefect-gcp,unknown,[],0
prefect-github,unknown,[],0
prefect-gitlab,unknown,[],0
prefect-kubernetes,unknown,[],0
prefect-ray,unknown,[],0
prefect-redis,unknown,[],0
prefect-shell,unknown,[],0
prefect-slack,unknown,[],0
prefect-snowflake,unknown,[],0
prefect-sqlalchemy,unknown,[],0
pretend,unknown,[],0
prettytable,unknown,[],0
priority,moderate,['CWE-770'],1
prisma,unknown,[],0
prison,unknown,[],0
prometheus-client,unknown,[],0
prometheus-fastapi-instrumentator,unknown,[],0
prometheus-flask-exporter,unknown,[],0
prometheus_client,unknown,[],0
propcache,unknown,[],0
proselint,unknown,[],0
protego,unknown,[],0
protobuf,high,[],0
proxy.py,high,"['CWE-287', 'CWE-480', 'CWE-697']",3
psutil,high,['CWE-415'],1
psutil-home-assistant,unknown,[],0
psycopg,unknown,[],0
psycopg-binary,unknown,[],0
psycopg-pool,unknown,[],0
psycopg2,unknown,[],0
psycopg2-binary,unknown,[],0
publicsuffix2,unknown,[],0
pure_eval,unknown,[],0
py,high,['CWE-400'],1
py-cpuinfo,unknown,[],0
py-key-value-aio,unknown,[],0
py-spy,unknown,[],0
pyamg,unknown,[],0
pyarrow,critical,[],0
pyarrow-hotfix,unknown,[],0
pyasn1,unknown,[],0
pyasn1_modules,unknown,[],0
pyathena,unknown,[],0
pybase64,unknown,[],0
pybindgen,unknown,[],0
pycairo,unknown,[],0
pycares,medium,['CWE-416'],1
pycrdt,unknown,[],0
pycrypto,critical,"['CWE-119', 'CWE-326', 'CWE-332']",3
pycryptodome,high,[],0
pycryptodomex,high,[],0
pyctcdecode,unknown,[],0
pydantic,medium,['CWE-835'],1
pydantic-ai,unknown,[],0
pydantic-core,unknown,[],0
pydantic-extra-types,unknown,[],0
pydantic-settings,unknown,[],0
pydata-google-auth,unknown,[],0
pydata-sphinx-theme,unknown,[],0
pydeck,unknown,[],0
pydispatcher,unknown,[],0
pydivert,unknown,[],0
pydocket,unknown,[],0
pydoctor,unknown,[],0
pydot,unknown,[],0
pydrive2,low,[],0
pydruid,unknown,[],0
pydub,unknown,[],0
pydyf,unknown,[],0
pyenchant,unknown,[],0
pyerfa,unknown,[],0
pyexasol,unknown,[],0
pyflakes,unknown,[],0
pygithub,unknown,[],0
pygments,critical,"['CWE-400', 'CWE-434', 'CWE-78', 'CWE-835']",4
pygments-github-lexers,unknown,[],0
pygobject,unknown,[],0
pyhamcrest,unknown,[],0
pyhanko,unknown,[],0
pyhanko-certvalidator,unknown,[],0
pyinstaller,high,"['CWE-379', 'CWE-732', 'CWE-94']",3
pyinstaller-hooks-contrib,unknown,[],0
pyinstrument,unknown,[],0
pyjsparser (,unknown,[],0
pyjwt,low,[],0
pykerberos,critical,['CWE-287'],1
pylance,unknown,[],0
pylatexenc,unknown,[],0
pylint,unknown,[],0
pylons-sphinx-themes,unknown,[],0
pymatgen,critical,['CWE-77'],1
pymatgen-analysis-alloys,unknown,[],0
pymatting,unknown,[],0
pymdown-extensions,high,['CWE-22'],1
pymemcache,unknown,[],0
pymilvus,unknown,[],0
pymongo,medium,[],0
pymongo-auth-aws,unknown,[],0
pymongocrypt,unknown,[],0
pymssql,unknown,[],0
pymysql,critical,[],0
pynacl,unknown,[],0
pyobjc,unknown,[],0
pyobjc-core,unknown,[],0
pyobjc-framework-cfnetwork,unknown,[],0
pyobjc-framework-cocoa,unknown,[],0
pyodbc,unknown,[],0
pyopenssl,high,"['CWE-20', 'CWE-401', 'CWE-404', 'CWE-416']",4
pyotp,unknown,[],0
pypandoc,unknown,[],0
pyparsing,unknown,[],0
pypdf,medium,[],0
pypdf2,moderate,"['CWE-407', 'CWE-835']",2
pyperclip,unknown,[],0
pyphen,unknown,[],0
pyproj,unknown,[],0
pyproject-hooks,unknown,[],0
pypydispatcher,unknown,[],0
pyright,unknown,[],0
pyroma,unknown,[],0
pysbd,unknown,[],0
pyserial,unknown,[],0
pysftp,unknown,[],0
pysocks,unknown,[],0
pyspark,critical,"['CWE-200', 'CWE-269', 'CWE-287', 'CWE-294', 'CWE-306', 'CWE-312', 'CWE-502', 'CWE-74', 'CWE-77', 'CWE-78']",10
pytest,unknown,[],0
pytest-astropy,unknown,[],0
pytest-astropy-header,unknown,[],0
pytest-asyncio,unknown,[],0
pytest-benchmark,unknown,[],0
pytest-check-links,unknown,[],0
pytest-checkdocs,unknown,[],0
pytest-console-scripts,unknown,[],0
pytest-cov,unknown,[],0
pytest-django,unknown,[],0
pytest-docker,unknown,[],0
pytest-doctestplus,unknown,[],0
pytest-enabler,unknown,[],0
pytest-env,unknown,[],0
pytest-forked,unknown,[],0
pytest-freezer,unknown,[],0
pytest-home,unknown,[],0
pytest-httpbin,unknown,[],0
pytest-ignore-flaky,unknown,[],0
pytest-instafail,unknown,[],0
pytest-json-report-wip,unknown,[],0
pytest-jupyter,unknown,[],0
pytest-lazy-fixture,unknown,[],0
pytest-metadata,unknown,[],0
pytest-mock,unknown,[],0
pytest-mypy,unknown,[],0
pytest-order,unknown,[],0
pytest-ordering,unknown,[],0
pytest-perf,unknown,[],0
pytest-pythonpath,unknown,[],0
pytest-random-order,unknown,[],0
pytest-randomly,unknown,[],0
pytest-rerunfailures,unknown,[],0
pytest-rich,unknown,[],0
pytest-ruff,unknown,[],0
pytest-socket,unknown,[],0
pytest-subprocess,unknown,[],0
pytest-sugar,unknown,[],0
pytest-timeout,unknown,[],0
pytest-tornasync,unknown,[],0
pytest-trio,unknown,[],0
pytest-watch,unknown,[],0
pytest-xdist,unknown,[],0
python-bidi,unknown,[],0
python-cinderclient,unknown,[],0
python-constraint,unknown,[],0
python-crfsuite,unknown,[],0
python-dateutil,unknown,[],0
python-docx,high,['CWE-611'],1
python-dotenv,unknown,[],0
python-engineio,high,['CWE-352'],1
python-iso639,unknown,[],0
python-jose,critical,"['CWE-269', 'CWE-327', 'CWE-361', 'CWE-400']",4
python-json-logger,unknown,[],0
python-keycloak,unknown,[],0
python-keystoneclient,critical,"['CWE-1188', 'CWE-200', 'CWE-295', 'CWE-324', 'CWE-326', 'CWE-345', 'CWE-522']",7
python-ldap,medium,"['CWE-116', 'CWE-1333', 'CWE-170', 'CWE-75', 'CWE-843']",5
python-magic,unknown,[],0
python-multipart,high,['CWE-770'],1
python-openstackclient,medium,[],0
python-oxmsg,unknown,[],0
python-pkcs11,unknown,[],0
python-pptx,unknown,[],0
python-slugify,unknown,[],0
python-snappy,unknown,[],0
python-socketio,medium,['CWE-502'],1
python-subunit,unknown,[],0
pytokens,unknown,[],0
pytorch-lightning,critical,[],0
pytube,unknown,[],0
pytz,unknown,[],0
pytzdata,unknown,[],0
pyupgrade,unknown,[],0
pyvis,unknown,[],0
pywin32,high,['CWE-190'],1
pywin32-ctypes,unknown,[],0
pywinpty,unknown,[],0
pyx,unknown,['CWE-94'],1
pyxlsb,unknown,[],0
pyxtal,unknown,[],0
pyyaml,critical,"['CWE-20', 'CWE-502']",2
pyyaml-include,unknown,[],0
pyzeo,unknown,[],0
pyzmq,unknown,[],0
qdrant-client,critical,[],0
qiskit,critical,['CWE-502'],1
qiskit-qasm3-import,unknown,[],0
qtorch,unknown,[],0
quart,medium,[],0
quart-trio,unknown,[],0
questionary,unknown,[],0
queuelib,unknown,[],0
rank-bm25,unknown,[],0
rapidfuzz,unknown,[],0
rapidocr-onnxruntime,unknown,[],0
rapidocr_onnxruntime,unknown,[],0
ray,critical,[],0
ray-cpp,unknown,[],0
readability-lxml,unknown,[],0
readchar,unknown,[],0
readme-renderer,unknown,[],0
readthedocs-sphinx-search,moderate,['CWE-79'],1
recommonmark,unknown,[],0
red-commons,unknown,[],0
red-discordbot,medium,[],0
red-lavalink,unknown,[],0
redis,high,"['CWE-193', 'CWE-459']",2
redisvl,unknown,[],0
redshift-connector,high,[],0
referencing,unknown,[],0
regex,unknown,[],0
regress,unknown,"['CWE-172', 'CWE-250', 'CWE-269', 'CWE-362', 'CWE-400', 'CWE-427', 'CWE-522', 'CWE-770']",8
rembg,high,[],0
remote-pdb,unknown,[],0
replicate,unknown,[],0
reportlab,critical,"['CWE-91', 'CWE-918', 'CWE-94']",3
requests,medium,[],0
requests-auth-aws-sigv4,unknown,[],0
requests-cache,unknown,[],0
requests-toolbelt,unknown,[],0
requests_mock,unknown,[],0
resend,unknown,[],0
resolvelib,unknown,[],0
responses,unknown,"['CWE-16', 'CWE-22', 'CWE-311', 'CWE-354', 'CWE-601']",5
restrictedpython,high,"['CWE-1336', 'CWE-200', 'CWE-74', 'CWE-843', 'CWE-913']",5
retrying,unknown,[],0
rfc3339-validator,unknown,[],0
rhoknp,unknown,[],0
rich,unknown,[],0
rich-click,unknown,[],0
rjieba,unknown,[],0
rouge-score,unknown,[],0
rpyc,high,[],0
rq,unknown,[],0
rsa,high,"['CWE-20', 'CWE-327', 'CWE-347', 'CWE-385']",4
rst.linker,unknown,[],0
ruamel-yaml,unknown,[],0
ruamel.yaml,unknown,[],0
ruamel_yaml,unknown,[],0
ruff,unknown,[],0
runai-model-streamer,unknown,[],0
runai-model-streamer-gcs,unknown,[],0
runai-model-streamer-s3,unknown,[],0
rustworkx,unknown,[],0
s3fs,unknown,[],0
sacrebleu,unknown,[],0
sacremoses,unknown,[],0
safehttpx,unknown,[],0
safetensors,unknown,[],0
sagemaker,high,['CWE-78'],1
sagemaker-core,unknown,[],0
sagemaker-experiments,unknown,[],0
sagemaker-feature-store-pyspark-3-3,unknown,[],0
sagemaker-mlflow,unknown,[],0
sagemaker-schema-inference-artifacts,unknown,[],0
sanic,high,['CWE-22'],1
scapy,medium,[],0
schema,unknown,"['CWE-1333', 'CWE-20', 'CWE-347', 'CWE-434']",4
scikit-build-core,unknown,[],0
scikit-image,unknown,[],0
scikit-learn,medium,[],0
scipy,high,['CWE-269'],1
scramp,unknown,[],0
scrapegraph-py,unknown,[],0
scrapy,high,"['CWE-200', 'CWE-522']",2
screeninfo,unknown,[],0
seaborn,unknown,[],0
secretstorage,unknown,[],0
securetar,unknown,[],0
seekpath,unknown,[],0
selenium,low,[],0
semantic-router,unknown,[],0
semantic-version,unknown,[],0
semver,unknown,[],0
send2trash,unknown,[],0
sentence-transformers,unknown,[],0
sentencepiece,unknown,[],0
sentry-sdk,low,[],0
service-identity,unknown,[],0
setproctitle,unknown,[],0
setuptools,high,"['CWE-1333', 'CWE-22']",2
sgl-kernel,unknown,[],0
sglang,medium,[],0
sgp4,unknown,[],0
shapely,unknown,[],0
signxml,medium,"['CWE-208', 'CWE-303']",2
sigopt,unknown,[],0
singlestoredb,unknown,[],0
six,unknown,[],0
six (,unknown,[],0
skia-pathops,unknown,[],0
skops,high,"['CWE-351', 'CWE-502']",2
skyfield,unknown,[],0
slack-sdk,unknown,[],0
slowapi,unknown,[],0
smart_open,unknown,[],0
smdebug-rulesconfig,unknown,[],0
sniffio,unknown,[],0
snowballstemmer,unknown,[],0
snowflake-connector-python,high,[],0
snowflake-snowpark-python,unknown,[],0
snowflake-sqlalchemy,unknown,[],0
snowplow-tracker,unknown,[],0
social-auth-app-django,medium,[],0
social-auth-core,unknown,[],0
sortedcontainers,unknown,[],0
soundfile,unknown,[],0
spglib,unknown,[],0
sphinx,unknown,[],0
sphinx-argparse,unknown,[],0
sphinx-astropy,unknown,[],0
sphinx-autobuild,unknown,[],0
sphinx-autodoc-typehints,unknown,[],0
sphinx-changelog,unknown,[],0
sphinx-copybutton,unknown,[],0
sphinx-design,unknown,[],0
sphinx-favicon,unknown,[],0
sphinx-gallery,unknown,[],0
sphinx-inline-tabs,unknown,[],0
sphinx-lint,unknown,[],0
sphinx-multiversion,unknown,[],0
sphinx-notfound-page,unknown,[],0
sphinx-prompt,unknown,[],0
sphinx-remove-toctrees,unknown,[],0
sphinx-reredirects,unknown,[],0
sphinx-rtd-theme,unknown,[],0
sphinx-sitemap,unknown,[],0
sphinx_design,unknown,[],0
sphinx_reredirects,unknown,[],0
sphinx_rtd_theme,unknown,[],0
sphinxcontrib-applehelp,unknown,[],0
sphinxcontrib-devhelp,unknown,[],0
sphinxcontrib-github-alt,unknown,[],0
sphinxcontrib-globalsubs,unknown,[],0
sphinxcontrib-htmlhelp,unknown,[],0
sphinxcontrib-jquery,unknown,[],0
sphinxcontrib-jsmath,unknown,[],0
sphinxcontrib-openapi,unknown,[],0
sphinxcontrib-qthelp,unknown,[],0
sphinxcontrib-sass,unknown,[],0
sphinxcontrib-serializinghtml,unknown,[],0
sphinxcontrib-shellcheck,unknown,[],0
sphinxcontrib-spelling,unknown,[],0
sphinxcontrib-towncrier,unknown,[],0
sphinxcontrib-trio,unknown,[],0
sphinxemoji,unknown,[],0
sphinxext-opengraph,unknown,[],0
spotipy,high,"['CWE-22', 'CWE-276', 'CWE-488']",3
sqlalchemy,critical,['CWE-89'],1
sqlalchemy-utils,unknown,[],0
sqlglot,unknown,[],0
sqlite-vec,high,[],0
sqlitedict,high,[],0
sqlparse,high,"['CWE-1333', 'CWE-400']",2
sse-starlette,unknown,[],0
st_attn,unknown,[],0
standard-aifc,unknown,[],0
standard-telnetlib,unknown,[],0
starlette,high,"['CWE-400', 'CWE-770']",2
starlette-compress,unknown,[],0
starlite,high,"['CWE-22', 'CWE-400', 'CWE-770']",3
starsessions,unknown,[],0
statsig,unknown,[],0
statsmodels,unknown,[],0
stevedore,unknown,[],0
stopit,unknown,[],0
strawberry-graphql,medium,[],0
streamlit,medium,[],0
streamlit-pdf,unknown,[],0
structlog,unknown,[],0
sudachidict_core,unknown,[],0
sudachipy,unknown,[],0
surrealdb,unknown,[],0
svglib,critical,['CWE-611'],1
symengine,unknown,[],0
sympy,unknown,[],0
syrupy,unknown,[],0
tabulate,unknown,[],0
tangled-up-in-unicode,unknown,[],0
tantivy,unknown,[],0
tavily-python,unknown,[],0
tblib,unknown,[],0
tblite,unknown,[],0
tenacity,unknown,[],0
tensorboard,unknown,[],0
tensorboardx,unknown,[],0
tensorflow,critical,"['CWE-119', 'CWE-120', 'CWE-122', 'CWE-125', 'CWE-1284', 'CWE-131', 'CWE-134', 'CWE-190', 'CWE-191', 'CWE-193', 'CWE-197', 'CWE-20', 'CWE-252', 'CWE-345', 'CWE-354', 'CWE-367', 'CWE-369', 'CWE-400', 'CWE-401', 'CWE-415', 'CWE-416', 'CWE-471', 'CWE-475', 'CWE-476', 'CWE-502', 'CWE-617', 'CWE-662', 'CWE-665', 'CWE-667', 'CWE-668', 'CWE-670', 'CWE-674', 'CWE-681', 'CWE-682', 'CWE-697', 'CWE-704', 'CWE-754', 'CWE-755', 'CWE-770', 'CWE-78', 'CWE-787', 'CWE-824', 'CWE-835', 'CWE-843', 'CWE-908', 'CWE-94']",46
tensorflow-cpu,critical,"['CWE-119', 'CWE-120', 'CWE-122', 'CWE-125', 'CWE-1284', 'CWE-131', 'CWE-134', 'CWE-190', 'CWE-191', 'CWE-193', 'CWE-197', 'CWE-20', 'CWE-252', 'CWE-345', 'CWE-354', 'CWE-367', 'CWE-369', 'CWE-400', 'CWE-401', 'CWE-415', 'CWE-416', 'CWE-471', 'CWE-475', 'CWE-476', 'CWE-502', 'CWE-617', 'CWE-662', 'CWE-665', 'CWE-667', 'CWE-668', 'CWE-670', 'CWE-674', 'CWE-681', 'CWE-682', 'CWE-697', 'CWE-704', 'CWE-754', 'CWE-755', 'CWE-770', 'CWE-78', 'CWE-787', 'CWE-824', 'CWE-835', 'CWE-843', 'CWE-908', 'CWE-94']",46
tensorflow-probability,unknown,[],0
tensorflow-text,unknown,[],0
tensorizer,unknown,[],0
terminado,unknown,[],0
testcontainers,unknown,[],0
textual,unknown,[],0
tf-playwright-stealth,unknown,[],0
tf2onnx,unknown,[],0
threadpoolctl,unknown,[],0
tiktoken,unknown,[],0
time-machine,unknown,[],0
timeout-decorator,unknown,[],0
timm,unknown,[],0
tinycss2,unknown,[],0
tinyhtml5,unknown,[],0
tldextract,unknown,[],0
todoist-api-python,unknown,[],0
together,unknown,"['CWE-200', 'CWE-73']",2
tokenize-rt,unknown,[],0
tokenizers,unknown,['CWE-76'],1
toml,unknown,[],0
tomli,unknown,[],0
tomli-w,unknown,[],0
tomlkit,unknown,[],0
toolz,unknown,[],0
toposort,unknown,[],0
torch,critical,['CWE-502'],1
torch_memory_saver,unknown,[],0
torchao,unknown,[],0
torchaudio,unknown,[],0
torchcodec,unknown,[],0
torchmetrics,unknown,[],0
torchvision,unknown,[],0
tornado,high,[],0
towncrier,unknown,[],0
tox,unknown,[],0
tqdm,low,[],0
trafilatura,unknown,[],0
traitlets,unknown,[],0
transformers,critical,"['CWE-1333', 'CWE-94']",2
trino,unknown,[],0
trio,unknown,[],0
triton,unknown,[],0
tritonclient,unknown,[],0
trove-classifiers,unknown,[],0
trustme,unknown,[],0
twine,unknown,[],0
twisted,medium,[],0
twisted-iocpsupport,unknown,[],0
twistedchecker,unknown,[],0
twython,unknown,[],0
typeguard,unknown,[],0
typer,unknown,[],0
types-aiofiles,unknown,[],0
types-backports,unknown,[],0
types-cachetools,unknown,[],0
types-certifi,unknown,[],0
types-chardet,unknown,[],0
types-chevron,unknown,[],0
types-colorama,unknown,[],0
types-cryptography,unknown,[],0
types-dateparser,unknown,[],0
types-docutils,unknown,[],0
types-jsonschema,unknown,[],0
types-mock,unknown,[],0
types-paramiko,unknown,[],0
types-protobuf,unknown,[],0
types-psutil,unknown,[],0
types-pygments,unknown,[],0
types-pymysql,unknown,[],0
types-pyopenssl,unknown,[],0
types-python-dateutil,unknown,[],0
types-pytz,unknown,[],0
types-pywin32,unknown,[],0
types-pyyaml,unknown,[],0
types-redis,unknown,[],0
types-requests,unknown,[],0
types-setuptools,unknown,[],0
types-simplejson,unknown,[],0
types-six,unknown,[],0
types-tabulate,unknown,[],0
types-toml,unknown,[],0
types-tzlocal,unknown,[],0
types-urllib3,unknown,[],0
types_psutil,unknown,[],0
typing-extensions,unknown,[],0
typing-inspect,unknown,[],0
typing-inspection,unknown,[],0
typing_extensions,unknown,[],0
tzdata,unknown,[],0
tzlocal,unknown,[],0
tzlocal (,unknown,[],0
uharfbuzz,unknown,[],0
ulid-transform,unknown,[],0
uncertainties,unknown,[],0
uncompresspy,unknown,[],0
unicodedata2,unknown,[],0
unidic,unknown,[],0
unidic_lite,unknown,[],0
universal_pathlib,unknown,[],0
unleashclient,unknown,[],0
unstructured,medium,[],0
unstructured-client,unknown,[],0
unstructured-inference,unknown,[],0
unstructured.paddleocr,unknown,[],0
unstructured.pytesseract,unknown,[],0
upstash-vector,unknown,[],0
urllib3,medium,"['CWE-200', 'CWE-295', 'CWE-400', 'CWE-601', 'CWE-669', 'CWE-93']",6
urwid,unknown,[],0
usd-core,critical,[],0
uuid6,unknown,[],0
uuid7,unknown,[],0
uv,medium,[],0
uvicorn,high,"['CWE-116', 'CWE-74', 'CWE-94']",3
uvicorn-worker,unknown,[],0
uvloop,unknown,[],0
validators,high,['CWE-835'],1
valkey,unknown,[],0
valyu,unknown,[],0
vega-datasets,unknown,[],0
virtualenv,high,"['CWE-22', 'CWE-77']",2
visions,unknown,[],0
vllm,critical,['CWE-354'],1
voluptuous,unknown,[],0
voluptuous-openapi,unknown,[],0
voluptuous-serialize,unknown,[],0
vsa,unknown,[],0
vtk,high,"['CWE-400', 'CWE-476']",2
w3lib,unknown,[],0
waitress,critical,"['CWE-248', 'CWE-362', 'CWE-367', 'CWE-444', 'CWE-772']",5
wandb,unknown,[],0
watchdog,unknown,[],0
watchfiles,unknown,[],0
weasyprint,high,[],0
weave,high,"['CWE-20', 'CWE-22']",2
weaviate-client,unknown,[],0
web3,unknown,[],0
webexpythonsdk,unknown,[],0
webob,medium,['CWE-601'],1
webrtc-models,unknown,[],0
websocket-client,unknown,[],0
websockets,high,"['CWE-203', 'CWE-208', 'CWE-400', 'CWE-409']",4
werkzeug,high,[],0
wheel,high,['CWE-1333'],1
whenever,unknown,"['CWE-20', 'CWE-502']",2
winkerberos,unknown,[],0
wmi,unknown,[],0
wordcloud,unknown,[],0
wrapt,unknown,[],0
wsproto,unknown,[],0
wtforms,unknown,[],0
xattr,unknown,[],0
xformers,unknown,[],0
xgboost,unknown,[],0
xgrammar,high,[],0
xhtml2pdf,medium,[],0
xlrd,unknown,[],0
xxhash,unknown,[],0
yarl,unknown,[],0
ydata-profiling,high,[],0
yesqa,unknown,[],0
yfinance,unknown,[],0
youtube-transcript-api,unknown,[],0
youtube_transcript_api,unknown,[],0
yt-dlp,high,['CWE-78'],1
yt-dlp-ejs,unknown,[],0
yunchang,unknown,[],0
z3-solver,unknown,[],0
zep-cloud,unknown,[],0
zeroconf,unknown,[],0
zipp,medium,[],0
zope-interface,unknown,[],0
zope.interface,unknown,[],0
zopfli,unknown,[],0
zstandard,unknown,[],0
