package,in_degree,out_degree,severity_max,cwe_list,cwe_count
agno,1,139,high,[],0
aiohttp,20,12,high,"['CWE-20', 'CWE-22', 'CWE-444', 'CWE-601', 'CWE-61', 'CWE-772', 'CWE-79', 'CWE-80', 'CWE-835', 'CWE-93']",10
opentelemetry-exporter-otlp-proto-grpc,1,0,unknown,[],0
typing-extensions,35,0,unknown,[],0
mem0ai,2,0,unknown,[],0
google-genai,4,0,unknown,[],0
arxiv,1,0,unknown,[],0
docstring-parser,2,0,unknown,[],0
lxml_html_clean,2,0,high,"['CWE-184', 'CWE-79', 'CWE-83']",3
pgvector,2,0,unknown,[],0
anthropic,5,0,unknown,[],0
litellm,3,46,critical,[],0
clickhouse-connect,3,0,unknown,[],0
tantivy,1,0,unknown,[],0
boto3,13,0,unknown,[],0
agentql,1,0,unknown,[],0
arize-phoenix,1,0,unknown,[],0
pytest,52,0,unknown,[],0
cerebras-cloud-sdk,1,0,unknown,[],0
elevenlabs,1,0,unknown,[],0
upstash-vector,1,0,unknown,[],0
infinity_client,1,0,unknown,[],0
pytest-asyncio,8,0,unknown,[],0
google-cloud-bigquery,3,0,unknown,[],0
memorisdk,1,0,unknown,[],0
email_validator,1,0,unknown,[],0
llama-api-client,1,0,unknown,[],0
ollama,2,0,unknown,[],0
youtube_transcript_api,1,0,unknown,[],0
agno-infra,1,0,unknown,[],0
chromadb,3,0,unknown,[],0
qdrant-client,4,9,critical,[],0
pinecone,2,0,unknown,[],0
opentelemetry-distro,3,0,unknown,[],0
markdown,5,0,unknown,"['CWE-1284', 'CWE-20', 'CWE-327', 'CWE-400', 'CWE-407', 'CWE-79']",6
googlemaps,1,0,unknown,[],0
oxylabs,1,0,unknown,[],0
twine,10,0,unknown,[],0
google-auth-oauthlib,4,0,unknown,[],0
pillow,22,22,critical,[],0
pyyaml,33,0,critical,"['CWE-20', 'CWE-502']",2
openlit,1,0,unknown,[],0
python-docx,2,0,high,['CWE-611'],1
exa_py,1,0,unknown,[],0
browserbase,1,0,unknown,[],0
google-cloud-storage,6,0,unknown,[],0
pydantic,28,6,medium,['CWE-835'],1
cohere,1,0,unknown,[],0
valyu,1,0,unknown,[],0
gitpython,4,15,high,"['CWE-22', 'CWE-426']",2
fastmcp,2,15,high,[],0
mcp,7,16,high,['CWE-248'],1
ddgs,2,0,unknown,[],0
lancedb,2,0,unknown,[],0
pylance,1,0,unknown,[],0
atlassian-python-api,1,0,unknown,[],0
webexpythonsdk,1,0,unknown,[],0
packaging,33,0,unknown,[],0
h11,2,0,critical,['CWE-444'],1
newspaper4k,1,0,unknown,[],0
pypdf,6,16,medium,[],0
ibm-watsonx-ai,1,0,unknown,[],0
python-multipart,10,0,high,['CWE-770'],1
pymongo,4,20,medium,[],0
ag-ui-protocol,1,0,unknown,[],0
mistralai,1,0,unknown,[],0
google-cloud-firestore,1,0,unknown,[],0
couchbase,2,0,critical,['CWE-295'],1
tavily-python,1,0,unknown,[],0
build,16,0,unknown,[],0
redis,6,0,high,"['CWE-193', 'CWE-459']",2
firecrawl-py,2,0,unknown,[],0
daytona,1,0,unknown,[],0
unstructured,2,47,medium,[],0
brave-search,1,0,unknown,[],0
openai,10,0,unknown,[],0
opentelemetry-exporter-otlp,4,0,unknown,[],0
web3,1,0,unknown,[],0
apify-client,1,0,unknown,[],0
duckdb,3,6,high,[],0
python-pptx,3,0,unknown,[],0
google-api-python-client,5,0,unknown,[],0
chonkie,1,0,unknown,[],0
pymilvus,4,0,unknown,[],0
groq,2,0,unknown,[],0
uvicorn,19,0,high,"['CWE-116', 'CWE-74', 'CWE-94']",3
google-maps-places,1,0,unknown,[],0
pydantic-settings,4,0,unknown,[],0
yfinance,1,0,unknown,[],0
redisvl,2,0,unknown,[],0
a2a-sdk,1,0,unknown,[],0
psycopg,4,0,unknown,[],0
todoist-api-python,1,0,unknown,[],0
rich,22,0,unknown,[],0
asyncpg,4,0,critical,['CWE-824'],1
pytest-mock,11,0,unknown,[],0
surrealdb,1,0,unknown,[],0
sqlalchemy,15,0,critical,['CWE-89'],1
azure-ai-inference,1,0,unknown,[],0
fal_client,1,0,unknown,[],0
notion-client,1,0,unknown,[],0
timeout-decorator,3,0,unknown,[],0
crawl4ai,1,40,medium,[],0
typer,7,0,unknown,[],0
cassio,1,0,unknown,[],0
mypy,19,0,unknown,[],0
parallel-web,1,0,unknown,[],0
lmstudio,1,0,unknown,[],0
portkey-ai,1,0,unknown,[],0
opentelemetry-sdk,5,0,unknown,[],0
opencv-python,2,1,high,[],0
types-pyyaml,5,0,unknown,[],0
weaviate-client,2,0,unknown,[],0
langfuse,1,0,unknown,[],0
zep-cloud,1,0,unknown,[],0
scrapegraph-py,1,0,unknown,[],0
memory_profiler,2,0,unknown,[],0
neo4j,1,0,unknown,[],0
pygithub,1,0,unknown,[],0
psycopg-binary,2,0,unknown,[],0
reportlab,3,0,critical,"['CWE-91', 'CWE-918', 'CWE-94']",3
aioboto3,1,0,unknown,[],0
aiofiles,6,0,unknown,[],0
httpx,22,0,critical,['CWE-20'],1
pyjwt,11,7,low,[],0
weave,1,0,high,"['CWE-20', 'CWE-22']",2
types-aiofiles,1,0,unknown,[],0
ruff,16,0,unknown,[],0
pytest-cov,30,0,unknown,[],0
fastapi,20,0,high,['CWE-352'],1
inquirer,1,0,unknown,[],0
huggingface-hub,5,0,unknown,[],0
playwright,3,0,unknown,[],0
google-auth-httplib2,3,0,unknown,[],0
matplotlib,15,0,unknown,[],0
python-dotenv,11,0,unknown,[],0
cartesia,1,0,unknown,[],0
rapidocr_onnxruntime,1,0,unknown,[],0
trafilatura,1,0,unknown,[],0
aiohappyeyeballs,1,0,unknown,[],0
async-timeout,4,0,unknown,[],0
aiodns,2,0,unknown,[],0
aiosignal,2,0,unknown,[],0
yarl,3,0,unknown,[],0
frozenlist,2,0,unknown,[],0
multidict,4,0,unknown,[],0
propcache,3,0,unknown,[],0
attrs,9,0,unknown,[],0
brotlicffi,4,0,unknown,[],0
brotli,9,0,high,[],0
backports.zstd,1,0,unknown,[],0
aiomysql,1,2,high,[],0
pymysql,3,2,critical,[],0
anki,0,7,high,[],0
requests,41,6,medium,[],0
decorator,1,0,unknown,[],0
orjson,11,0,high,[],0
protobuf,15,0,high,[],0
distro,2,0,unknown,[],0
ansible,0,1,medium,['CWE-94'],1
ansible-core,1,5,high,[],0
jinja2,25,2,medium,"['CWE-1336', 'CWE-74', 'CWE-94', 'CWE-97']",4
resolvelib,1,0,unknown,[],0
cryptography,31,23,high,"['CWE-119', 'CWE-190', 'CWE-203', 'CWE-208', 'CWE-295', 'CWE-385', 'CWE-476', 'CWE-754', 'CWE-787']",9
apache-airflow,8,105,high,[],0
apache-airflow-providers-sendgrid,1,0,unknown,[],0
apache-airflow-providers-vertica,2,0,unknown,[],0
apache-airflow-providers-microsoft-psrp,1,0,unknown,[],0
apache-airflow-providers-apache-kylin,1,0,unknown,[],0
apache-airflow-providers-google,1,0,critical,['CWE-20'],1
apache-airflow-providers-qdrant,1,0,unknown,[],0
apache-airflow-providers-samba,1,0,unknown,[],0
apache-airflow-providers-apache-livy,1,0,unknown,[],0
apache-airflow-providers-apache-beam,1,0,unknown,[],0
apache-airflow-providers-teradata,1,0,unknown,[],0
apache-airflow-providers-common-sql,3,7,high,[],0
apache-airflow-providers-common-compat,5,0,unknown,[],0
apache-airflow-providers-ssh,1,0,unknown,[],0
apache-airflow-providers-apprise,1,0,unknown,[],0
apache-airflow-providers-celery,1,0,high,['CWE-532'],1
apache-airflow-providers-apache-cassandra,1,0,unknown,[],0
apache-airflow-providers-trino,2,0,unknown,[],0
apache-airflow-providers-apache-drill,1,0,high,['CWE-20'],1
apache-airflow-providers-dbt-cloud,1,0,unknown,[],0
apache-airflow-providers-standard,1,0,unknown,[],0
apache-airflow-task-sdk,1,0,unknown,[],0
apache-airflow-providers-pagerduty,1,0,unknown,[],0
apache-airflow-providers-cncf-kubernetes,1,7,medium,[],0
apache-airflow-providers-postgres,1,0,unknown,[],0
apache-airflow-providers-odbc,1,0,high,"['CWE-20', 'CWE-88']",2
apache-airflow-providers-atlassian-jira,1,0,unknown,[],0
apache-airflow-providers-apache-iceberg,1,0,unknown,[],0
apache-airflow-providers-apache-spark,1,0,high,"['CWE-20', 'CWE-502']",2
apache-airflow-providers-elasticsearch,1,0,unknown,[],0
apache-airflow-providers-openfaas,1,0,unknown,[],0
apache-airflow-providers-apache-druid,1,0,unknown,[],0
apache-airflow-providers-openai,1,0,unknown,[],0
apache-airflow-providers-salesforce,1,0,unknown,[],0
apache-airflow-providers-apache-impala,1,0,unknown,[],0
apache-airflow-providers-grpc,1,0,unknown,[],0
apache-airflow-providers-common-messaging,1,0,unknown,[],0
apache-airflow-providers-presto,2,0,unknown,[],0
apache-airflow-providers-jenkins,1,0,unknown,[],0
apache-airflow-providers-apache-pig,1,0,unknown,[],0
apache-airflow-providers-mongo,1,3,critical,[],0
apache-airflow-providers-fab,1,17,low,[],0
apache-airflow-providers-weaviate,1,0,unknown,[],0
apache-airflow-providers-alibaba,1,0,unknown,[],0
apache-airflow-providers-apache-pinot,1,0,unknown,[],0
apache-airflow-providers-common-io,1,0,unknown,[],0
cloudpickle,8,0,unknown,[],0
apache-airflow-providers-sftp,1,0,unknown,[],0
apache-airflow-providers-apache-tinkerpop,1,0,unknown,[],0
apache-airflow-providers-microsoft-winrm,1,0,unknown,[],0
apache-airflow-providers-arangodb,1,0,unknown,[],0
apache-airflow-providers-snowflake,1,10,critical,[],0
apache-airflow-providers-telegram,1,0,unknown,[],0
apache-airflow-providers-cloudant,1,0,unknown,[],0
apache-airflow-providers-yandex,1,0,unknown,[],0
apache-airflow-providers-mysql,1,10,medium,[],0
apache-airflow-providers-edge3,1,0,unknown,[],0
apache-airflow-providers-apache-hdfs,1,0,high,['CWE-829'],1
apache-airflow-providers-tableau,1,0,unknown,[],0
apache-airflow-providers-pinecone,1,0,unknown,[],0
apache-airflow-providers-apache-flink,1,0,unknown,[],0
apache-airflow-providers-http,1,0,unknown,[],0
apache-airflow-providers-singularity,1,0,unknown,[],0
apache-airflow-providers-apache-hive,1,0,critical,"['CWE-20', 'CWE-77', 'CWE-78', 'CWE-94']",4
apache-airflow-providers-asana,1,0,unknown,[],0
apache-airflow-providers-imap,1,0,moderate,['CWE-295'],1
apache-airflow-providers-opensearch,1,0,unknown,[],0
apache-airflow-providers-opsgenie,1,0,unknown,[],0
apache-airflow-providers-exasol,1,0,unknown,[],0
apache-airflow-providers-oracle,1,0,unknown,[],0
apache-airflow-providers-slack,1,0,unknown,[],0
atlasclient,1,0,unknown,[],0
apache-airflow-providers-dingding,1,0,unknown,[],0
apache-airflow-providers-cohere,1,0,unknown,[],0
authlib,7,1,high,[],0
apache-airflow-core,1,0,unknown,[],0
apache-airflow-providers-smtp,1,0,moderate,['CWE-295'],1
apache-airflow-providers-jdbc,1,0,high,['CWE-20'],1
apache-airflow-providers-ftp,1,3,low,[],0
apache-airflow-providers-github,1,0,unknown,[],0
apache-airflow-providers-hashicorp,1,0,unknown,[],0
apache-airflow-providers-papermill,1,0,unknown,[],0
apache-airflow-providers-microsoft-azure,2,0,unknown,[],0
apache-airflow-providers-docker,1,0,high,[],0
apache-airflow-providers-influxdb,1,0,unknown,[],0
apache-airflow-providers-datadog,1,0,unknown,[],0
apache-airflow-providers-airbyte,1,0,unknown,[],0
uv,3,0,medium,[],0
apache-airflow-providers-git,1,0,unknown,[],0
apache-airflow-providers-zendesk,1,0,unknown,[],0
apache-airflow-providers-segment,1,0,unknown,[],0
apache-airflow-providers-neo4j,1,0,unknown,[],0
apache-airflow-providers-ydb,1,0,unknown,[],0
apache-airflow-providers-openlineage,5,0,unknown,[],0
apache-airflow-providers-keycloak,1,0,unknown,[],0
apache-airflow-providers-apache-kafka,1,0,unknown,[],0
apache-airflow-providers-redis,1,0,unknown,[],0
apache-airflow-providers-microsoft-mssql,1,0,moderate,['CWE-20'],1
apache-airflow-providers-facebook,1,0,unknown,[],0
apache-airflow-providers-amazon,3,0,high,['CWE-209'],1
apache-airflow-providers-sqlite,1,0,unknown,[],0
amqp,1,0,unknown,[],0
apache-airflow-providers-databricks,1,0,unknown,[],0
apache-airflow-providers-discord,1,0,unknown,[],0
python-ldap,1,2,medium,"['CWE-116', 'CWE-1333', 'CWE-170', 'CWE-75', 'CWE-843']",5
apache-airflow-providers-pgvector,1,0,unknown,[],0
asgiref,6,0,unknown,[],0
kubernetes,3,0,unknown,[],0
kubernetes_asyncio,1,0,unknown,[],0
sqlparse,3,3,high,"['CWE-1333', 'CWE-400']",2
methodtools,1,0,unknown,[],0
more-itertools,2,0,unknown,[],0
polars,5,0,unknown,[],0
pandas,29,0,low,"['CWE-862', 'CWE-94']",2
connexion,1,0,unknown,[],0
flask,10,9,low,"['CWE-200', 'CWE-22', 'CWE-254', 'CWE-284', 'CWE-352', 'CWE-502', 'CWE-601', 'CWE-89', 'CWE-913', 'CWE-914', 'CWE-918']",11
kerberos,1,0,critical,['CWE-287'],1
jmespath,3,0,unknown,[],0
flask-sqlalchemy,2,0,unknown,[],0
werkzeug,7,2,high,[],0
blinker,5,0,unknown,[],0
flask-wtf,3,0,unknown,[],0
wtforms,2,0,unknown,[],0
flask-login,2,0,unknown,[],0
msgpack,4,0,unknown,[],0
flask-appbuilder,1,24,critical,[],0
flask-session,1,0,unknown,[],0
flask_limiter,1,0,unknown,[],0
dnspython,4,21,medium,[],0
mysql-connector-python,2,6,high,[],0
mysqlclient,2,0,unknown,[],0
pyarrow,15,0,critical,[],0
snowflake-connector-python,4,34,high,[],0
snowflake-sqlalchemy,1,0,unknown,[],0
snowflake-snowpark-python,2,0,unknown,[],0
asteval,1,7,high,[],0
coverage,24,0,unknown,[],0
sphinx,30,0,unknown,[],0
astropy,1,51,high,['CWE-77'],1
mpmath,1,0,high,['CWE-770'],1
bleach,1,0,critical,"['CWE-1333', 'CWE-20', 'CWE-400', 'CWE-79']",4
h5py,3,0,unknown,[],0
sphinx_design,1,0,unknown,[],0
dask,3,0,critical,['CWE-668'],1
jupyter-core,3,12,high,[],0
beautifulsoup4,9,0,unknown,[],0
pandas-stubs,3,0,unknown,[],0
sgp4,1,0,unknown,[],0
fsspec,14,0,unknown,[],0
skyfield,1,0,unknown,[],0
ipython,12,0,critical,"['CWE-20', 'CWE-250', 'CWE-269', 'CWE-279', 'CWE-352', 'CWE-78', 'CWE-79', 'CWE-94']",8
asdf-astropy,1,0,unknown,[],0
pyerfa,1,0,unknown,[],0
jplephem,1,0,unknown,[],0
numpy,43,0,critical,"['CWE-120', 'CWE-20', 'CWE-476', 'CWE-502', 'CWE-59', 'CWE-697', 'CWE-835']",7
ipykernel,5,0,unknown,[],0
ipywidgets,4,0,unknown,[],0
scipy,18,0,high,['CWE-269'],1
html5lib,3,0,moderate,['CWE-79'],1
s3fs,2,0,unknown,[],0
pre-commit,17,0,unknown,[],0
pytest-astropy-header,1,0,unknown,[],0
array-api-strict,1,0,unknown,[],0
pytest-doctestplus,1,0,unknown,[],0
pytest-astropy,1,0,unknown,[],0
sphinx-astropy,1,0,unknown,[],0
sphinxcontrib-globalsubs,1,0,unknown,[],0
threadpoolctl,2,0,unknown,[],0
objgraph,2,0,unknown,[],0
bottleneck,1,0,unknown,[],0
astropy-iers-data,1,0,unknown,[],0
uncompresspy,1,0,unknown,[],0
asdf,1,0,unknown,[],0
pytest-xdist,16,0,unknown,[],0
certifi,13,0,low,"['CWE-17', 'CWE-19', 'CWE-20', 'CWE-208', 'CWE-295', 'CWE-303', 'CWE-310', 'CWE-325', 'CWE-347', 'CWE-362', 'CWE-399', 'CWE-404', 'CWE-476']",13
sphinx-changelog,1,0,unknown,[],0
ipydatagrid,1,0,unknown,[],0
tox,9,0,unknown,[],0
sortedcontainers,3,0,unknown,[],0
pytz,8,0,unknown,[],0
asyncssh,0,9,high,[],0
libnacl,1,0,unknown,[],0
typing_extensions,9,0,unknown,[],0
bcrypt,8,0,unknown,[],0
fido2,2,0,unknown,[],0
python-pkcs11,1,0,unknown,[],0
pywin32,5,0,high,['CWE-190'],1
gssapi,3,0,unknown,[],0
pyopenssl,12,0,high,"['CWE-20', 'CWE-401', 'CWE-404', 'CWE-416']",4
aws-sam-cli,0,51,medium,[],0
parameterized,2,0,unknown,[],0
click,24,0,unknown,"['CWE-116', 'CWE-601', 'CWE-74', 'CWE-79', 'CWE-80', 'CWE-94']",6
aws-sam-translator,1,0,unknown,[],0
pytest-metadata,1,0,unknown,[],0
tomlkit,5,0,unknown,[],0
regex,6,0,unknown,[],0
types-pywin32,1,0,unknown,[],0
chevron,1,0,unknown,[],0
aws_lambda_builders,1,0,unknown,[],0
pytest-timeout,18,0,unknown,[],0
cookiecutter,3,0,critical,['CWE-78'],1
dateparser,2,0,unknown,[],0
docker,6,0,unknown,"['CWE-287', 'CWE-290', 'CWE-807', 'CWE-94']",4
ruamel_yaml,1,0,unknown,[],0
boto3-stubs,1,0,unknown,[],0
jsonschema,13,0,unknown,[],0
types-jsonschema,1,0,unknown,[],0
pytest-json-report-wip,1,0,unknown,[],0
types-docutils,1,0,unknown,[],0
types-dateparser,1,0,unknown,[],0
types-requests,4,0,unknown,[],0
types-pygments,1,0,unknown,[],0
black,12,13,medium,[],0
types-urllib3,1,0,unknown,[],0
types-chevron,1,0,unknown,[],0
types-pyopenssl,3,0,unknown,[],0
pytest-forked,2,0,unknown,[],0
psutil,18,0,high,['CWE-415'],1
tzlocal,1,0,unknown,[],0
filelock,9,0,unknown,[],0
pytest-rerunfailures,8,0,unknown,[],0
types-psutil,1,0,unknown,[],0
cfn-lint,1,0,unknown,[],0
watchdog,5,0,unknown,[],0
types-setuptools,3,0,unknown,[],0
types-colorama,1,0,unknown,[],0
azure-identity,3,5,medium,[],0
azure-core,1,0,unknown,[],0
msal-extensions,1,0,unknown,[],0
msal,1,0,unknown,[],0
uvloop,5,0,unknown,[],0
mypy-extensions,3,0,unknown,[],0
pytokens,1,0,unknown,[],0
platformdirs,10,0,unknown,[],0
tokenize-rt,1,0,unknown,[],0
tomli,8,0,unknown,[],0
colorama,7,0,unknown,[],0
pathspec,5,0,unknown,[],0
browser-use,0,49,critical,[],0
textual,1,0,unknown,[],0
google-auth,2,0,unknown,[],0
imgcat,1,0,unknown,[],0
posthog,2,0,unknown,[],0
langchain-openai,3,0,unknown,[],0
imageio,2,0,unknown,[],0
datamodel-code-generator,1,0,unknown,[],0
botocore,4,0,unknown,['CWE-601'],1
google-api-core,3,0,unknown,[],0
anyio,8,0,unknown,[],0
lmnr,1,0,unknown,[],0
screeninfo,1,0,unknown,[],0
cdp-use,1,0,unknown,[],0
markdownify,2,2,low,[],0
oci,1,0,unknown,[],0
uuid7,1,0,unknown,[],0
pyobjc,1,0,unknown,[],0
inquirerpy,1,0,unknown,[],0
agentmail,1,0,unknown,[],0
tabulate,5,0,unknown,[],0
portalocker,2,0,unknown,[],0
pyotp,1,0,unknown,[],0
bubus,1,0,unknown,[],0
cadwyn,0,8,high,[],0
starlette,7,7,high,"['CWE-400', 'CWE-770']",2
backports-strenum,1,0,unknown,[],0
typing-inspection,2,0,unknown,[],0
check-jsonschema,0,6,medium,[],0
regress,1,0,unknown,"['CWE-172', 'CWE-250', 'CWE-269', 'CWE-362', 'CWE-400', 'CWE-427', 'CWE-522', 'CWE-770']",8
ruamel.yaml,3,0,unknown,[],0
clearml,0,21,high,[],0
six,6,0,unknown,[],0
azure-storage-blob,4,0,moderate,['CWE-668'],1
urllib3,12,5,medium,"['CWE-200', 'CWE-295', 'CWE-400', 'CWE-601', 'CWE-669', 'CWE-93']",6
pathlib2,1,0,unknown,[],0
referencing,1,0,unknown,[],0
python-dateutil,9,0,unknown,[],0
furl,1,0,unknown,[],0
pyparsing,4,0,unknown,[],0
copier,1,15,high,[],0
jinja2-ansible-filters,1,0,unknown,[],0
dunamai,1,0,unknown,[],0
eval-type-backport,2,0,unknown,[],0
questionary,1,0,unknown,[],0
pygments,6,0,critical,"['CWE-400', 'CWE-434', 'CWE-78', 'CWE-835']",4
funcy,2,0,unknown,[],0
plumbum,2,0,unknown,[],0
alphashape,1,0,unknown,[],0
sentence-transformers,3,0,unknown,[],0
humanize,2,0,unknown,[],0
rank-bm25,2,0,unknown,[],0
fake-useragent,2,0,unknown,[],0
scikit-learn,10,33,medium,[],0
selenium,2,0,low,[],0
shapely,3,0,unknown,[],0
aiosqlite,4,0,unknown,[],0
nltk,6,12,high,"['CWE-400', 'CWE-502']",2
patchright,1,0,unknown,[],0
cssselect,2,0,unknown,[],0
transformers,8,99,critical,"['CWE-1333', 'CWE-94']",2
snowballstemmer,2,0,unknown,[],0
torch,11,26,critical,['CWE-502'],1
tokenizers,4,0,unknown,['CWE-76'],1
xxhash,1,0,unknown,[],0
chardet,2,0,unknown,[],0
pypdf2,1,0,moderate,"['CWE-407', 'CWE-835']",2
lxml,8,0,moderate,"['CWE-476', 'CWE-74', 'CWE-79']",3
lark,2,0,unknown,[],0
tf-playwright-stealth,1,0,unknown,[],0
sphinxcontrib-spelling,4,0,unknown,[],0
sphinx-rtd-theme,10,0,unknown,[],0
pyenchant,1,0,unknown,[],0
pretend,1,0,unknown,[],0
pytest-benchmark,3,0,unknown,[],0
cryptography-vectors,1,0,unknown,[],0
nox,2,0,unknown,[],0
readme-renderer,1,0,unknown,[],0
check-sdist,1,0,unknown,[],0
sphinx-inline-tabs,3,0,unknown,[],0
pytest-randomly,3,0,unknown,[],0
cffi,7,0,unknown,[],0
curl-cffi,1,24,high,[],0
readability-lxml,1,0,unknown,[],0
proxy.py,1,0,high,"['CWE-287', 'CWE-480', 'CWE-697']",3
cibuildwheel,1,0,unknown,[],0
wheel,12,0,high,['CWE-1333'],1
pytest-trio,1,0,unknown,[],0
trio,2,0,unknown,[],0
trustme,1,0,unknown,[],0
websockets,7,0,high,"['CWE-203', 'CWE-208', 'CWE-400', 'CWE-409']",4
charset_normalizer,3,0,unknown,[],0
dagster,0,71,medium,[],0
types-paramiko,1,0,unknown,[],0
types-backports,1,0,unknown,[],0
grpcio-tools,3,0,unknown,[],0
types-six,1,0,unknown,[],0
types-python-dateutil,2,0,unknown,[],0
universal_pathlib,1,0,unknown,[],0
structlog,2,0,unknown,[],0
mypy-protobuf,2,0,unknown,[],0
morefs,1,0,unknown,[],0
types-toml,2,0,unknown,[],0
rapidfuzz,3,0,unknown,[],0
types-tzlocal,1,0,unknown,[],0
toposort,1,0,unknown,[],0
dagster-pipes,1,0,unknown,[],0
tqdm,16,9,low,[],0
types-chardet,1,0,unknown,[],0
syrupy,1,0,unknown,[],0
coloredlogs,2,0,unknown,[],0
types-certifi,1,0,unknown,[],0
types-mock,1,0,unknown,[],0
dagster-shared,1,0,unknown,[],0
responses,3,0,unknown,"['CWE-16', 'CWE-22', 'CWE-311', 'CWE-354', 'CWE-601']",5
types-cryptography,1,0,unknown,[],0
pyright,3,0,unknown,[],0
alembic,5,0,unknown,[],0
tzdata,4,0,unknown,[],0
grpcio-health-checking,3,0,unknown,[],0
antlr4-python3-runtime,1,0,unknown,[],0
setuptools,14,45,high,"['CWE-1333', 'CWE-22']",2
flaky,4,0,unknown,[],0
types-tabulate,2,0,unknown,[],0
grpcio,6,0,high,"['CWE-248', 'CWE-440', 'CWE-617', 'CWE-770', 'CWE-789']",5
buildkite-test-collector,1,0,unknown,[],0
types-pytz,2,0,unknown,[],0
types-simplejson,1,0,unknown,[],0
dash,0,50,medium,"['CWE-203', 'CWE-502', 'CWE-670', 'CWE-88', 'CWE-94']",5
multiprocess,1,0,unknown,[],0
dash_testing_stub,1,0,unknown,[],0
waitress,2,6,critical,"['CWE-248', 'CWE-362', 'CWE-367', 'CWE-444', 'CWE-772']",5
diskcache,3,0,unknown,[],0
plotly-cloud,1,0,unknown,[],0
mock,4,0,unknown,[],0
mimesis,1,0,unknown,[],0
importlib-metadata,15,0,unknown,[],0
xlrd,3,0,unknown,[],0
plotly,4,0,unknown,[],0
retrying,1,0,unknown,[],0
nest-asyncio,3,0,unknown,[],0
celery,3,0,high,"['CWE-269', 'CWE-77', 'CWE-78']",3
pyzmq,4,0,unknown,[],0
percy,1,0,unknown,[],0
jupyterlab,3,51,high,[],0
flask-compress,1,0,unknown,[],0
dash-ag-grid,1,0,unknown,[],0
flask-talisman,2,0,unknown,[],0
fire,1,0,unknown,[],0
flake8,9,0,unknown,[],0
pytest-sugar,2,0,unknown,[],0
pylint,3,0,unknown,[],0
openpyxl,3,0,moderate,['CWE-611'],1
kombu,1,0,unknown,[],0
dbt-core,0,22,high,['CWE-1327'],1
daff,1,0,unknown,[],0
agate,1,0,unknown,[],0
dbt-common,1,0,unknown,[],0
dbt-semantic-interfaces,1,0,unknown,[],0
networkx,7,0,unknown,[],0
dbt-adapters,1,0,unknown,[],0
mashumaro,1,0,unknown,[],0
dbt-protos,1,0,unknown,[],0
dbt-extractor,1,0,unknown,[],0
snowplow-tracker,1,0,unknown,[],0
deepdiff,1,26,critical,[],0
sphinx-sitemap,1,0,unknown,[],0
ipdb,1,0,unknown,[],0
bump2version,2,0,unknown,[],0
tomli-w,3,0,unknown,[],0
uuid6,1,0,unknown,[],0
flake8-pyproject,1,0,unknown,[],0
sphinxemoji,2,0,unknown,[],0
jsonpickle,2,0,critical,['CWE-502'],1
orderly-set,2,0,unknown,[],0
deepspeed,3,46,high,[],0
py-cpuinfo,2,0,unknown,[],0
torchvision,7,0,unknown,[],0
clang-format,1,0,unknown,[],0
mpi4py,1,0,unknown,[],0
future,1,0,high,['CWE-400'],1
neural-compressor,1,0,unknown,[],0
sentencepiece,7,0,unknown,[],0
safetensors,3,0,unknown,[],0
mup,1,0,unknown,[],0
comet_ml,1,0,unknown,[],0
google,1,0,unknown,"['CWE-190', 'CWE-22', 'CWE-24', 'CWE-248', 'CWE-264', 'CWE-289', 'CWE-352']",7
accelerate,4,0,unknown,[],0
wandb,1,0,unknown,[],0
tensorboard,5,0,unknown,[],0
docutils,3,0,critical,['CWE-668'],1
deepspeed-kernels,1,0,unknown,[],0
xgboost,2,0,unknown,[],0
autodoc_pydantic,1,0,unknown,[],0
recommonmark,1,0,unknown,[],0
einops,4,0,unknown,[],0
qtorch,1,0,unknown,[],0
lm-eval,1,0,unknown,[],0
ninja,5,0,unknown,[],0
hjson,1,0,unknown,[],0
sphinx_rtd_theme,5,0,unknown,[],0
triton,3,0,unknown,[],0
diffusers,2,0,unknown,[],0
django,5,5,critical,"['CWE-119', 'CWE-20', 'CWE-200', 'CWE-201', 'CWE-209', 'CWE-276', 'CWE-306', 'CWE-312', 'CWE-399', 'CWE-407', 'CWE-79', 'CWE-863', 'CWE-915', 'CWE-918', 'CWE-94', 'CWE-95', 'CWE-97']",17
argon2-cffi,4,0,unknown,[],0
djangorestframework,1,1,low,[],0
djangorestframework-simplejwt,0,21,low,[],0
pyupgrade,1,0,unknown,[],0
pytest-django,1,0,unknown,[],0
pytest-watch,1,0,unknown,[],0
yesqa,1,0,unknown,[],0
python-jose,2,8,critical,"['CWE-269', 'CWE-327', 'CWE-361', 'CWE-400']",4
freezegun,1,0,unknown,[],0
idna,6,4,medium,['CWE-407'],1
wmi,1,0,unknown,[],0
hypercorn,2,0,unknown,[],0
quart-trio,1,0,unknown,[],0
httpcore,3,0,unknown,[],0
aioquic,2,0,unknown,[],0
h2,4,2,medium,[],0
adbc-driver-manager,1,0,unknown,[],0
ecdsa,1,3,high,[],0
gmpy,1,0,unknown,[],0
gmpy2,1,0,unknown,[],0
embedchain,0,43,critical,[],0
google-generativeai,2,0,unknown,[],0
langchain,4,20,high,[],0
elasticsearch,3,0,unknown,['CWE-284'],1
langchain-google-vertexai,2,0,unknown,[],0
together,1,0,unknown,"['CWE-200', 'CWE-73']",2
pysbd,1,0,unknown,[],0
replicate,1,0,unknown,[],0
psycopg-pool,1,0,unknown,[],0
opensearch-py,2,0,unknown,[],0
langchain-cohere,1,0,unknown,[],0
gptcache,1,0,unknown,[],0
schema,3,0,unknown,"['CWE-1333', 'CWE-20', 'CWE-347', 'CWE-434']",4
langchain-community,4,12,high,[],0
langchain-mistralai,2,0,unknown,[],0
langchain-aws,2,0,unknown,[],0
gpt4all,1,0,unknown,[],0
langsmith,3,0,unknown,[],0
eth-abi,0,21,medium,[],0
parsimonious,1,0,unknown,[],0
sphinx-autobuild,3,0,unknown,[],0
towncrier,5,0,unknown,[],0
bump_my_version,1,0,unknown,[],0
hypothesis,2,0,unknown,[],0
eth-typing,1,0,unknown,[],0
eth-hash,1,0,unknown,[],0
pytest-pythonpath,1,0,unknown,[],0
eth-utils,1,0,unknown,[],0
eventlet,1,9,medium,"['CWE-255', 'CWE-400', 'CWE-444']",3
greenlet,2,0,unknown,[],0
isort,5,0,unknown,[],0
pip-tools,3,0,unknown,[],0
commitizen,1,0,unknown,[],0
pyperclip,2,0,unknown,[],0
jsonschema-path,1,0,unknown,[],0
openapi-pydantic,1,0,unknown,[],0
cyclopts,1,0,unknown,[],0
exceptiongroup,4,0,unknown,[],0
py-key-value-aio,1,0,unknown,[],0
feast,1,143,high,[],0
grpcio-reflection,2,0,unknown,[],0
ray,3,47,critical,[],0
cython,3,0,unknown,[],0
toml,4,0,unknown,[],0
poetry-dynamic-versioning,1,0,unknown,[],0
milvus-lite,1,0,unknown,[],0
ikvpy,1,0,unknown,[],0
deltalake,2,0,unknown,[],0
python-keycloak,1,0,unknown,[],0
great_expectations,1,0,unknown,[],0
patchelf,1,0,high,['CWE-125'],1
google-cloud-datastore,1,0,unknown,[],0
moto,2,0,unknown,[],0
sqlite-vec,2,0,high,[],0
ibis-substrait,1,0,unknown,[],0
hazelcast-python-client,1,0,unknown,[],0
faiss-cpu,2,0,unknown,[],0
types-protobuf,1,0,unknown,[],0
types_psutil,1,0,unknown,[],0
hiredis,1,0,unknown,[],0
hatchling,2,0,unknown,[],0
googleapis-common-protos,2,0,unknown,[],0
flit_core,1,0,unknown,[],0
typeguard,2,0,unknown,[],0
pyodbc,2,0,unknown,[],0
uvicorn-worker,1,0,unknown,[],0
google-cloud-bigquery-storage,2,0,unknown,[],0
scikit-build-core,1,0,unknown,[],0
pytest-lazy-fixture,1,0,unknown,[],0
meson-python,2,0,unknown,[],0
virtualenv,6,24,high,"['CWE-22', 'CWE-77']",2
pybindgen,1,0,unknown,[],0
hatch-vcs,1,0,unknown,[],0
pytest-env,2,0,unknown,[],0
minio,1,0,unknown,[],0
gunicorn,3,9,high,[],0
pyspark,5,0,critical,"['CWE-200', 'CWE-269', 'CWE-287', 'CWE-294', 'CWE-306', 'CWE-312', 'CWE-502', 'CWE-74', 'CWE-77', 'CWE-78']",10
sqlglot,2,0,unknown,[],0
testcontainers,1,0,unknown,[],0
trino,2,0,unknown,[],0
cassandra-driver,1,0,unknown,[],0
dill,4,0,unknown,[],0
prometheus_client,3,0,unknown,[],0
codeflare-sdk,1,0,unknown,[],0
grpcio-testing,1,0,unknown,[],0
types-redis,1,0,unknown,[],0
mmh3,1,0,unknown,[],0
calver,1,0,unknown,[],0
datasets,4,0,unknown,[],0
poetry-core,1,0,unknown,[],0
google-cloud-bigtable,1,0,unknown,[],0
meson,1,0,unknown,[],0
types-pymysql,1,0,unknown,[],0
py,1,0,high,['CWE-400'],1
couchbase-columnar,1,0,unknown,[],0
happybase,1,0,unknown,[],0
timm,3,0,unknown,[],0
ibis-framework,1,45,critical,[],0
singlestoredb,1,0,unknown,[],0
pymssql,1,0,unknown,[],0
hatch-fancy-pypi-readme,1,0,unknown,[],0
aiobotocore,1,0,unknown,[],0
bigtree,1,0,unknown,[],0
assertpy,1,0,unknown,[],0
fastapi_mcp,1,0,unknown,[],0
pytest-ordering,1,0,unknown,[],0
tenacity,5,0,unknown,[],0
docling,1,0,unknown,[],0
fiona,1,15,critical,[],0
click-plugins,1,0,unknown,[],0
cligj,1,0,unknown,[],0
markupsafe,8,0,unknown,[],0
itsdangerous,5,0,unknown,[],0
prison,1,0,unknown,[],0
email-validator,3,0,unknown,[],0
marshmallow,1,0,moderate,['CWE-358'],1
marshmallow-sqlalchemy,1,0,unknown,[],0
flask-babel,1,0,unknown,[],0
apispec,1,0,unknown,[],0
flask-limiter,2,0,unknown,[],0
flask-jwt-extended,1,0,unknown,[],0
sqlalchemy-utils,1,0,unknown,[],0
flask-cors,1,2,high,[],0
fonttools,1,14,high,[],0
zopfli,1,0,unknown,[],0
pycairo,1,0,unknown,[],0
skia-pathops,1,0,unknown,[],0
sympy,4,0,unknown,[],0
uharfbuzz,1,0,unknown,[],0
unicodedata2,1,0,unknown,[],0
munkres,1,0,unknown,[],0
lz4,2,0,unknown,[],0
xattr,1,0,unknown,[],0
pytest-instafail,1,0,unknown,[],0
sphinx-autodoc-typehints,4,0,unknown,[],0
ddt,1,0,unknown,[],0
gitdb,1,0,unknown,[],0
gradio,1,32,critical,[],0
safehttpx,1,0,unknown,[],0
groovy,1,0,unknown,"['CWE-116', 'CWE-352', 'CWE-357', 'CWE-74', 'CWE-94', 'CWE-95']",6
ffmpy,1,0,unknown,[],0
audioop-lts,2,0,unknown,[],0
pydub,2,0,unknown,[],0
semantic-version,1,0,unknown,[],0
gradio-client,1,0,unknown,[],0
tornado,7,0,high,[],0
gevent,1,0,critical,[],0
setproctitle,3,0,unknown,[],0
hyperframe,2,0,unknown,[],0
hpack,1,0,high,['CWE-399'],1
homeassistant,0,50,high,['CWE-287'],1
psutil-home-assistant,1,0,unknown,[],0
awesomeversion,1,0,unknown,[],0
aiozoneinfo,1,0,unknown,[],0
lru-dict,1,0,unknown,[],0
zeroconf,1,0,unknown,[],0
voluptuous,1,0,unknown,[],0
aiohttp-asyncmdnsresolver,1,0,unknown,[],0
standard-aifc,1,0,unknown,[],0
hass-nabucasa,1,0,unknown,[],0
fnv-hash-fast,1,0,unknown,[],0
voluptuous-serialize,1,0,unknown,[],0
aiohttp_cors,2,0,unknown,[],0
async-interrupt,1,0,unknown,[],0
voluptuous-openapi,1,0,unknown,[],0
aiohasupervisor,1,0,unknown,[],0
python-slugify,2,0,unknown,[],0
ifaddr,1,0,unknown,[],0
ciso8601,1,0,unknown,[],0
ulid-transform,1,0,unknown,[],0
aiohttp-fast-zlib,1,0,unknown,[],0
standard-telnetlib,1,0,unknown,[],0
webrtc-models,1,0,unknown,[],0
cronsim,1,0,unknown,[],0
securetar,1,0,unknown,[],0
annotatedyaml,1,0,unknown,[],0
home-assistant-bluetooth,1,0,unknown,[],0
astral,1,0,unknown,[],0
atomicwrites-homeassistant,1,0,unknown,[],0
httpie,0,27,high,[],0
pip,3,0,medium,"['CWE-1284', 'CWE-1333', 'CWE-1357', 'CWE-190', 'CWE-20', 'CWE-200', 'CWE-22', 'CWE-287', 'CWE-303', 'CWE-319', 'CWE-352', 'CWE-367', 'CWE-427', 'CWE-444', 'CWE-502', 'CWE-601', 'CWE-77', 'CWE-78', 'CWE-791', 'CWE-807', 'CWE-829', 'CWE-94']",22
pytest-httpbin,1,0,unknown,[],0
flake8-mutable,1,0,unknown,[],0
charset-normalizer,3,0,unknown,[],0
flake8-tuple,1,0,unknown,[],0
flake8-deprecated,1,0,unknown,[],0
requests-toolbelt,1,0,unknown,[],0
defusedxml,3,0,unknown,[],0
flake8-comprehensions,1,0,unknown,[],0
pyproj,1,0,unknown,[],0
oracledb,2,0,unknown,[],0
parsy,1,0,unknown,[],0
pydruid,1,0,unknown,[],0
geopandas,1,0,unknown,[],0
db-dtypes,1,0,unknown,[],0
pins,1,0,unknown,[],0
atpublic,1,0,unknown,[],0
pyathena,1,0,unknown,[],0
impyla,1,0,unknown,[],0
pyarrow-hotfix,1,0,unknown,[],0
databricks-sql-connector-core,1,0,unknown,[],0
graphviz,3,0,unknown,[],0
psycopg2,1,0,unknown,[],0
pydata-google-auth,1,0,unknown,[],0
pandas-gbq,1,0,unknown,[],0
toolz,1,0,unknown,[],0
datafusion,1,0,unknown,[],0
pyexasol,1,0,unknown,[],0
geoarrow-types,1,0,unknown,[],0
babel,2,0,high,['CWE-22'],1
js2py,0,3,high,[],0
pyjsparser (,1,0,unknown,[],0
six (,1,0,unknown,[],0
tzlocal (,1,0,unknown,[],0
traitlets,3,0,unknown,[],0
myst-parser,5,0,unknown,[],0
pydata-sphinx-theme,5,0,unknown,[],0
intersphinx-registry,1,0,unknown,[],0
jupyter-lsp,1,2,high,[],0
jupyter_server,1,0,high,"['CWE-200', 'CWE-209', 'CWE-284', 'CWE-306', 'CWE-532', 'CWE-601', 'CWE-79']",7
importlib_metadata,4,0,unknown,[],0
jupyter-server,2,35,high,[],0
jupyter-client,1,0,unknown,[],0
sphinxcontrib-openapi,1,0,unknown,[],0
terminado,1,0,unknown,[],0
sphinxcontrib-github-alt,2,0,unknown,[],0
jupyter-server-terminals,1,0,unknown,[],0
nbformat,2,0,unknown,[],0
websocket-client,2,0,unknown,[],0
pytest-console-scripts,3,0,unknown,[],0
pytest-jupyter,2,0,unknown,[],0
nbconvert,2,0,moderate,['CWE-79'],1
overrides,1,0,unknown,[],0
jupyter-events,1,0,unknown,[],0
prometheus-client,4,0,unknown,[],0
send2trash,1,0,unknown,[],0
pywinpty,1,0,unknown,[],0
hatch,3,0,unknown,[],0
vega-datasets,1,0,unknown,[],0
sphinx-copybutton,3,0,unknown,[],0
jupyterlab-geojson,1,0,unknown,[],0
requests-cache,1,0,unknown,[],0
notebook-shim,2,0,unknown,[],0
async-lru,1,0,unknown,[],0
jinja2-time,1,0,unknown,[],0
pyyaml-include,1,0,unknown,[],0
altair,2,0,unknown,[],0
pytest-tornasync,2,0,unknown,[],0
jupyterlab-server,2,0,unknown,[],0
jsx-lexer,1,0,unknown,[],0
pytest-check-links,1,0,unknown,[],0
jupyterlab-language-pack-zh-cn,1,0,unknown,[],0
jwcrypto,0,2,medium,[],0
kedro,1,56,critical,['CWE-502'],1
requests_mock,1,0,unknown,[],0
mkdocs-material,2,0,unknown,[],0
behave,1,0,unknown,[],0
omegaconf,4,0,unknown,[],0
parse,1,0,unknown,[],0
jupyterlab_server,1,0,unknown,[],0
mkdocs-mermaid2-plugin,1,0,unknown,[],0
detect-secrets,1,0,unknown,[],0
more_itertools,3,0,unknown,[],0
jupyter,2,0,unknown,['CWE-22'],1
dynaconf,1,0,unknown,[],0
pluggy,3,0,unknown,[],0
mkdocs-autorefs,1,0,unknown,[],0
mkdocs-click,1,0,unknown,[],0
asv,1,0,unknown,[],0
cachetools,4,0,unknown,[],0
ipylab,1,0,unknown,[],0
mkdocs-get-deps,1,0,unknown,[],0
kedro-datasets,1,0,unknown,[],0
mkdocstrings-python,1,0,unknown,[],0
mkdocs,2,0,high,"['CWE-12', 'CWE-22']",2
kedro-telemetry,1,0,unknown,[],0
importlib_resources,1,0,unknown,[],0
mkdocstrings,2,0,unknown,[],0
notebook,1,21,high,[],0
mkdocs-material-extensions,2,0,unknown,[],0
griffe,2,0,unknown,[],0
import-linter,1,0,unknown,[],0
types-cachetools,1,0,unknown,[],0
keras,1,8,critical,[],0
namex,1,0,unknown,[],0
absl-py,1,0,unknown,[],0
optree,2,0,unknown,[],0
ml-dtypes,1,0,unknown,[],0
langchain-xai,1,0,unknown,[],0
langchain-model-profiles,1,0,unknown,[],0
langchain-perplexity,1,0,unknown,[],0
langchain-huggingface,1,0,unknown,[],0
langchain-deepseek,1,0,unknown,[],0
langchain-azure-ai,1,0,unknown,[],0
langchain-fireworks,1,0,unknown,[],0
langchain-google-genai,1,0,unknown,[],0
langchain-anthropic,1,0,unknown,[],0
langchain-ollama,1,0,unknown,[],0
langchain-groq,1,0,unknown,[],0
langgraph,2,0,unknown,[],0
langchain-core,5,7,medium,[],0
langchain-together,1,0,unknown,[],0
langchain-classic,1,0,unknown,[],0
dataclasses-json,3,0,unknown,[],0
httpx-sse,2,0,unknown,[],0
jsonpatch,2,0,unknown,[],0
langchain-experimental,0,2,critical,[],0
langchain-text-splitters,0,1,high,[],0
langgraph-checkpoint,1,2,high,[],0
ormsgpack,2,0,unknown,[],0
langgraph-checkpoint-sqlite,0,3,high,[],0
lightgbm,0,7,high,[],0
lightning,0,39,critical,[],0
lightning-utilities,2,0,unknown,[],0
pytorch-lightning,1,36,critical,[],0
pytest-random-order,2,0,unknown,[],0
onnxscript,2,0,unknown,[],0
onnxruntime,6,0,unknown,[],0
litdata,1,0,unknown,[],0
onnx,4,5,high,[],0
bitsandbytes,2,0,unknown,[],0
torchmetrics,2,0,unknown,[],0
tensorboardx,3,0,unknown,[],0
hydra-core,2,0,unknown,[],0
jsonargparse,2,0,unknown,[],0
fastuuid,1,0,unknown,[],0
litellm-enterprise,1,0,unknown,[],0
semantic-router,1,0,unknown,[],0
mlflow,2,43,critical,['CWE-79'],1
numpydoc,2,0,unknown,[],0
prisma,1,0,unknown,[],0
litellm-proxy-extras,1,0,unknown,[],0
apscheduler,2,0,unknown,[],0
pynacl,3,0,unknown,[],0
fastapi-sso,1,0,unknown,[],0
rq,2,0,unknown,[],0
azure-keyvault-secrets,1,0,unknown,[],0
soundfile,4,0,unknown,[],0
backoff,2,0,unknown,[],0
tiktoken,9,0,unknown,[],0
google-cloud-kms,1,0,unknown,[],0
google-cloud-iam,1,0,unknown,[],0
resend,1,0,unknown,[],0
litestar,2,38,high,[],0
valkey,1,0,unknown,[],0
advanced-alchemy,1,0,unknown,[],0
annotated-types,2,0,unknown,[],0
minijinja,1,0,unknown,[],0
fast-query-parsers,1,0,unknown,[],0
msgspec,3,0,unknown,[],0
polyfactory,1,0,unknown,[],0
picologging,1,0,unknown,[],0
litestar-htmx,1,0,unknown,[],0
importlib-resources,3,0,unknown,[],0
multipart,1,0,unknown,"['CWE-1333', 'CWE-400', 'CWE-770', 'CWE-918']",4
mako,1,0,high,"['CWE-1333', 'CWE-79']",2
piccolo,1,0,critical,"['CWE-203', 'CWE-204', 'CWE-89']",3
jsbeautifier,1,0,unknown,[],0
pydantic-extra-types,2,0,unknown,[],0
opentelemetry-instrumentation-asgi,1,0,unknown,[],0
rich-click,1,0,unknown,[],0
llama-index,0,8,critical,[],0
llama-index-indices-managed-llama-cloud,1,0,unknown,[],0
llama-index-readers-file,1,0,unknown,[],0
llama-index-core,2,28,critical,[],0
llama-index-readers-llama-parse,1,0,unknown,[],0
llama-index-embeddings-openai,2,0,unknown,[],0
llama-index-cli,1,3,high,[],0
llama-index-llms-openai,2,0,unknown,[],0
deprecated,1,0,unknown,[],0
filetype,4,0,unknown,[],0
typing-inspect,1,0,unknown,[],0
dirtyjson,1,0,unknown,[],0
banks,1,0,unknown,[],0
wrapt,2,0,unknown,[],0
llama-index-workflows,1,0,unknown,[],0
lxml-html-clean,0,1,high,[],0
mammoth,0,1,medium,[],0
cobble,1,0,unknown,[],0
sse-starlette,1,0,unknown,[],0
meraki,0,7,high,[],0
mitmproxy,0,27,high,[],0
pydivert,1,0,unknown,[],0
zstandard,4,0,unknown,[],0
ldap3,2,0,unknown,[],0
urwid,1,0,unknown,[],0
wsproto,2,0,unknown,[],0
mitmproxy-rs,1,0,unknown,[],0
publicsuffix2,1,0,unknown,[],0
kaitaistruct,1,0,unknown,[],0
requests-auth-aws-sigv4,1,0,unknown,[],0
watchfiles,3,0,unknown,[],0
databricks-agents,1,0,unknown,[],0
azureml-core,1,0,unknown,[],0
mlflow-tracing,1,0,unknown,[],0
pysftp,1,0,unknown,[],0
mlflow-dbstore,1,0,unknown,[],0
mlflow-jfrog-plugin,1,0,unknown,[],0
mlflow-skinny,1,0,unknown,[],0
azure-storage-file-datalake,1,0,unknown,[],0
graphene,2,0,unknown,[],0
prometheus-flask-exporter,1,0,unknown,[],0
mlserver-mlflow,1,0,unknown,[],0
mlserver,1,0,unknown,[],0
huey,2,0,unknown,[],0
slowapi,1,0,unknown,[],0
aliyunstoreplugin,1,0,unknown,[],0
opentelemetry-exporter-otlp-proto-http,1,0,unknown,[],0
opentelemetry-api,4,0,unknown,[],0
python-crfsuite,1,0,unknown,[],0
twython,1,0,unknown,[],0
joblib,3,0,critical,['CWE-94'],1
nbval,3,0,unknown,[],0
nbsphinx,1,0,unknown,[],0
num2words,1,1,critical,[],0
docopt,1,0,unknown,[],0
ml_dtypes,1,0,unknown,[],0
open-webui,0,102,high,"['CWE-352', 'CWE-79']",2
fpdf2,1,0,unknown,[],0
azure-ai-documentintelligence,1,0,unknown,[],0
ftfy,2,0,unknown,[],0
starlette-compress,1,0,unknown,[],0
faster-whisper,1,0,unknown,[],0
colbert-ai,1,0,unknown,[],0
peewee-migrate,1,0,unknown,[],0
restrictedpython,1,4,high,"['CWE-1336', 'CWE-200', 'CWE-74', 'CWE-843', 'CWE-913']",5
docx2txt,1,0,unknown,[],0
rapidocr-onnxruntime,1,0,unknown,[],0
pypandoc,2,0,unknown,[],0
pyxlsb,1,0,unknown,[],0
pytest-docker,1,0,unknown,[],0
opencv-python-headless,3,1,high,[],0
gcp-storage-emulator,1,0,unknown,[],0
aiocache,1,0,unknown,[],0
validators,1,0,high,['CWE-835'],1
psycopg2-binary,1,0,unknown,[],0
starsessions,1,0,unknown,[],0
pymdown-extensions,1,0,high,['CWE-22'],1
pycrdt,1,0,unknown,[],0
peewee,1,0,unknown,[],0
youtube-transcript-api,1,0,unknown,[],0
loguru,2,0,moderate,"['CWE-269', 'CWE-532']",2
python-socketio,1,7,medium,['CWE-502'],1
pytube,1,0,unknown,[],0
opencv-contrib-python,0,1,high,[],0
opencv-contrib-python-headless,0,1,high,[],0
openexr,0,2,high,['CWE-120'],1
paddlepaddle,1,8,critical,[],0
opt-einsum,2,0,unknown,[],0
paramiko,0,7,medium,[],0
invoke,1,0,unknown,"['CWE-22', 'CWE-26', 'CWE-276', 'CWE-287', 'CWE-351', 'CWE-434', 'CWE-502', 'CWE-77', 'CWE-78', 'CWE-94']",10
pyasn1,3,0,unknown,[],0
pdoc,0,4,high,[],0
markdown2,2,0,high,"['CWE-1333', 'CWE-79']",2
pg8000,0,2,high,[],0
scramp,2,0,unknown,[],0
olefile,1,0,unknown,[],0
check-manifest,1,0,unknown,[],0
arro3-core,1,0,unknown,[],0
nanoarrow,1,0,unknown,[],0
sphinxext-opengraph,2,0,unknown,[],0
trove-classifiers,1,0,unknown,[],0
furo,7,0,unknown,[],0
pyroma,1,0,unknown,[],0
arro3-compute,1,0,unknown,[],0
prefect,0,78,high,[],0
pydocket,1,0,unknown,[],0
asgi-lifespan,1,0,unknown,[],0
sniffio,1,0,unknown,[],0
prefect-kubernetes,1,0,unknown,[],0
prefect-snowflake,1,0,unknown,[],0
semver,1,0,unknown,[],0
pendulum,2,0,unknown,[],0
prefect-sqlalchemy,1,0,unknown,[],0
prefect-shell,1,0,unknown,[],0
opentelemetry-instrumentation,1,0,high,['CWE-400'],1
jinja2-humanize-extension,1,0,unknown,[],0
pydantic-core,2,0,unknown,[],0
prefect-gcp,1,0,unknown,[],0
opentelemetry-instrumentation-logging,1,0,unknown,[],0
prefect-databricks,1,0,unknown,[],0
coolname,1,0,unknown,[],0
prefect-dask,1,0,unknown,[],0
prefect-ray,1,0,unknown,[],0
whenever,1,0,unknown,"['CWE-20', 'CWE-502']",2
prefect-slack,1,0,unknown,[],0
prefect-email,1,0,unknown,[],0
prefect-aws,1,0,unknown,[],0
rfc3339-validator,1,0,unknown,[],0
opentelemetry-test-utils,1,0,unknown,[],0
prefect-docker,1,0,unknown,[],0
prefect-github,1,0,unknown,[],0
apprise,1,0,high,"['CWE-400', 'CWE-730']",2
prefect-azure,1,0,unknown,[],0
readchar,1,0,unknown,[],0
ruamel-yaml,1,0,unknown,[],0
prefect-redis,1,0,unknown,[],0
prefect-gitlab,1,0,unknown,[],0
prefect-bitbucket,1,0,unknown,[],0
prefect-dbt,1,0,unknown,[],0
pycares,0,2,medium,['CWE-416'],1
pydrive2,0,17,low,[],0
pyinstaller,2,12,high,"['CWE-379', 'CWE-732', 'CWE-94']",3
oauth2client,1,0,unknown,[],0
appdirs,2,0,unknown,[],0
flake8-docstrings,1,0,unknown,[],0
pefile,1,0,unknown,[],0
macholib,1,0,unknown,[],0
pyinstaller-hooks-contrib,1,0,unknown,[],0
pywin32-ctypes,1,0,unknown,[],0
execnet,1,0,unknown,[],0
altgraph,1,0,unknown,[],0
argcomplete,1,0,unknown,[],0
zope.interface,1,0,unknown,[],0
pymatgen,1,40,critical,['CWE-77'],1
pyzeo,1,0,unknown,[],0
fdint,1,0,unknown,[],0
seekpath,1,0,unknown,[],0
tblite,1,0,unknown,[],0
f90nml,1,0,unknown,[],0
netcdf4,1,0,unknown,[],0
spglib,1,0,unknown,[],0
galore,1,0,unknown,[],0
monty,1,0,unknown,[],0
bibtexparser,1,0,unknown,[],0
palettable,1,0,unknown,[],0
moyopy,1,0,unknown,[],0
ase,1,0,unknown,[],0
chemview,1,0,unknown,[],0
hiphive,1,0,unknown,[],0
matcalc,1,0,unknown,[],0
jarvis-tools,1,0,unknown,[],0
numba,3,0,unknown,[],0
pymatgen-analysis-alloys,1,0,unknown,[],0
matgl,1,0,unknown,[],0
phonopy,1,0,unknown,[],0
pyxtal,1,0,unknown,[],0
uncertainties,1,0,unknown,[],0
vtk,1,0,high,"['CWE-400', 'CWE-476']",2
service-identity,3,0,unknown,[],0
sphinxcontrib-shellcheck,1,0,unknown,[],0
pykerberos,1,0,critical,['CWE-287'],1
pymongocrypt,1,0,unknown,[],0
winkerberos,1,0,unknown,[],0
pymongo-auth-aws,1,0,unknown,[],0
readthedocs-sphinx-search,1,0,moderate,['CWE-79'],1
python-snappy,1,0,unknown,[],0
myst_parser,1,0,unknown,[],0
pytest-socket,1,0,unknown,[],0
flit,1,0,unknown,[],0
pycryptodome,2,0,high,[],0
rsa,1,0,high,"['CWE-20', 'CWE-327', 'CWE-347', 'CWE-385']",4
pycrypto,1,0,critical,"['CWE-119', 'CWE-326', 'CWE-332']",3
pyasn1_modules,1,0,unknown,[],0
python-openstackclient,0,11,medium,[],0
stevedore,2,0,unknown,[],0
pbr,1,0,unknown,[],0
python-keystoneclient,1,0,critical,"['CWE-1188', 'CWE-200', 'CWE-295', 'CWE-324', 'CWE-326', 'CWE-345', 'CWE-522']",7
oslo.i18n,1,0,unknown,[],0
cliff,1,0,unknown,[],0
openstacksdk,1,0,unknown,[],0
python-cinderclient,1,0,unknown,[],0
iso8601,1,0,unknown,[],0
osc-lib,1,0,unknown,[],0
bidict,1,0,unknown,[],0
python-engineio,1,0,high,['CWE-352'],1
fastembed,1,0,unknown,[],0
fastembed-gpu,1,0,unknown,[],0
qiskit,1,17,critical,['CWE-502'],1
rustworkx,1,0,unknown,[],0
pydot,1,0,unknown,[],0
symengine,1,0,unknown,[],0
pylatexenc,1,0,unknown,[],0
python-constraint,1,0,unknown,[],0
z3-solver,1,0,unknown,[],0
qiskit-qasm3-import,1,0,unknown,[],0
seaborn,3,0,unknown,[],0
quart,2,12,medium,[],0
smart_open,1,0,unknown,[],0
gymnasium,1,0,unknown,[],0
jsonref,1,0,unknown,[],0
dm_tree,1,0,unknown,[],0
cupy-cuda12x,1,0,unknown,[],0
colorful,1,0,unknown,[],0
opencensus,1,0,unknown,[],0
hf_transfer,2,0,unknown,[],0
ray-cpp,1,0,unknown,[],0
py-spy,2,0,unknown,[],0
opentelemetry-proto,2,0,unknown,[],0
nixl,1,0,unknown,[],0
memray,1,0,unknown,[],0
opentelemetry-exporter-prometheus,1,0,unknown,[],0
vllm,1,69,critical,['CWE-354'],1
red-discordbot,0,77,medium,[],0
aiohttp-json-rpc,1,0,unknown,[],0
sphinxcontrib-serializinghtml,1,0,unknown,[],0
sphinxcontrib-trio,1,0,unknown,[],0
alabaster,1,0,unknown,[],0
sphinx-prompt,2,0,unknown,[],0
red-commons,1,0,unknown,[],0
mccabe,1,0,unknown,[],0
sphinxcontrib-qthelp,1,0,unknown,[],0
sphinxcontrib-jquery,1,0,unknown,[],0
zipp,1,18,medium,[],0
discord-py,1,0,unknown,[],0
sphinxcontrib-devhelp,1,0,unknown,[],0
apsw,1,0,unknown,[],0
sphinxcontrib-htmlhelp,1,0,unknown,[],0
markdown-it-py,1,0,high,['CWE-173'],1
astroid,1,0,unknown,[],0
sphinxcontrib-applehelp,1,0,unknown,[],0
sphinxcontrib-jsmath,1,0,unknown,[],0
red-lavalink,1,0,unknown,[],0
mdurl,1,0,unknown,[],0
iniconfig,1,0,unknown,[],0
imagesize,1,0,unknown,[],0
redshift-connector,0,11,high,[],0
rembg,0,31,high,[],0
bandit,1,0,unknown,[],0
scikit-image,2,0,unknown,[],0
pymatting,1,0,unknown,[],0
pooch,2,0,unknown,[],0
asyncer,1,0,unknown,[],0
onnxruntime-rocm,1,0,unknown,[],0
imagehash,2,0,unknown,[],0
onnxruntime-gpu,1,0,unknown,[],0
pysocks,2,0,unknown,[],0
rpyc,0,1,high,[],0
sagemaker,1,77,high,['CWE-78'],1
mypy-boto3-s3,1,0,unknown,[],0
fabric,1,0,moderate,['CWE-59'],1
stopit,1,0,unknown,[],0
tensorflow,2,0,critical,"['CWE-119', 'CWE-120', 'CWE-122', 'CWE-125', 'CWE-1284', 'CWE-131', 'CWE-134', 'CWE-190', 'CWE-191', 'CWE-193', 'CWE-197', 'CWE-20', 'CWE-252', 'CWE-345', 'CWE-354', 'CWE-367', 'CWE-369', 'CWE-400', 'CWE-401', 'CWE-415', 'CWE-416', 'CWE-471', 'CWE-475', 'CWE-476', 'CWE-502', 'CWE-617', 'CWE-662', 'CWE-665', 'CWE-667', 'CWE-668', 'CWE-670', 'CWE-674', 'CWE-681', 'CWE-682', 'CWE-697', 'CWE-704', 'CWE-754', 'CWE-755', 'CWE-770', 'CWE-78', 'CWE-787', 'CWE-824', 'CWE-835', 'CWE-843', 'CWE-908', 'CWE-94']",46
contextlib2,1,0,unknown,[],0
pyvis,1,0,unknown,[],0
sagemaker-schema-inference-artifacts,1,0,unknown,[],0
sagemaker-mlflow,1,0,unknown,[],0
tblib,1,0,unknown,[],0
sagemaker-feature-store-pyspark-3-3,1,0,unknown,[],0
google-pasta,1,0,unknown,[],0
mypy-boto3-redshift-data,1,0,unknown,[],0
pathos,1,0,unknown,[],0
tritonclient,1,0,unknown,[],0
sagemaker-core,1,0,unknown,[],0
awslogs,1,0,unknown,[],0
smdebug-rulesconfig,1,0,unknown,[],0
mypy-boto3-appflow,1,0,unknown,[],0
sagemaker-experiments,1,0,unknown,[],0
lexicon,1,0,unknown,[],0
mypy-boto3-rds,1,0,unknown,[],0
scapy,0,7,medium,[],0
pyx,1,0,unknown,['CWE-94'],1
sphinx-gallery,1,0,unknown,[],0
sphinx-design,1,0,unknown,[],0
pyamg,1,0,unknown,[],0
conda-lock,1,0,unknown,[],0
sphinx-remove-toctrees,1,0,unknown,[],0
sphinxcontrib-sass,1,0,unknown,[],0
scrapy,0,18,high,"['CWE-200', 'CWE-522']",2
pydispatcher,1,0,unknown,[],0
tldextract,1,0,unknown,[],0
queuelib,1,0,unknown,[],0
protego,1,0,unknown,[],0
itemloaders,1,0,unknown,[],0
parsel,1,0,unknown,[],0
zope-interface,2,0,unknown,[],0
twisted,1,39,medium,[],0
w3lib,1,0,unknown,[],0
pypydispatcher,1,0,unknown,[],0
itemadapter,1,0,unknown,[],0
sentry-sdk,0,51,low,[],0
apache-beam,1,0,unknown,[],0
falcon,1,0,unknown,[],0
executing,1,0,unknown,"['CWE-1240', 'CWE-1279', 'CWE-20', 'CWE-250', 'CWE-270', 'CWE-417', 'CWE-426', 'CWE-502', 'CWE-77', 'CWE-862', 'CWE-94']",11
pydantic-ai,1,0,unknown,[],0
sanic,2,0,high,['CWE-22'],1
asttokens,1,0,unknown,[],0
pure_eval,1,0,unknown,[],0
unleashclient,1,0,unknown,[],0
statsig,1,0,unknown,[],0
celery-redbeat,1,0,unknown,[],0
arq,1,0,unknown,[],0
chalice,2,0,unknown,[],0
openfeature-sdk,1,0,unknown,[],0
bottle,1,0,critical,"['CWE-20', 'CWE-444', 'CWE-755', 'CWE-93']",4
clickhouse-driver,1,0,critical,['CWE-120'],1
huggingface_hub,2,0,unknown,[],0
launchdarkly-server-sdk,1,0,unknown,[],0
starlite,1,0,high,"['CWE-22', 'CWE-400', 'CWE-770']",3
sphinx-notfound-page,1,0,unknown,[],0
pygments-github-lexers,1,0,unknown,[],0
sphinx-reredirects,1,0,unknown,[],0
pytest-mypy,2,0,unknown,[],0
pyproject-hooks,1,0,unknown,[],0
pytest-subprocess,1,0,unknown,[],0
jaraco.tidelift,2,0,unknown,[],0
pytest-checkdocs,2,0,unknown,[],0
jaraco.path,1,0,unknown,[],0
jaraco.functools,2,0,unknown,[],0
pytest-enabler,2,0,unknown,[],0
pytest-ruff,2,0,unknown,[],0
sphinx-favicon,1,0,unknown,[],0
rst.linker,2,0,unknown,[],0
jaraco.text,1,0,unknown,[],0
ini2toml,1,0,unknown,[],0
jaraco.test,2,0,unknown,[],0
jaraco.packaging,2,0,unknown,[],0
pytest-perf,1,0,unknown,[],0
sphinxcontrib-towncrier,2,0,unknown,[],0
sphinx-lint,2,0,unknown,[],0
jaraco.envs,1,0,unknown,[],0
pytest-home,1,0,unknown,[],0
jaraco.develop,1,0,unknown,[],0
sglang,0,73,medium,[],0
st_attn,1,0,unknown,[],0
cuda-python,1,0,unknown,[],0
torch_memory_saver,1,0,unknown,[],0
sgl-kernel,1,0,unknown,[],0
xgrammar,2,13,high,[],0
remote-pdb,1,0,unknown,[],0
flashinfer_cubin,1,0,unknown,[],0
openai-harmony,2,0,unknown,[],0
nvidia-ml-py,1,0,unknown,[],0
yunchang,1,0,unknown,[],0
compressed-tensors,2,0,unknown,[],0
nvidia-cutlass-dsl,1,0,unknown,[],0
interegular,1,0,unknown,[],0
modelscope,1,0,unknown,[],0
torchao,1,0,unknown,[],0
moviepy,1,0,unknown,[],0
decord2,1,0,unknown,[],0
blobfile,2,0,unknown,[],0
partial_json_parser,1,0,unknown,[],0
torchaudio,3,0,unknown,[],0
gguf,2,0,unknown,[],0
imageio-ffmpeg,1,0,unknown,[],0
pybase64,2,0,unknown,[],0
torchcodec,1,0,unknown,[],0
outlines,1,0,unknown,[],0
checkpoint-engine,1,0,unknown,[],0
llguidance,2,0,unknown,[],0
vsa,1,0,unknown,[],0
flashinfer_python,1,0,unknown,[],0
signxml,0,9,medium,"['CWE-208', 'CWE-303']",2
lxml-stubs,1,0,unknown,[],0
skops,0,6,high,"['CWE-351', 'CWE-502']",2
prettytable,1,0,unknown,[],0
pytzdata,1,0,unknown,[],0
asn1crypto,1,0,unknown,[],0
pexpect,1,0,unknown,[],0
keyring,1,0,high,"['CWE-276', 'CWE-326']",2
social-auth-app-django,0,9,medium,[],0
social-auth-core,1,0,unknown,[],0
django-stubs,1,0,unknown,[],0
django-stubs-ext,1,0,unknown,[],0
spotipy,0,8,high,"['CWE-22', 'CWE-276', 'CWE-488']",3
flake8-string-format,1,0,unknown,[],0
autopep8,2,0,unknown,[],0
pymemcache,1,0,unknown,[],0
strawberry-graphql,0,27,medium,[],0
lia-web,1,0,unknown,[],0
graphql-core,1,0,unknown,[],0
libcst,2,0,unknown,[],0
pyinstrument,1,0,unknown,[],0
channels,1,0,high,['CWE-200'],1
streamlit,1,29,medium,[],0
streamlit-pdf,1,0,unknown,[],0
pydeck,1,0,unknown,[],0
nvidia-cufft-cu12,1,0,unknown,[],0
nvidia-cusparselt-cu12,1,0,unknown,[],0
nvidia-cublas-cu12,1,0,unknown,[],0
nvidia-cufile-cu12,1,0,unknown,[],0
nvidia-cuda-cupti-cu12,1,0,unknown,[],0
nvidia-cusparse-cu12,1,0,unknown,[],0
nvidia-cuda-runtime-cu12,1,0,unknown,[],0
nvidia-cudnn-cu12,1,0,unknown,[],0
nvidia-nvshmem-cu12,1,0,unknown,[],0
nvidia-nvtx-cu12,1,0,unknown,[],0
nvidia-nvjitlink-cu12,1,0,unknown,[],0
nvidia-curand-cu12,1,0,unknown,[],0
nvidia-cusolver-cu12,1,0,unknown,[],0
nvidia-nccl-cu12,1,0,unknown,[],0
nvidia-cuda-nvrtc-cu12,1,0,unknown,[],0
slack-sdk,1,0,unknown,[],0
librosa,2,0,unknown,[],0
fugashi,1,0,unknown,[],0
mistral-common,1,0,unknown,[],0
optax,1,0,unknown,[],0
pyctcdecode,1,0,unknown,[],0
kenlm,1,0,unknown,[],0
tf2onnx,1,0,unknown,[],0
tensorflow-text,1,0,unknown,[],0
keras-nlp,1,0,unknown,[],0
sigopt,1,0,unknown,[],0
kernels,1,0,unknown,[],0
phonemizer,1,0,unknown,[],0
sacremoses,2,0,unknown,[],0
flax,1,0,unknown,[],0
sacrebleu,1,0,unknown,[],0
tensorflow-probability,1,0,unknown,[],0
optimum-benchmark,1,0,unknown,[],0
sudachipy,1,0,unknown,[],0
rjieba,1,0,unknown,[],0
onnxruntime-tools,1,0,unknown,[],0
jaxlib,1,0,unknown,[],0
ipadic,1,0,unknown,[],0
sudachidict_core,1,0,unknown,[],0
hf_xet,1,0,unknown,[],0
codecarbon,1,0,unknown,[],0
pytest-order,1,0,unknown,[],0
onnxconverter-common,1,0,unknown,[],0
natten,1,0,unknown,[],0
rouge-score,1,0,unknown,[],0
tensorflow-cpu,1,0,critical,"['CWE-119', 'CWE-120', 'CWE-122', 'CWE-125', 'CWE-1284', 'CWE-131', 'CWE-134', 'CWE-190', 'CWE-191', 'CWE-193', 'CWE-197', 'CWE-20', 'CWE-252', 'CWE-345', 'CWE-354', 'CWE-367', 'CWE-369', 'CWE-400', 'CWE-401', 'CWE-415', 'CWE-416', 'CWE-471', 'CWE-475', 'CWE-476', 'CWE-502', 'CWE-617', 'CWE-662', 'CWE-665', 'CWE-667', 'CWE-668', 'CWE-670', 'CWE-674', 'CWE-681', 'CWE-682', 'CWE-697', 'CWE-704', 'CWE-754', 'CWE-755', 'CWE-770', 'CWE-78', 'CWE-787', 'CWE-824', 'CWE-835', 'CWE-843', 'CWE-908', 'CWE-94']",46
jax,1,0,unknown,[],0
unidic_lite,1,0,unknown,[],0
unidic,1,0,unknown,[],0
av,1,0,unknown,"['CWE-116', 'CWE-120', 'CWE-122', 'CWE-1240', 'CWE-1279', 'CWE-1333', 'CWE-20', 'CWE-200', 'CWE-203', 'CWE-208', 'CWE-22', 'CWE-276', 'CWE-306', 'CWE-311', 'CWE-327', 'CWE-352', 'CWE-385', 'CWE-400', 'CWE-416', 'CWE-426', 'CWE-427', 'CWE-434', 'CWE-444', 'CWE-476', 'CWE-502', 'CWE-601', 'CWE-611', 'CWE-662', 'CWE-669', 'CWE-670', 'CWE-674', 'CWE-682', 'CWE-691', 'CWE-697', 'CWE-704', 'CWE-74', 'CWE-770', 'CWE-772', 'CWE-78', 'CWE-787', 'CWE-79', 'CWE-80', 'CWE-835', 'CWE-843', 'CWE-863', 'CWE-88', 'CWE-89', 'CWE-915', 'CWE-94', 'CWE-95']",50
rhoknp,1,0,unknown,[],0
evaluate,1,0,unknown,[],0
optuna,1,0,unknown,[],0
pytest-rich,1,0,unknown,[],0
pyobjc-core,1,0,unknown,[],0
hyperlink,1,0,unknown,[],0
python-subunit,1,0,unknown,[],0
priority,1,0,moderate,['CWE-770'],1
pyserial,1,0,unknown,[],0
automat,1,0,unknown,"['CWE-1104', 'CWE-1336', 'CWE-20', 'CWE-200', 'CWE-264', 'CWE-276', 'CWE-284', 'CWE-287', 'CWE-306', 'CWE-312', 'CWE-325', 'CWE-347', 'CWE-356', 'CWE-601', 'CWE-61', 'CWE-669', 'CWE-74', 'CWE-754', 'CWE-755', 'CWE-77', 'CWE-79', 'CWE-863', 'CWE-918', 'CWE-94', 'CWE-97']",25
incremental,1,0,unknown,[],0
pydoctor,1,0,unknown,[],0
twisted-iocpsupport,1,0,unknown,[],0
mypy-zope,1,0,unknown,[],0
cython-test-exception-raiser,1,0,unknown,[],0
constantly,1,0,unknown,[],0
pyobjc-framework-cocoa,1,0,unknown,[],0
pyobjc-framework-cfnetwork,1,0,unknown,[],0
pyflakes,1,0,unknown,[],0
pyhamcrest,1,0,unknown,[],0
twistedchecker,1,0,unknown,[],0
pygobject,1,0,unknown,[],0
python-magic,1,0,unknown,[],0
pdfminer.six,1,0,high,"['CWE-502', 'CWE-915']",2
python-oxmsg,1,0,unknown,[],0
effdet,1,0,unknown,[],0
unstructured.paddleocr,1,0,unknown,[],0
google-cloud-vision,1,0,unknown,[],0
unstructured-inference,1,0,unknown,[],0
langdetect,1,0,unknown,[],0
msoffcrypto-tool,1,0,unknown,[],0
python-iso639,1,0,unknown,[],0
unstructured.pytesseract,1,0,unknown,[],0
unstructured-client,1,0,unknown,[],0
pi_heif,1,0,unknown,[],0
pdf2image,1,0,unknown,[],0
pikepdf,1,0,high,['CWE-611'],1
emoji,1,0,unknown,[],0
time-machine,1,0,unknown,[],0
coverage-enable-subprocess,1,0,unknown,[],0
covdefaults,1,0,unknown,[],0
distlib,1,0,unknown,[],0
proselint,1,0,unknown,[],0
pytest-freezer,1,0,unknown,[],0
sphinx-argparse,1,0,unknown,[],0
partial-json-parser,1,0,unknown,[],0
lm-format-enforcer,1,0,unknown,[],0
petit-kernel,1,0,unknown,[],0
xformers,1,0,unknown,[],0
flashinfer-python,1,0,unknown,[],0
runai-model-streamer,1,0,unknown,[],0
tensorizer,1,0,unknown,[],0
runai-model-streamer-s3,1,0,unknown,[],0
fastsafetensors,1,0,unknown,[],0
outlines_core,1,0,unknown,[],0
blake3,1,0,unknown,[],0
prometheus-fastapi-instrumentator,1,0,unknown,[],0
cbor2,1,0,high,[],0
mistral_common,1,0,unknown,[],0
runai-model-streamer-gcs,1,0,unknown,[],0
depyf,1,0,unknown,[],0
python-json-logger,1,0,unknown,[],0
pylons-sphinx-themes,2,0,unknown,[],0
weasyprint,0,12,high,[],0
pydyf,1,0,unknown,[],0
cssselect2,1,0,unknown,[],0
pyphen,1,0,unknown,[],0
tinycss2,1,0,unknown,[],0
tinyhtml5,1,0,unknown,[],0
webob,0,7,medium,['CWE-601'],1
legacy-cgi,1,0,unknown,[],0
mlx-lm,1,0,unknown,[],0
xhtml2pdf,0,17,medium,[],0
pyhanko-certvalidator,1,0,unknown,[],0
svglib,1,0,critical,['CWE-611'],1
arabic-reshaper,1,0,unknown,[],0
pyhanko,1,0,unknown,[],0
python-bidi,1,0,unknown,[],0
sphinx_reredirects,1,0,unknown,[],0
ydata-profiling,0,50,high,[],0
visions,1,0,unknown,[],0
mkdocs-table-reader-plugin,1,0,unknown,[],0
multimethod,1,0,unknown,[],0
codecov,1,0,high,['CWE-88'],1
autodoc-pydantic,1,0,unknown,[],0
wordcloud,1,0,unknown,[],0
mike,1,0,unknown,[],0
sphinx-multiversion,1,0,unknown,[],0
tangled-up-in-unicode,1,0,unknown,[],0
dacite,1,0,unknown,[],0
phik,1,0,unknown,[],0
mkdocs-badges,1,0,unknown,[],0
minify-html,1,0,unknown,[],0
statsmodels,1,0,unknown,[],0
kaggle,1,0,unknown,[],0
yt-dlp,0,23,high,['CWE-78'],1
pycryptodomex,1,0,high,[],0
yt-dlp-ejs,1,0,unknown,[],0
mutagen,1,0,unknown,[],0
secretstorage,1,0,unknown,[],0
big-o,1,0,unknown,[],0
jaraco.itertools,1,0,unknown,[],0
pytest-ignore-flaky,1,0,unknown,[],0
