package,cve,cwes,severity,first_affected_version,first_affected_date,disclosed_date,mitigation_version,mitigation_date,disclosure_lag_days,time_to_fix_from_first_days,time_to_fix_from_disclosure_days,fix_semver_type
urllib3,CVE-2024-37891,,moderate,0,,2024-06-17,1.26.19,2024-06-17,,,0.0,major
urllib3,CVE-2025-50182,,moderate,2.2.0,2024-01-30,2025-06-18,2.5.0,2025-06-18,505.0,505.0,0.0,minor
urllib3,CVE-2025-50181,,moderate,0,,2025-06-18,2.5.0,2025-06-18,,,0.0,major
requests,CVE-2024-47081,,moderate,0,,2025-06-09,2.32.4,2025-06-09,,,0.0,major
requests,CVE-2024-35195,,moderate,0,,2024-05-20,2.32.0,2024-05-20,,,0.0,major
certifi,CVE-2024-39689,,low,2021.5.30,2021-05-30,2024-07-05,2024.7.4,2024-07-04,1132.0,1131.0,-1.0,major
idna,CVE-2024-3651,,moderate,0,,2024-04-11,,,,,,
setuptools,CVE-2025-47273,,high,0,,2025-05-19,78.1.1,2025-04-19,,,-30.0,major
setuptools,CVE-2024-6345,,high,0,,2024-07-15,70.0.0,2024-05-21,,,-55.0,major
cryptography,CVE-2023-50782,,high,0,,2024-02-05,42.0.0,2024-01-23,,,-13.0,major
cryptography,CVE-2024-26130,,high,38.0.0,2022-09-07,2024-02-21,42.0.4,2024-02-21,532.0,532.0,0.0,major
cryptography,CVE-2024-12797,,low,42.0.0,2024-01-23,2025-02-11,44.0.1,2025-02-11,385.0,385.0,0.0,major
cryptography,CVE-2024-0727,,moderate,0,,2024-01-26,42.0.2,2024-01-30,,,4.0,major
cryptography,,,moderate,37.0.0,2022-04-26,2024-09-03,43.0.1,2024-09-03,861.0,861.0,0.0,major
cryptography,CVE-2023-49083,,moderate,3.1,2020-08-27,2023-11-28,41.0.6,2023-11-27,1188.0,1187.0,-1.0,major
pydantic,CVE-2024-3772,,moderate,0,,2024-04-15,2.4.0,2023-09-25,,,-203.0,major
pip,CVE-2025-8869,,moderate,0,,2025-09-24,,,,,,
protobuf,CVE-2025-4565,,high,0,,2025-06-16,4.25.8,2025-05-28,,,-19.0,major
h11,CVE-2025-43859,,critical,0,,2025-04-24,0.16.0,2025-04-24,,,0.0,minor
jinja2,CVE-2025-27516,,moderate,0,,2025-03-05,3.1.6,2025-03-05,,,0.0,major
jinja2,CVE-2024-56201,,moderate,3.0.0,2021-05-11,2024-12-23,3.1.5,2024-12-21,1322.0,1320.0,-2.0,minor
jinja2,CVE-2024-22195,,moderate,0,,2024-01-11,3.1.3,2024-01-10,,,-1.0,major
jinja2,CVE-2024-34064,,moderate,0,,2024-05-06,3.1.4,2024-05-05,,,-1.0,major
jinja2,CVE-2024-56326,,moderate,0,,2024-12-23,3.1.5,2024-12-21,,,-2.0,major
zipp,CVE-2024-5569,,moderate,0,,2024-07-09,3.19.1,2024-05-31,,,-39.0,major
aiohttp,CVE-2024-52303,,moderate,3.10.6,2024-09-24,2024-11-18,3.10.11,2024-11-13,55.0,50.0,-5.0,patch
aiohttp,CVE-2024-23334,,high,1.0.5,2016-10-11,2024-01-29,3.9.2,2024-01-28,2666.0,2665.0,-1.0,major
aiohttp,CVE-2024-30251,,high,0,,2024-05-03,3.9.4,2024-04-11,,,-22.0,major
aiohttp,CVE-2024-27306,,moderate,0,,2024-04-18,3.9.4,2024-04-11,,,-7.0,major
aiohttp,CVE-2024-52304,,moderate,0,,2024-11-18,3.10.11,2024-11-13,,,-5.0,major
aiohttp,CVE-2024-23829,,moderate,0,,2024-01-29,3.9.2,2024-01-28,,,-1.0,major
aiohttp,CVE-2025-53643,,low,0,,2025-07-14,3.12.14,2025-07-10,,,-4.0,major
aiohttp,CVE-2023-47627,,moderate,0,,2023-11-14,3.8.6,2023-10-07,,,-38.0,major
aiohttp,CVE-2024-42367,,moderate,3.10.0b1,2024-07-22,2024-08-09,3.10.2,2024-08-08,18.0,17.0,-1.0,patch
aiohttp,,,moderate,0,,2023-11-27,3.8.6,2023-10-07,,,-51.0,major
aiohttp,CVE-2023-49081,,moderate,0,,2023-11-27,3.9.0,2023-11-18,,,-9.0,major
aiohttp,CVE-2023-49082,,moderate,0,,2023-11-27,3.9.0,2023-11-18,,,-9.0,major
aiohttp,CVE-2023-47641,,low,0,,2023-11-14,3.8.0,2021-10-31,,,-744.0,major
pyjwt,CVE-2024-53861,,low,2.10.0,2024-11-17,2024-12-02,2.10.1,2024-11-28,15.0,11.0,-4.0,patch
virtualenv,CVE-2024-53899,,high,0,,2024-11-24,20.26.6,2024-09-27,,,-58.0,major
tqdm,CVE-2024-34062,,low,4.4.0,2016-04-07,2024-05-03,4.66.3,2024-05-02,2948.0,2947.0,-1.0,minor
pyarrow,CVE-2023-47248,,critical,0.14.0,2019-07-04,2023-11-09,14.0.1,2023-11-08,1589.0,1588.0,-1.0,major
pyarrow,CVE-2023-47248,,unknown,0.14.0,2019-07-04,2023-11-20,14.0.1,2023-11-08,1600.0,1588.0,-12.0,major
pyarrow,CVE-2024-52338,,unknown,4.0.0,2021-04-26,2024-11-28,17.0.0,2024-07-16,1312.0,1177.0,-135.0,major
pillow,CVE-2023-50447,,critical,0,,2024-01-19,10.2.0,2024-01-02,,,-17.0,major
pillow,CVE-2024-28219,,high,0,,2024-04-03,10.3.0,2024-04-01,,,-2.0,major
pillow,CVE-2023-44271,,high,0,,2023-11-03,10.0.0,2023-07-01,,,-125.0,major
pillow,CVE-2025-48379,,high,11.2.0,,2025-07-01,11.3.0,2025-07-01,,,0.0,minor
starlette,CVE-2025-54121,,moderate,0,,2025-07-21,0.47.2,2025-07-20,,,-1.0,minor
starlette,CVE-2025-62727,,high,0.39.0,2024-09-23,2025-10-28,0.49.1,2025-10-28,400.0,400.0,0.0,minor
starlette,CVE-2024-47874,,high,0,,2024-10-15,0.40.0,2024-10-15,,,0.0,minor
snowflake-connector-python,CVE-2025-24793,,high,2.2.5,2020-04-30,2025-01-29,3.13.1,2025-01-29,1735.0,1735.0,0.0,major
snowflake-connector-python,CVE-2024-49750,,moderate,0,,2024-10-24,3.12.3,2024-10-24,,,0.0,major
snowflake-connector-python,CVE-2025-24794,,moderate,2.7.12,2022-08-25,2025-01-29,3.13.1,2025-01-29,888.0,888.0,0.0,major
snowflake-connector-python,CVE-2025-24795,,moderate,2.3.7,2020-12-08,2025-01-29,3.13.1,2025-01-29,1513.0,1513.0,0.0,major
werkzeug,CVE-2024-34069,,high,0,,2024-05-06,3.0.3,2024-05-05,,,-1.0,major
werkzeug,CVE-2024-49766,,moderate,0,,2024-10-25,3.0.6,2024-10-25,,,0.0,major
werkzeug,CVE-2024-49767,,moderate,0,,2024-10-25,3.0.6,2024-10-25,,,0.0,major
flask,CVE-2025-47278,,low,3.1.0,2024-11-13,2025-05-13,3.1.1,2025-05-13,181.0,181.0,0.0,patch
scikit-learn,CVE-2024-5206,,moderate,0,,2024-06-06,1.5.0,2024-05-21,,,-16.0,major
python-multipart,CVE-2024-24762,,high,0,,2024-02-12,0.0.7,2024-02-03,,,-9.0,patch
python-multipart,CVE-2024-53981,,high,0,,2024-12-02,0.0.18,2024-11-28,,,-4.0,patch
dnspython,CVE-2023-29483,,moderate,0,,2024-04-11,2.6.1,2024-02-18,,,-53.0,major
gitpython,CVE-2024-22190,,high,0,,2024-01-10,3.1.41,2024-01-10,,,0.0,major
azure-identity,CVE-2024-35255,,moderate,0,,2024-06-11,1.16.1,2024-06-10,,,-1.0,major
fonttools,CVE-2023-45139,,high,4.28.2,2021-11-22,2024-01-09,4.43.0,2023-09-29,778.0,676.0,-102.0,minor
paramiko,CVE-2023-48795,,moderate,2.5.0,2019-06-10,2023-12-18,3.4.0,2023-12-18,1652.0,1652.0,0.0,major
transformers,CVE-2025-3933,,moderate,0,,2025-07-11,4.52.1,2025-05-20,,,-52.0,major
transformers,CVE-2024-3568,,low,0,,2024-04-10,4.38.0,2024-02-21,,,-49.0,major
transformers,CVE-2023-6730,,critical,0,,2023-12-19,4.36.0,2023-12-11,,,-8.0,major
transformers,CVE-2025-3262,,moderate,4.49.0,2025-02-17,2025-07-07,4.51.0,2025-04-05,140.0,47.0,-93.0,minor
transformers,CVE-2025-6921,,moderate,0,,2025-09-23,4.53.0,2025-06-26,,,-89.0,major
transformers,CVE-2025-6638,,moderate,0,,2025-09-12,4.53.0,2025-06-26,,,-78.0,major
transformers,CVE-2024-12720,,moderate,0,,2025-03-20,4.48.0,2025-01-10,,,-69.0,major
transformers,CVE-2025-5197,,moderate,0,,2025-08-06,4.53.0,2025-06-26,,,-41.0,major
transformers,CVE-2025-1194,,moderate,0,,2025-04-29,4.50.0,2025-03-21,,,-39.0,major
transformers,CVE-2024-11394,,high,0,,2024-11-23,4.48.0,2025-01-10,,,48.0,major
transformers,CVE-2025-3264,,moderate,0,,2025-07-07,4.51.0,2025-04-05,,,-93.0,major
transformers,CVE-2025-3777,,low,0,,2025-07-07,4.52.1,2025-05-20,,,-48.0,major
transformers,CVE-2025-3263,,moderate,0,,2025-07-07,4.51.0,2025-04-05,,,-93.0,major
transformers,CVE-2025-2099,,moderate,0,,2025-05-19,4.50.0,2025-03-21,,,-59.0,major
transformers,CVE-2024-11392,,high,0,,2024-11-23,4.48.0,2025-01-10,,,48.0,major
transformers,CVE-2025-6051,,moderate,0,,2025-09-14,4.53.0,2025-06-26,,,-80.0,major
transformers,CVE-2023-7018,,high,0,,2023-12-20,4.36.0,2023-12-11,,,-9.0,major
transformers,CVE-2024-11393,,high,0,,2024-11-23,4.48.0,2025-01-10,,,48.0,major
orjson,CVE-2024-27454,,high,0,,2024-02-26,3.9.15,2024-02-23,,,-3.0,major
orjson,CVE-2024-27454,,unknown,0,,2024-02-26,3.9.15,2024-02-23,,,-3.0,major
sqlparse,CVE-2024-4340,,high,0,,2024-04-15,0.5.0,2024-04-13,,,-2.0,minor
black,CVE-2024-21503,,moderate,0,,2024-03-19,24.3.0,2024-03-15,,,-4.0,major
black,CVE-2024-21503,,unknown,0,,2024-03-19,24.3.0,2024-03-15,,,-4.0,major
langchain,CVE-2024-2965,,moderate,0,,2024-06-06,0.2.5,2024-06-14,,,8.0,minor
langchain,CVE-2024-8309,,low,0,,2024-10-29,0.2.0,2024-05-17,,,-165.0,minor
langchain,CVE-2023-32786,,high,0,,2023-10-21,0.0.329,2023-11-02,,,12.0,patch
langchain,CVE-2024-28088,,low,0,,2024-03-04,0.0.339,2023-11-20,,,-105.0,patch
langchain,CVE-2024-0243,,low,0,,2024-02-26,0.1.0,2024-01-06,,,-51.0,minor
langchain,CVE-2024-3571,,moderate,0,,2024-04-16,0.0.353,2023-12-29,,,-109.0,patch
tornado,,,moderate,0,,2024-06-06,6.4.1,2024-06-06,,,0.0,major
tornado,CVE-2025-47287,,high,0,,2025-05-16,,,,,,
tornado,CVE-2024-52804,,high,0,,2024-11-22,6.4.2,2024-11-22,,,0.0,major
tornado,,,moderate,0,,2024-06-06,6.4.1,2024-06-06,,,0.0,major
sentry-sdk,CVE-2024-40647,,low,0,,2024-07-18,2.8.0,2024-07-08,,,-10.0,major
pymysql,CVE-2024-36039,,critical,0,,2024-05-21,1.1.1,2024-05-21,,,0.0,major
torch,CVE-2025-2953,,low,0,,2025-03-30,2.7.1rc1,,,,,major
torch,CVE-2025-32434,,critical,0,,2025-04-18,2.6.0,2025-01-29,,,-79.0,major
torch,CVE-2024-31580,,high,0,,2024-04-17,2.2.0,2024-01-30,,,-78.0,major
torch,CVE-2025-3730,,moderate,0,,2025-04-16,2.8.0,2025-08-06,,,112.0,major
torch,CVE-2024-31583,,high,0,,2024-04-17,2.2.0,2024-01-30,,,-78.0,major
torch,CVE-2024-31584,,unknown,0,,2024-04-19,2.2.0,2024-01-30,,,-80.0,major
torch,CVE-2024-31583,,unknown,0,,2024-04-17,2.2.0,2024-01-30,,,-78.0,major
torch,CVE-2024-31580,,unknown,0,,2024-04-17,2.2.0,2024-01-30,,,-78.0,major
uv,CVE-2025-54368,,moderate,0,,2025-08-07,0.8.6,2025-08-07,,,0.0,minor
uv,,,moderate,0,,2025-10-29,0.9.6,2025-10-29,,,0.0,minor
uv,,,low,0,,2025-10-21,0.9.5,2025-10-21,,,0.0,minor
gunicorn,CVE-2024-6827,,high,0,,2025-03-20,22.0.0,2024-04-16,,,-338.0,major
gunicorn,CVE-2024-1135,,high,0,,2024-04-16,22.0.0,2024-04-16,,,0.0,major
langchain-core,CVE-2024-10940,,moderate,0.1.17,2024-01-29,2025-03-20,0.1.53,2024-11-02,416.0,278.0,-138.0,patch
langchain-core,CVE-2024-28088,,low,0,,2024-03-04,0.1.30,2024-03-07,,,3.0,minor
langchain-core,CVE-2024-1455,,moderate,0,,2024-03-26,0.1.35,2024-03-27,,,1.0,minor
langchain-core,CVE-2024-28088,,unknown,0,,2024-03-04,0.1.11,2024-01-16,,,-48.0,minor
pymongo,CVE-2024-5629,,moderate,0,,2024-06-05,4.6.3,2024-03-28,,,-69.0,major
pycryptodome,CVE-2023-52323,,high,0,,2024-01-05,3.19.1,2023-12-28,,,-8.0,major
brotli,CVE-2025-6176,,high,0,,2025-10-31,1.2.0,2025-11-05,,,5.0,major
notebook,CVE-2024-22421,,high,7.0.0,2023-07-19,2024-01-19,7.0.7,2024-01-19,184.0,184.0,0.0,patch
notebook,CVE-2024-22420,,moderate,7.0.0,2023-07-19,2024-01-19,7.0.7,2024-01-19,184.0,184.0,0.0,patch
notebook,CVE-2024-43805,,high,7.0.0,2023-07-19,2024-08-29,7.2.2,2024-08-27,407.0,405.0,-2.0,minor
dbt-core,,,low,1.7.0,2023-11-02,2023-12-08,1.7.3,2023-11-29,36.0,27.0,-9.0,patch
dbt-core,CVE-2024-40637,,low,1.6.0,2023-07-31,2024-07-17,1.6.14,2024-05-03,352.0,277.0,-75.0,patch
dbt-core,,,high,1.6.0,2023-07-31,2024-04-22,1.6.13,2024-04-18,266.0,262.0,-4.0,patch
dbt-core,CVE-2024-36105,,moderate,0,,2024-05-28,1.6.15,2024-05-22,,,-6.0,major
jupyter-core,CVE-2025-30167,,high,0,,2025-06-04,5.8.1,2025-05-27,,,-8.0,major
redshift-connector,CVE-2024-12745,,high,2.1.4,2024-11-21,2024-12-26,2.1.5,2024-12-24,35.0,33.0,-2.0,patch
redshift-connector,CVE-2025-5279,,high,2.0.872,2020-12-14,2025-05-28,2.1.7,2025-05-27,1626.0,1625.0,-1.0,minor
mcp,CVE-2025-53366,,high,0,,2025-07-04,1.9.4,2025-06-12,,,-22.0,major
mcp,CVE-2025-53365,,high,0,,2025-07-04,1.10.0,2025-06-26,,,-8.0,major
h2,CVE-2025-57804,,moderate,0,,2025-08-25,4.3.0,2025-08-23,,,-2.0,major
deepdiff,CVE-2025-58367,,critical,5.0.0,2020-06-23,2025-09-03,8.6.1,2025-09-03,1898.0,1898.0,0.0,major
pycryptodomex,CVE-2023-52323,,high,0,,2024-01-05,3.19.1,2023-12-28,,,-8.0,major
authlib,CVE-2024-37568,,high,0,,2024-06-09,1.3.1,2024-06-04,,,-5.0,major
authlib,CVE-2025-59420,,high,0,,2025-09-22,1.6.4,2025-09-17,,,-5.0,major
authlib,CVE-2025-62706,,moderate,0,,2025-10-10,1.6.5,2025-10-02,,,-8.0,major
authlib,CVE-2025-61920,,high,0,,2025-10-10,1.6.5,2025-10-02,,,-8.0,major
authlib,CVE-2024-37568,,unknown,0,,2024-06-09,1.3.1,2024-06-04,,,-5.0,major
mysql-connector-python,CVE-2024-21272,,high,0,,2024-10-15,9.1.0,2024-10-15,,,0.0,major
pg8000,CVE-2025-61385,,high,0,,2025-10-27,1.31.5,2025-09-14,,,-43.0,major
nltk,CVE-2024-39705,,high,0,,2024-06-28,,,,,,
nltk,CVE-2024-39705,,unknown,0,,2024-06-27,,,,,,
jupyter-server,CVE-2023-49080,,moderate,0,,2023-12-05,2.11.2,2023-12-04,,,-1.0,major
jupyter-server,CVE-2024-35178,,high,0,,2024-06-06,2.14.1,2024-05-31,,,-6.0,major
jupyterlab,CVE-2024-22421,,high,0,,2024-01-19,4.0.11,2024-01-19,,,0.0,major
jupyterlab,CVE-2024-22420,,moderate,4.0.0,2023-05-15,2024-01-19,4.0.11,2024-01-19,249.0,249.0,0.0,patch
jupyterlab,CVE-2024-43805,,high,0,,2024-08-29,3.6.8,2024-08-26,,,-3.0,major
jupyterlab,CVE-2025-59842,,low,0,,2025-09-26,4.4.8,2025-09-25,,,-1.0,major
litellm,CVE-2024-4888,,high,0,,2024-06-06,1.35.36,2024-05-02,,,-35.0,major
litellm,CVE-2024-2952,,critical,0,,2024-04-10,1.34.42,2024-04-11,,,1.0,major
litellm,CVE-2024-6825,,high,1.40.3.dev2,,2025-03-20,,,,,,
litellm,CVE-2024-4264,,high,0,,2024-05-18,,,,,,
litellm,CVE-2025-0330,,high,0,,2025-03-20,,,,,,
litellm,CVE-2024-4890,,moderate,0,,2024-06-06,,,,,,
litellm,CVE-2024-8984,,high,0,,2025-03-20,1.56.2,2024-12-27,,,-83.0,major
litellm,CVE-2025-0628,,high,0,,2025-03-20,1.61.15,2025-02-23,,,-25.0,major
litellm,CVE-2024-6587,,high,0,,2024-09-13,1.44.8,2024-08-28,,,-16.0,major
litellm,CVE-2024-9606,,high,0,,2025-03-20,1.44.12,2024-08-30,,,-202.0,major
litellm,CVE-2024-5751,,critical,0,,2024-06-27,1.40.16,2024-06-18,,,-9.0,major
litellm,CVE-2024-10188,,high,0,,2025-03-20,1.53.1.dev1,2024-12-03,,,-107.0,major
litellm,CVE-2024-5225,,moderate,0,,2024-06-06,1.40.0,2024-06-02,,,-4.0,major
litellm,CVE-2024-5710,,moderate,0,,2024-06-27,1.40.15,2024-06-16,,,-11.0,major
langchain-community,CVE-2024-2965,,moderate,0,,2024-06-06,0.2.5,2024-06-14,,,8.0,minor
langchain-community,CVE-2024-8309,,low,0.2.0,2024-05-17,2024-10-29,0.2.19,2024-11-12,165.0,179.0,14.0,patch
langchain-community,CVE-2024-5998,,high,0,,2024-09-17,0.2.4,2024-06-07,,,-102.0,minor
langchain-community,CVE-2025-2828,,high,0,,2025-06-23,0.0.28,2024-03-12,,,-468.0,patch
langchain-community,CVE-2025-6984,,high,0,,2025-09-04,0.3.27,2025-07-02,,,-64.0,minor
langchain-community,CVE-2024-3095,,moderate,0,,2024-06-06,0.2.9,2024-07-19,,,43.0,minor
weasyprint,CVE-2024-28184,,high,61.0,2024-02-12,2024-03-08,,,25.0,,,
apache-airflow-providers-common-sql,CVE-2025-30473,,high,0,,2025-04-07,1.24.1,2025-03-31,,,-7.0,major
ecdsa,CVE-2024-23342,,high,0,,2024-01-22,,,,,,
ray,CVE-2023-6021,,critical,0,,2023-11-16,2.8.1,2023-12-01,,,15.0,major
ray,CVE-2023-6020,,critical,0,,2023-11-16,2.8.1,2023-12-01,,,15.0,major
ray,CVE-2023-48022,,critical,0,,2023-11-28,,,,,,
ray,CVE-2023-6019,,critical,0,,2023-11-16,2.8.1,2023-12-01,,,15.0,major
ray,CVE-2025-1979,,moderate,0,,2025-03-06,2.43.0,2025-02-27,,,-7.0,major
ray,CVE-2025-1979,,unknown,0,,2025-03-06,2.43.0,2025-02-27,,,-7.0,major
opencv-python,,,high,0,,2024-08-30,4.8.1.78,2023-09-28,,,-337.0,major
langchain-text-splitters,CVE-2025-6985,,high,0,,2025-10-06,0.3.9,2025-07-24,,,-74.0,minor
jupyter-lsp,CVE-2024-22415,,high,0,,2024-01-18,2.2.2,2024-01-17,,,-1.0,major
django,CVE-2024-45230,,moderate,4.2,2023-04-03,2024-10-08,5.1.1,2024-09-03,554.0,519.0,-35.0,major
django,CVE-2025-57833,,high,0,,2025-09-08,4.2.24,2025-09-03,,,-5.0,major
django,CVE-2024-41990,,moderate,4.2,2023-04-03,2024-08-07,5.0.8,2024-08-06,492.0,491.0,-1.0,major
django,CVE-2023-41164,,moderate,3.2,2021-04-06,2023-11-03,3.2.21,2023-09-04,941.0,881.0,-60.0,patch
django,CVE-2025-48432,,moderate,0,,2025-06-05,5.2.2,2025-06-04,,,-1.0,major
django,CVE-2024-53907,,moderate,4.2.0,,2024-12-06,5.1.4,2024-12-04,,,-2.0,major
django,CVE-2025-32873,,moderate,4.2,2023-04-03,2025-05-08,4.2.21,2025-05-07,766.0,765.0,-1.0,patch
django,CVE-2024-39330,,high,4.2,2023-04-03,2024-07-10,5.0.7,2024-07-09,464.0,463.0,-1.0,major
django,CVE-2024-39614,,high,4.2,2023-04-03,2024-07-10,5.0.7,2024-07-09,464.0,463.0,-1.0,major
django,CVE-2023-43665,,high,3.2a1,2021-01-19,2023-11-03,3.2.22,2023-10-04,1018.0,988.0,-30.0,patch
django,CVE-2025-59681,,high,4.2,2023-04-03,2025-10-01,4.2.25,2025-10-01,912.0,912.0,0.0,patch
django,CVE-2024-41989,,moderate,4.2,2023-04-03,2024-08-07,5.0.8,2024-08-06,492.0,491.0,-1.0,major
django,CVE-2024-53908,,high,4.2.0,,2024-12-06,5.0.10,2024-12-04,,,-2.0,major
django,CVE-2025-26699,,moderate,4.2,2023-04-03,2025-03-06,4.2.20,2025-03-06,703.0,703.0,0.0,patch
django,CVE-2024-42005,,critical,4.2,2023-04-03,2024-08-07,5.0.8,2024-08-06,492.0,491.0,-1.0,major
django,CVE-2025-59682,,low,4.2,2023-04-03,2025-10-01,4.2.25,2025-10-01,912.0,912.0,0.0,patch
django,CVE-2024-56374,,moderate,4.2,2023-04-03,2025-01-14,5.1.5,2025-01-14,652.0,652.0,0.0,major
django,CVE-2024-38875,,high,4.2,2023-04-03,2024-07-10,4.2.14,2024-07-09,464.0,463.0,-1.0,patch
django,CVE-2023-46695,,high,3.2a1,2021-01-19,2023-11-02,3.2.23,2023-11-01,1017.0,1016.0,-1.0,patch
django,CVE-2024-41991,,moderate,4.2,2023-04-03,2024-08-07,5.0.8,2024-08-06,492.0,491.0,-1.0,major
django,CVE-2024-45231,,moderate,0,,2024-10-08,5.1.1,2024-09-03,,,-35.0,major
django,CVE-2024-27351,,moderate,3.2,2021-04-06,2024-03-15,3.2.25,2024-03-04,1074.0,1063.0,-11.0,patch
django,CVE-2025-27556,,moderate,5.0,2023-12-04,2025-04-02,5.0.14,2025-04-02,485.0,485.0,0.0,patch
django,CVE-2024-39329,,moderate,4.2,2023-04-03,2024-07-10,5.0.7,2024-07-09,464.0,463.0,-1.0,major
django,CVE-2024-24680,,high,3.2,2021-04-06,2024-02-07,3.2.24,2024-02-06,1037.0,1036.0,-1.0,patch
django,CVE-2023-46695,,unknown,3.2,2021-04-06,2023-11-02,3.2.23,2023-11-01,940.0,939.0,-1.0,patch
django,CVE-2023-41164,,unknown,3.2,2021-04-06,2023-11-03,3.2.21,2023-09-04,941.0,881.0,-60.0,patch
django,CVE-2023-43665,,unknown,3.2,2021-04-06,2023-11-03,3.2.22,2023-10-04,941.0,911.0,-30.0,patch
django,CVE-2024-45230,,unknown,4.2,2023-04-03,2024-10-08,5.1.1,2024-09-03,554.0,519.0,-35.0,major
django,CVE-2024-53907,,unknown,4.2,2023-04-03,2024-12-06,5.1.4,2024-12-04,613.0,611.0,-2.0,major
django,CVE-2024-53908,,unknown,4.2,2023-04-03,2024-12-06,5.1.4,2024-12-04,613.0,611.0,-2.0,major
django,CVE-2024-24680,,unknown,3.2,2021-04-06,2024-02-06,3.2.24,2024-02-06,1036.0,1036.0,0.0,patch
django,CVE-2024-27351,,unknown,3.2,2021-04-06,2024-03-15,3.2.25,2024-03-04,1074.0,1063.0,-11.0,patch
django,CVE-2024-38875,,unknown,4.2,2023-04-03,2024-07-10,4.2.14,2024-07-09,464.0,463.0,-1.0,patch
django,CVE-2024-39329,,unknown,4.2,2023-04-03,2024-07-10,5.0.7,2024-07-09,464.0,463.0,-1.0,major
django,CVE-2024-39330,,unknown,4.2,2023-04-03,2024-07-10,5.0.7,2024-07-09,464.0,463.0,-1.0,major
django,CVE-2024-39614,,unknown,4.2,2023-04-03,2024-07-10,5.0.7,2024-07-09,464.0,463.0,-1.0,major
django,CVE-2024-41989,,unknown,4.2,2023-04-03,2024-08-07,5.0.8,2024-08-06,492.0,491.0,-1.0,major
django,CVE-2024-41990,,unknown,4.2,2023-04-03,2024-08-07,5.0.8,2024-08-06,492.0,491.0,-1.0,major
django,CVE-2024-41991,,unknown,4.2,2023-04-03,2024-08-07,5.0.8,2024-08-06,492.0,491.0,-1.0,major
django,CVE-2024-42005,,unknown,4.2,2023-04-03,2024-08-07,5.0.8,2024-08-06,492.0,491.0,-1.0,major
django,CVE-2024-56374,,unknown,4.2,2023-04-03,2025-01-14,5.1.5,2025-01-14,652.0,652.0,0.0,major
django,CVE-2025-26699,,unknown,4.2,2023-04-03,2025-03-06,5.1.7,2025-03-06,703.0,703.0,0.0,major
django,CVE-2025-27556,,unknown,5.0,2023-12-04,2025-04-02,5.1.8,2025-04-02,485.0,485.0,0.0,minor
django,CVE-2025-32873,,unknown,4.2,2023-04-03,2025-05-08,4.2.21,2025-05-07,766.0,765.0,-1.0,patch
django,CVE-2025-48432,,unknown,4.2,2023-04-03,2025-06-05,5.2.2,2025-06-04,794.0,793.0,-1.0,major
flask-cors,CVE-2024-6866,,moderate,0,,2025-03-20,6.0.0,2025-05-17,,,58.0,major
flask-cors,CVE-2024-6839,,moderate,0,,2025-03-20,6.0.0,2025-05-17,,,58.0,major
flask-cors,CVE-2024-1681,,moderate,0,,2024-04-19,4.0.1,2024-05-04,,,15.0,major
flask-cors,CVE-2024-6844,,moderate,0,,2025-03-20,6.0.0,2025-05-17,,,58.0,major
flask-cors,CVE-2024-6221,,high,0,,2024-08-18,4.0.2,2024-08-30,,,12.0,major
sagemaker,CVE-2025-0508,,moderate,0,,2025-03-20,2.237.3,2025-01-09,,,-70.0,major
sagemaker,CVE-2024-34073,,high,0,,2024-05-03,2.214.3,2024-04-04,,,-29.0,major
sagemaker,CVE-2024-34072,,high,0,,2024-05-03,2.218.0,2024-05-01,,,-2.0,major
mlflow,CVE-2024-27133,,critical,0,,2024-02-24,2.10.0,2024-01-26,,,-29.0,major
mlflow,CVE-2024-37053,,high,1.1.0,2019-07-23,2024-06-04,,,1778.0,,,
mlflow,CVE-2025-0453,,moderate,0,,2025-03-20,,,,,,
mlflow,CVE-2023-6014,,critical,0,,2023-11-16,2.8.0,2023-10-29,,,-18.0,major
mlflow,CVE-2025-1474,,low,0,,2025-03-20,2.19.0,2024-12-11,,,-99.0,major
mlflow,CVE-2024-8859,,high,0,,2025-03-20,2.17.0rc0,2024-09-27,,,-174.0,major
mlflow,CVE-2023-6831,,critical,0,,2023-12-15,2.9.2,2023-12-14,,,-1.0,major
mlflow,CVE-2023-6974,,critical,0,,2023-12-20,2.9.2,2023-12-14,,,-6.0,major
mlflow,CVE-2025-11201,,high,0,,2025-10-29,3.0.0,2025-06-10,,,-141.0,major
mlflow,CVE-2024-1560,,high,0,,2024-04-16,,,,,,
mlflow,CVE-2023-6018,,critical,0,,2023-11-16,2.9.2,2023-12-14,,,28.0,major
mlflow,CVE-2024-0520,,critical,0,,2024-06-06,2.9.0,2023-12-06,,,-183.0,major
mlflow,CVE-2023-6909,,high,0,,2023-12-20,2.9.2,2023-12-14,,,-6.0,major
mlflow,CVE-2024-27132,,critical,0,,2024-02-24,2.10.0,2024-01-26,,,-29.0,major
mlflow,CVE-2025-11200,,high,0,,2025-10-29,2.22.0,2025-04-24,,,-188.0,major
mlflow,CVE-2024-37052,,high,1.1.0,2019-07-23,2024-06-04,,,1778.0,,,
mlflow,CVE-2024-37056,,high,1.23.0,2022-01-17,2024-06-04,,,869.0,,,
mlflow,CVE-2024-3099,,moderate,0,,2024-06-06,2.11.3,2024-03-21,,,-77.0,major
mlflow,CVE-2025-1473,,moderate,2.17.0,2024-10-12,2025-03-20,2.20.3,2025-02-26,159.0,137.0,-22.0,minor
mlflow,CVE-2024-37060,,high,1.27.0,2022-06-29,2024-06-04,,,706.0,,,
mlflow,CVE-2024-37058,,high,2.5.0,2023-07-17,2024-06-04,,,323.0,,,
mlflow,CVE-2023-6709,,high,0,,2023-12-12,2.9.2,2023-12-14,,,2.0,major
mlflow,CVE-2024-1593,,high,0,,2024-04-16,,,,,,
mlflow,CVE-2023-6015,,critical,0,,2023-11-16,2.8.1,2023-11-16,,,0.0,major
mlflow,CVE-2024-1483,,high,0,,2024-04-16,2.12.1,2024-04-17,,,1.0,major
mlflow,CVE-2024-37054,,high,0.9.0,2019-03-25,2024-06-04,,,1898.0,,,
mlflow,CVE-2023-6975,,critical,0,,2023-12-20,2.9.2,2023-12-14,,,-6.0,major
mlflow,CVE-2024-3573,,critical,0,,2024-04-16,2.10.0,2024-01-26,,,-81.0,major
mlflow,CVE-2023-6940,,high,0,,2023-12-19,2.9.2,2023-12-14,,,-5.0,major
mlflow,CVE-2024-2928,,high,0,,2024-06-06,2.11.3,2024-03-21,,,-77.0,major
mlflow,CVE-2024-1558,,high,0,,2024-04-16,2.12.1,2024-04-17,,,1.0,major
mlflow,CVE-2024-37057,,high,2.0.0rc0,2022-11-01,2024-06-04,,,581.0,,,
mlflow,CVE-2024-1594,,high,0,,2024-04-16,,,,,,
mlflow,CVE-2024-4263,,moderate,0,,2024-05-16,2.10.1,2024-02-06,,,-100.0,major
mlflow,CVE-2024-37061,,high,1.11.0,2020-08-31,2024-06-04,,,1373.0,,,
mlflow,CVE-2024-6838,,moderate,0,,2025-03-20,,,,,,
mlflow,CVE-2023-6977,,high,0,,2023-12-20,2.9.2,2023-12-14,,,-6.0,major
mlflow,CVE-2024-27134,,high,0,,2024-11-25,2.16.0,2024-08-30,,,-87.0,major
mlflow,CVE-2024-3848,,high,2.9.2,2023-12-14,2024-05-16,2.12.1,2024-04-17,154.0,125.0,-29.0,minor
mlflow,CVE-2023-6753,,high,0,,2023-12-13,2.9.2,2023-12-14,,,1.0,major
mlflow,CVE-2023-6568,,moderate,0,,2023-12-07,2.9.0,2023-12-06,,,-1.0,major
mlflow,CVE-2024-37059,,high,0.5.0,2018-08-18,2024-06-04,,,2117.0,,,
mlflow,CVE-2023-43472,,high,0,,2023-12-05,2.9.0,2023-12-06,,,1.0,major
mlflow,CVE-2023-6976,,high,0,,2023-12-20,2.9.2,2023-12-14,,,-6.0,major
mlflow,CVE-2025-52967,,moderate,0,,2025-06-23,3.1.0,2025-06-10,,,-13.0,major
mlflow,CVE-2024-37055,,high,1.24.0,2022-02-28,2024-06-04,,,827.0,,,
duckdb,CVE-2024-41672,,high,1.0.0,2024-06-03,2025-01-21,1.1.0,2024-09-09,232.0,98.0,-134.0,minor
fastmcp,,,high,0,,2025-10-29,2.13.0,2025-10-25,,,-4.0,major
fastmcp,CVE-2025-62800,,moderate,0,,2025-10-29,2.13.0,2025-10-25,,,-4.0,major
fastmcp,CVE-2025-62801,,moderate,0,,2025-10-29,2.13.0,2025-10-25,,,-4.0,major
pypdf,CVE-2025-55197,,moderate,0,,2025-08-13,6.0.0,2025-08-11,,,-2.0,major
pypdf,CVE-2025-62708,,moderate,0,,2025-10-22,6.1.3,2025-10-22,,,0.0,major
pypdf,CVE-2025-62707,,moderate,0,,2025-10-22,6.1.3,2025-10-22,,,0.0,major
python-jose,CVE-2024-33663,,critical,0,,2024-04-26,3.4.0,2025-02-18,,,298.0,major
python-jose,CVE-2024-33664,,moderate,0,,2024-04-26,3.4.0,2025-02-18,,,298.0,major
python-jose,CVE-2024-33663,,unknown,0,,2024-04-26,3.4.0,2025-02-18,,,298.0,major
python-jose,CVE-2024-33664,,unknown,0,,2024-04-26,3.4.0,2025-02-18,,,298.0,major
streamlit,,,low,0.63.0,2020-07-14,2024-01-12,1.30.0,2024-01-11,1277.0,1276.0,-1.0,major
streamlit,CVE-2024-42474,,moderate,0,,2024-08-12,1.37.0,2024-07-25,,,-18.0,major
keras,CVE-2025-12060,,high,0,,2025-10-30,3.12.0,2025-10-27,,,-3.0,major
keras,CVE-2025-9906,,high,0,,2025-09-19,3.11.0,2025-07-30,,,-51.0,major
keras,CVE-2025-9905,,high,3.0.0,2023-11-28,2025-09-19,3.11.3,2025-08-21,661.0,632.0,-29.0,minor
keras,CVE-2025-1550,,high,3.0.0,2023-11-28,2025-03-11,3.9.0,2025-03-04,469.0,462.0,-7.0,minor
keras,CVE-2025-8747,,high,3.0.0,2023-11-28,2025-08-12,3.11.0,2025-07-30,623.0,610.0,-13.0,minor
keras,CVE-2024-55459,,moderate,0,,2025-01-08,,,,,,
keras,CVE-2025-49655,,critical,3.11.0,2025-07-30,2025-10-17,3.11.3,2025-08-21,79.0,22.0,-57.0,patch
keras,CVE-2025-12058,,moderate,0,,2025-10-29,3.12.0,2025-10-27,,,-2.0,major
keras,CVE-2024-3660,,critical,0,,2024-04-16,2.13.1rc0,2023-05-02,,,-350.0,major
apache-airflow-providers-cncf-kubernetes,CVE-2023-51702,,moderate,5.2.0,2023-02-11,2024-01-24,7.0.0,2023-05-22,347.0,100.0,-247.0,major
apache-airflow-providers-snowflake,CVE-2025-50213,,critical,0,,2025-06-26,6.4.0,2025-06-18,,,-8.0,major
apache-airflow-providers-snowflake,CVE-2025-50213,,unknown,0,,2025-06-24,6.4.0,2025-06-18,,,-6.0,major
opencv-python-headless,,,high,0,,2024-08-30,4.8.1.78,2023-09-28,,,-337.0,major
apache-airflow-providers-fab,CVE-2024-42447,,low,1.2.0,2024-06-27,2024-08-05,1.2.2,2024-07-31,39.0,34.0,-5.0,patch
apache-airflow-providers-fab,CVE-2024-45033,,low,0,,2025-01-08,1.5.2,2025-01-03,,,-5.0,major
apache-airflow-providers-mysql,CVE-2025-27018,,moderate,0,,2025-03-19,6.2.0,2025-03-13,,,-6.0,major
djangorestframework,CVE-2024-21520,,low,0,,2024-06-26,3.15.2,2024-06-19,,,-7.0,major
markdownify,CVE-2025-46656,,low,0,,2025-04-27,0.14.1,2024-11-24,,,-154.0,minor
onnx,CVE-2024-5187,,high,0,,2024-06-06,1.16.2,2024-08-01,,,56.0,major
onnx,CVE-2024-7776,,high,0,,2025-03-20,1.17.0,2024-10-01,,,-170.0,major
onnx,CVE-2024-27319,,moderate,0,,2024-02-23,1.16.0,2024-03-25,,,31.0,major
onnx,CVE-2024-27318,,high,0,,2024-02-23,1.16.0,2024-03-25,,,31.0,major
apache-airflow,CVE-2024-31869,,moderate,2.7.0,2023-08-18,2024-04-18,2.9.0,2024-04-08,244.0,234.0,-10.0,minor
apache-airflow,CVE-2025-62402,,moderate,3.0.0,2025-04-22,2025-10-30,3.1.1,2025-10-27,191.0,188.0,-3.0,minor
apache-airflow,CVE-2024-32077,,moderate,2.9.0,2024-04-08,2024-05-14,2.9.1,2024-05-06,36.0,28.0,-8.0,patch
apache-airflow,CVE-2023-50783,,moderate,0,,2023-12-21,2.8.0,2023-12-18,,,-3.0,major
apache-airflow,CVE-2023-49920,,moderate,2.7.0,2023-08-18,2023-12-21,2.8.0,2023-12-18,125.0,122.0,-3.0,minor
apache-airflow,CVE-2024-27906,,moderate,0,,2024-02-29,2.8.2,2024-02-26,,,-3.0,major
apache-airflow,CVE-2024-26280,,moderate,0,,2024-03-01,2.8.2,2024-02-26,,,-4.0,major
apache-airflow,CVE-2023-48291,,moderate,0,,2023-12-21,2.8.0,2023-12-18,,,-3.0,major
apache-airflow,CVE-2024-45034,,high,0,,2024-09-07,2.10.1,2024-09-06,,,-1.0,major
apache-airflow,CVE-2024-25142,,low,0,,2024-06-14,2.9.2,2024-06-10,,,-4.0,major
apache-airflow,CVE-2024-45498,,high,2.10.0,2024-08-15,2024-09-07,2.10.1,2024-09-06,23.0,22.0,-1.0,patch
apache-airflow,CVE-2023-50943,,high,0,,2024-01-24,2.8.1rc1,2024-01-16,,,-8.0,major
apache-airflow,CVE-2024-29735,,moderate,2.8.2,2024-02-26,2024-03-26,2.8.4,2024-03-25,29.0,28.0,-1.0,patch
apache-airflow,CVE-2024-39877,,high,2.4.0,2022-09-19,2024-07-17,2.9.3,2024-07-16,667.0,666.0,-1.0,minor
apache-airflow,CVE-2025-62503,,moderate,3.0.0,2025-04-22,2025-10-30,3.1.1,2025-10-27,191.0,188.0,-3.0,minor
apache-airflow,CVE-2024-28746,,moderate,2.8.0,2023-12-18,2024-03-14,2.8.3rc1,2024-03-07,87.0,80.0,-7.0,patch
apache-airflow,CVE-2023-47037,,moderate,0,,2023-11-12,2.7.3,2023-11-06,,,-6.0,major
apache-airflow,CVE-2024-39863,,moderate,0,,2024-07-17,2.9.3,2024-07-16,,,-1.0,major
apache-airflow,CVE-2024-50378,,low,0,,2024-11-08,2.10.3,2024-11-05,,,-3.0,major
apache-airflow,CVE-2023-51702,,moderate,2.3.0,2022-04-30,2024-01-24,2.6.1,2023-05-16,634.0,381.0,-253.0,minor
apache-airflow,CVE-2023-47265,,moderate,2.6.0,2023-04-30,2023-12-21,2.8.0b1,2023-11-27,235.0,211.0,-24.0,minor
apache-airflow,CVE-2025-54831,,moderate,3.0.3,2025-07-14,2025-09-26,3.0.4,2025-08-08,74.0,25.0,-49.0,patch
apache-airflow,CVE-2023-42781,,high,0,,2023-11-12,2.7.3,2023-11-06,,,-6.0,major
apache-airflow,CVE-2025-54941,,moderate,3.0.0,2025-04-22,2025-10-30,3.0.5,2025-08-20,191.0,120.0,-71.0,patch
apache-airflow,CVE-2023-50944,,high,0,,2024-01-24,2.8.1rc1,2024-01-16,,,-8.0,major
apache-airflow,CVE-2024-41937,,moderate,0,,2024-08-21,2.10.0,2024-08-15,,,-6.0,major
jwcrypto,CVE-2023-6681,,moderate,0,,2023-12-28,1.5.1,2023-12-26,,,-2.0,major
jwcrypto,CVE-2024-28102,,moderate,0,,2024-03-06,1.5.6,2024-03-06,,,0.0,major
langgraph-checkpoint,CVE-2025-64439,,high,0,,2025-11-05,3.0.0,2025-10-20,,,-16.0,major
flask-appbuilder,CVE-2025-58065,,moderate,0,,2025-09-11,4.8.1,2025-08-25,,,-17.0,major
flask-appbuilder,CVE-2025-32962,,moderate,0,,2025-05-16,4.6.2,2025-04-19,,,-27.0,major
flask-appbuilder,CVE-2024-27083,,moderate,4.1.4,2022-09-05,2024-02-28,4.2.1,2023-02-17,541.0,165.0,-376.0,minor
flask-appbuilder,CVE-2024-45314,,moderate,0,,2024-09-04,4.5.1,2024-09-02,,,-2.0,major
flask-appbuilder,CVE-2024-25128,,critical,0,,2024-02-28,4.3.11,2024-02-07,,,-21.0,major
flask-appbuilder,CVE-2025-24023,,low,0,,2025-03-03,4.5.3,2025-01-21,,,-41.0,major
lightgbm,CVE-2024-43598,,high,1.0.0,,2024-11-12,4.6.0,2025-02-15,,,95.0,major
gradio,,,low,0,,2024-10-10,5.0.0,2024-10-09,,,-1.0,major
gradio,CVE-2024-47871,,high,0,,2024-10-10,5.0.0,2024-10-09,,,-1.0,major
gradio,CVE-2024-34511,,moderate,0,,2024-05-05,4.13.0,2024-01-05,,,-121.0,major
gradio,CVE-2024-47166,,moderate,0,,2024-10-10,4.44.0,2024-09-10,,,-30.0,major
gradio,CVE-2024-47084,,high,0,,2024-10-10,4.44.0,2024-09-10,,,-30.0,major
gradio,CVE-2024-1728,,high,0,,2024-04-10,4.19.2,2024-02-22,,,-48.0,major
gradio,CVE-2024-48052,,moderate,0,,2024-11-05,,,,,,
gradio,CVE-2024-1727,,moderate,0,,2024-05-21,4.19.2,2024-02-22,,,-89.0,major
gradio,CVE-2024-47868,,moderate,0,,2024-10-10,5.0.0,2024-10-09,,,-1.0,major
gradio,CVE-2024-47167,,moderate,0,,2024-10-10,5.0.0,2024-10-09,,,-1.0,major
gradio,CVE-2024-8966,,high,0,,2025-03-20,,,,,,
gradio,CVE-2023-51449,,high,0,,2023-12-21,4.11.0,2023-12-20,,,-1.0,major
gradio,CVE-2024-4941,,high,0,,2024-06-06,4.31.3,2024-05-15,,,-22.0,major
gradio,CVE-2024-47164,,moderate,0,,2024-10-10,5.0.0,2024-10-09,,,-1.0,major
gradio,CVE-2024-8021,,moderate,0,,2025-03-20,,,,,,
gradio,CVE-2024-10569,,high,4.0.0,2023-10-31,2025-03-20,,,506.0,,,
gradio,CVE-2024-47165,,moderate,0,,2024-10-10,5.0.0,2024-10-09,,,-1.0,major
gradio,CVE-2024-47867,,high,0,,2024-10-10,5.0.0,2024-10-09,,,-1.0,major
gradio,CVE-2025-48889,,moderate,0,,2025-05-29,5.31.0,2025-05-22,,,-7.0,major
gradio,CVE-2024-4325,,high,0,,2024-06-06,,,,,,
gradio,CVE-2024-0964,,high,0,,2024-02-06,4.9.0,2023-12-13,,,-55.0,major
gradio,CVE-2024-4940,,moderate,0,,2024-06-22,,,,,,
gradio,CVE-2024-1561,,high,0,,2024-04-16,4.13.0,2024-01-05,,,-102.0,major
gradio,CVE-2023-6572,,critical,0,,2023-12-14,4.14.0,2024-01-10,,,27.0,major
gradio,CVE-2024-47872,,moderate,0,,2024-10-10,5.0.0,2024-10-09,,,-1.0,major
gradio,CVE-2024-47168,,low,0,,2024-10-10,4.44.0,2024-09-10,,,-30.0,major
gradio,CVE-2024-1729,,moderate,0,,2024-02-22,4.19.2,2024-02-22,,,0.0,major
gradio,CVE-2025-23042,,critical,0,,2025-01-14,5.11.0,2025-01-08,,,-6.0,major
gradio,CVE-2024-47869,,moderate,0,,2024-10-10,4.44.0,2024-09-10,,,-30.0,major
gradio,,,critical,0,,2024-09-25,4.19.2,2024-02-22,,,-216.0,major
gradio,CVE-2024-10648,,high,4.0.0,2023-10-31,2025-03-20,,,506.0,,,
gradio,CVE-2024-12217,,moderate,0,,2025-03-20,,,,,,
gradio,CVE-2024-1183,,moderate,0,,2024-04-16,4.10.0,2023-12-15,,,-123.0,major
gradio,CVE-2024-2206,,high,0,,2024-03-27,4.18.0,2024-02-10,,,-46.0,major
gradio,CVE-2024-51751,,moderate,5.0.0,2024-10-09,2024-11-06,5.5.0,2024-11-04,28.0,26.0,-2.0,minor
gradio,CVE-2024-34510,,high,0,,2024-05-05,4.20.0,2024-03-06,,,-60.0,major
gradio,CVE-2024-10624,,high,4.38.0,2024-07-12,2025-03-20,,,251.0,,,
gradio,CVE-2025-5320,,low,5.0.0,2024-10-09,2025-05-29,,,232.0,,,
gradio,CVE-2024-47870,,high,0,,2024-10-10,5.0.0,2024-10-09,,,-1.0,major
curl-cffi,,,high,0,,2024-10-22,0.7.0b6,2024-06-25,,,-119.0,minor
pycares,CVE-2025-48945,,moderate,0,,2025-06-16,4.9.0,2025-06-13,,,-3.0,major
python-socketio,CVE-2025-61765,,moderate,0.8.0,2015-12-14,2025-10-07,5.14.0,2025-09-30,3585.0,3578.0,-7.0,major
twisted,CVE-2024-41671,,moderate,0,,2024-07-29,24.7.0rc1,2024-07-29,,,0.0,major
twisted,CVE-2024-41810,,moderate,0,,2024-07-29,24.7.0rc1,2024-07-29,,,0.0,major
asyncssh,CVE-2023-46446,,high,0,,2023-11-09,2.14.1,2023-11-09,,,0.0,major
asyncssh,CVE-2023-46445,,moderate,0,,2023-11-09,2.14.1,2023-11-09,,,0.0,major
asyncssh,,,moderate,0,,2023-12-18,2.14.2,2023-12-18,,,0.0,major
pytorch-lightning,CVE-2024-8019,,critical,0,,2025-03-20,2.4.0,2024-08-07,,,-225.0,major
pytorch-lightning,CVE-2024-8020,,high,0,,2025-03-20,,,,,,
ansible-core,CVE-2024-9902,,moderate,0,,2024-11-06,2.14.18rc1,2024-10-29,,,-8.0,major
ansible-core,CVE-2023-5764,,moderate,0,,2023-12-13,2.16.1,2023-12-04,,,-9.0,major
ansible-core,CVE-2024-11079,,low,0,,2024-11-12,2.18.1rc1,2024-11-25,,,13.0,major
ansible-core,CVE-2024-0690,,moderate,0,,2024-02-06,2.14.14,2024-01-29,,,-8.0,major
ansible-core,CVE-2024-8775,,high,0,,2024-09-16,2.17.6,2024-11-04,,,49.0,major
ansible,CVE-2020-25635,,moderate,0,,2025-10-31,2.10.1,2020-10-13,,,-1844.0,major
ansible,CVE-2023-5115,,moderate,0,,2023-12-28,8.5.0,2023-10-11,,,-78.0,major
cbor2,CVE-2024-26134,,high,5.5.1,2023-11-02,2024-02-21,5.6.2,2024-02-19,111.0,109.0,-2.0,minor
qdrant-client,CVE-2024-3829,,critical,0,,2024-06-03,1.9.0,2024-04-22,,,-42.0,major
yt-dlp,CVE-2023-46121,,moderate,2022.10.4,2022-10-04,2023-11-15,2023.11.14,2023-11-14,407.0,406.0,-1.0,major
yt-dlp,,,low,2023.9.24,2023-09-24,2024-07-08,2024.7.7,2024-07-07,288.0,287.0,-1.0,major
yt-dlp,CVE-2024-38519,,high,0,,2024-07-02,2024.7.1,2024-07-01,,,-1.0,major
yt-dlp,CVE-2024-22423,,high,2021.4.11,2021-04-11,2024-04-10,2024.4.9,2024-04-09,1095.0,1094.0,-1.0,major
aiomysql,CVE-2025-62611,,high,0,,2025-10-22,0.3.0,2025-10-21,,,-1.0,minor
eventlet,CVE-2023-29483,,moderate,0,,2024-04-11,0.35.2,2024-02-21,,,-50.0,minor
eventlet,CVE-2025-58068,,moderate,0,,2025-08-29,0.40.3,2025-08-27,,,-2.0,minor
apache-airflow-providers-ftp,CVE-2024-29733,,low,0,,2024-04-21,3.7.0,2023-12-12,,,-131.0,major
llama-index,CVE-2024-23751,,critical,0,,2024-01-22,,,,,,
llama-index,CVE-2023-39662,,critical,0,,2023-08-15,0.9.14,2023-12-11,,,118.0,minor
llama-index,CVE-2025-6211,,moderate,0,,2025-07-10,0.12.41,2025-06-07,,,-33.0,minor
llama-index,CVE-2025-1752,,high,0.12.15,2025-01-31,2025-05-10,0.12.21,2025-02-28,99.0,28.0,-71.0,patch
llama-index,CVE-2024-12704,,high,0,,2025-03-20,0.12.6,2024-12-18,,,-92.0,minor
llama-index,CVE-2024-12911,,high,0,,2025-03-20,0.12.3,2024-12-06,,,-104.0,minor
llama-index,CVE-2024-12910,,moderate,0,,2025-03-20,0.12.9,2024-12-31,,,-79.0,minor
llama-index,CVE-2024-4181,,high,0,,2024-05-16,0.10.13,2024-02-26,,,-80.0,minor
llama-index,CVE-2025-7707,,high,0,,2025-10-13,0.13.0,2025-07-31,,,-74.0,minor
llama-index,CVE-2025-1793,,critical,0,,2025-06-05,0.12.28,2025-04-02,,,-64.0,minor
prefect,CVE-2023-6022,,high,2.0.0,2022-07-27,2023-11-16,2.16.5,2024-03-21,477.0,603.0,126.0,minor
prefect,CVE-2024-8183,,high,0,,2025-03-20,3.0.3,2024-09-20,,,-181.0,major
waitress,CVE-2024-49769,,high,0,,2024-10-29,3.0.1,2024-10-29,,,0.0,major
waitress,CVE-2024-49768,,critical,2.0.0,2021-03-08,2024-10-29,3.0.1,2024-10-29,1331.0,1331.0,0.0,major
lxml-html-clean,CVE-2024-52595,,high,0,,2024-11-19,0.4.0,2024-11-14,,,-5.0,minor
opencv-contrib-python,,,high,0,,2024-08-30,4.8.1.78,2023-09-28,,,-337.0,major
configobj,CVE-2023-26112,,low,0,,2023-04-03,5.0.9,2024-09-21,,,537.0,major
cadwyn,CVE-2025-53528,,high,0,,2025-07-21,5.4.3,2025-07-05,,,-16.0,major
cadwyn,CVE-2025-53528,,unknown,0,,2025-07-21,5.4.3,2025-07-05,,,-16.0,major
fiona,,,high,0,,2024-07-16,1.10b2,2024-07-11,,,-5.0,major
fiona,,,critical,0,,2024-07-16,1.10b1,2024-04-16,,,-91.0,major
dash,CVE-2024-21485,,moderate,0,,2024-02-02,2.15.0,2024-01-31,,,-2.0,major
webob,CVE-2024-42353,,moderate,0,,2024-08-14,1.8.8,2024-08-14,,,0.0,major
xgrammar,CVE-2025-32381,,moderate,0,,2025-04-09,0.1.18,2025-04-08,,,-1.0,minor
xgrammar,CVE-2025-57809,,high,0,,2025-08-25,0.1.21,2025-07-10,,,-46.0,minor
xgrammar,CVE-2025-58446,,moderate,0.1.23,2025-08-15,2025-09-05,0.1.24,2025-09-04,21.0,20.0,-1.0,patch
lightning,CVE-2024-5452,,critical,0,,2024-06-06,2.3.3,2024-07-08,,,32.0,major
lightning,CVE-2024-5980,,critical,0,,2024-06-27,2.3.3,2024-07-08,,,11.0,major
vllm,CVE-2025-6242,,high,0.5.0,2024-06-11,2025-10-07,0.11.0,2025-10-04,483.0,480.0,-3.0,minor
vllm,CVE-2025-46570,,low,0,,2025-05-28,0.9.0,2025-05-28,,,0.0,minor
vllm,CVE-2024-11041,,critical,0,,2025-03-20,,,,,,
vllm,CVE-2025-61620,,moderate,0.5.1,2024-07-06,2025-10-07,0.11.0,2025-10-04,458.0,455.0,-3.0,minor
vllm,CVE-2025-48942,,moderate,0.8.0,2025-03-18,2025-05-28,0.9.0,2025-05-28,71.0,71.0,0.0,minor
vllm,CVE-2025-9141,,high,0.10.0,2025-07-25,2025-08-21,0.10.1.1,2025-08-20,27.0,26.0,-1.0,patch
vllm,CVE-2025-30202,,high,0.5.2,2024-07-15,2025-04-29,0.8.5,2025-04-28,288.0,287.0,-1.0,minor
vllm,CVE-2025-48943,,moderate,0.8.0,2025-03-18,2025-05-28,0.9.0,2025-05-28,71.0,71.0,0.0,minor
vllm,CVE-2025-30165,,high,0.5.2,2024-07-15,2025-05-06,,,295.0,,,
vllm,CVE-2025-46722,,moderate,0.7.0,2025-01-27,2025-05-28,0.9.0,2025-05-28,121.0,121.0,0.0,minor
vllm,CVE-2024-9053,,critical,0,,2025-03-20,,,,,,
vllm,,,critical,0,,2025-04-23,0.8.0,2025-03-18,,,-36.0,minor
vllm,,,moderate,0.6.5,2024-12-18,2025-04-15,0.8.4,2025-04-15,118.0,118.0,0.0,minor
vllm,CVE-2025-32444,,critical,0.6.5,2024-12-18,2025-04-29,0.8.5,2025-04-28,132.0,131.0,-1.0,minor
vllm,CVE-2025-47277,,critical,0.6.5,2024-12-18,2025-05-20,0.8.5,2025-04-28,153.0,131.0,-22.0,minor
vllm,,,moderate,0.6.3,2024-10-14,2025-05-28,0.9.0,2025-05-28,226.0,226.0,0.0,minor
vllm,CVE-2025-29770,,moderate,0,,2025-03-19,0.8.0,2025-03-18,,,-1.0,minor
vllm,CVE-2024-9052,,critical,0,,2025-03-20,,,,,,
vllm,CVE-2025-24357,,high,0,,2025-01-27,0.7.0,2025-01-27,,,0.0,minor
vllm,CVE-2025-25183,,low,0,,2025-02-06,0.7.2,2025-02-06,,,0.0,minor
vllm,CVE-2025-48956,,high,0.1.0,2023-06-20,2025-08-21,0.10.1.1,2025-08-20,793.0,792.0,-1.0,minor
vllm,CVE-2025-46560,,moderate,0.8.0,2025-03-18,2025-04-29,0.8.5,2025-04-28,42.0,41.0,-1.0,patch
vllm,CVE-2025-48944,,moderate,0.8.0,2025-03-18,2025-05-28,0.9.0,2025-05-28,71.0,71.0,0.0,minor
vllm,CVE-2024-8768,,high,0,,2024-09-17,0.5.5,2024-08-23,,,-25.0,minor
vllm,CVE-2025-48887,,moderate,0.6.4,2024-11-15,2025-05-28,0.9.0,2025-05-28,194.0,194.0,0.0,minor
vllm,CVE-2024-8939,,moderate,0,,2024-09-17,,,,,,
vllm,CVE-2025-59425,,high,0,,2025-10-07,0.11.0,2025-10-04,,,-3.0,minor
vllm,CVE-2025-29783,,critical,0.6.5,2024-12-18,2025-03-19,0.8.0,2025-03-18,91.0,90.0,-1.0,minor
llama-index-core,CVE-2025-6209,,high,0.11.23,2024-11-12,2025-07-07,0.12.41,2025-06-07,237.0,207.0,-30.0,minor
llama-index-core,CVE-2025-5472,,moderate,0,,2025-07-07,0.12.38,2025-05-29,,,-39.0,minor
llama-index-core,CVE-2025-5302,,high,0,,2025-08-26,0.12.38,2025-05-29,,,-89.0,minor
llama-index-core,CVE-2025-7647,,high,0,,2025-09-27,0.13.0,2025-07-30,,,-59.0,minor
llama-index-core,CVE-2024-45201,,critical,0,,2024-08-22,0.10.38,2024-05-22,,,-92.0,minor
llama-index-core,CVE-2025-3108,,moderate,0.11.15,2024-10-02,2025-07-07,0.12.41,2025-06-07,278.0,248.0,-30.0,minor
llama-index-core,CVE-2024-3271,,critical,0,,2024-04-16,0.10.24,2024-03-26,,,-21.0,minor
llama-index-core,CVE-2024-3098,,critical,0,,2024-04-10,0.10.24,2024-03-26,,,-15.0,minor
num2words,,,critical,0.5.15,,2025-07-31,,,,,,
num2words,,,unknown,,,2025-08-06,,,,,,
num2words,,,unknown,,,2025-07-31,,,,,,
pyinstaller,CVE-2023-49797,,high,0,,2023-12-09,5.13.1,2023-08-26,,,-105.0,major
pyinstaller,CVE-2025-59042,,high,0,,2025-09-10,6.0.0,2023-09-22,,,-719.0,major
djangorestframework-simplejwt,CVE-2024-22513,,low,0,,2024-03-16,5.5.1,2025-07-21,,,492.0,major
scapy,,,moderate,0,,2025-10-22,,,,,,
scrapy,,,moderate,0,,2024-05-14,2.11.2,2024-05-14,,,0.0,major
scrapy,CVE-2025-6176,,high,0,,2025-10-31,,,,,,
scrapy,CVE-2024-1968,,moderate,0,,2024-05-14,2.11.2,2024-05-14,,,0.0,major
scrapy,CVE-2024-3572,,high,0,,2024-02-16,2.11.1,2024-02-14,,,-2.0,major
scrapy,CVE-2024-1892,,high,0,,2024-02-15,2.11.1,2024-02-14,,,-1.0,major
scrapy,CVE-2024-3574,,high,0,,2024-02-15,2.11.1,2024-02-14,,,-1.0,major
scrapy,,,moderate,0,,2024-05-14,2.11.2,2024-05-14,,,0.0,major
unstructured,CVE-2024-46455,,moderate,0,,2024-12-09,0.14.3,2024-05-29,,,-194.0,minor
python-ldap,CVE-2025-61912,,moderate,0,,2025-10-10,3.4.5,2025-10-10,,,0.0,major
python-ldap,CVE-2025-61911,,moderate,0,,2025-10-10,3.4.5,2025-10-10,,,0.0,major
dagster,CVE-2025-51481,,moderate,0,,2025-07-22,1.10.16,2025-05-22,,,-61.0,major
dagster,CVE-2023-51232,,moderate,0,,2025-07-07,1.5.11,2023-12-07,,,-578.0,major
astropy,CVE-2023-41334,,high,0,,2024-03-18,5.3.3,2023-09-07,,,-193.0,major
strawberry-graphql,CVE-2025-22151,,low,0.182.0,2023-06-06,2025-01-09,0.257.0,2025-01-09,583.0,583.0,0.0,minor
strawberry-graphql,CVE-2024-47082,,moderate,0,,2024-09-25,0.243.0,2024-09-25,,,0.0,minor
langchain-experimental,CVE-2024-21513,,critical,0,,2024-07-15,0.0.21,2023-09-25,,,-294.0,patch
langchain-experimental,CVE-2024-46946,,critical,0.1.17,,2024-09-19,,,,,,
langchain-experimental,CVE-2024-27444,,critical,0,,2024-02-26,0.0.52,2024-02-19,,,-7.0,patch
langchain-experimental,CVE-2024-38459,,high,0,,2024-06-16,0.0.61,2024-06-14,,,-2.0,patch
asteval,CVE-2025-24359,,high,0,,2025-01-24,1.0.6,2025-01-19,,,-5.0,major
asteval,,,high,0,,2025-01-23,1.0.6,2025-01-19,,,-4.0,major
eth-abi,,,moderate,0,,2024-03-05,5.0.1,2024-03-04,,,-1.0,major
eth-abi,,,moderate,0,,2023-11-24,4.2.0,2023-08-28,,,-88.0,major
social-auth-app-django,CVE-2024-32879,,moderate,0,,2024-04-24,5.4.1,2024-04-24,,,0.0,major
social-auth-app-django,CVE-2025-61783,,moderate,0,,2025-10-09,5.6.0,2025-10-09,,,0.0,major
xhtml2pdf,CVE-2024-25885,,moderate,0,,2024-10-08,,,,,,
mammoth,CVE-2025-11849,,moderate,0.3.25,2015-12-10,2025-10-17,1.11.0,2025-09-19,3599.0,3571.0,-28.0,major
llama-index-cli,CVE-2025-1753,,high,0,,2025-05-28,0.4.1,2025-02-27,,,-90.0,minor
check-jsonschema,CVE-2024-53848,,moderate,0,,2024-12-02,0.30.0,2024-11-29,,,-3.0,minor
luigi,CVE-2024-21542,,high,0,,2024-12-10,3.6.0,2024-12-06,,,-4.0,major
luigi,CVE-2024-21542,,unknown,0,,2024-12-10,3.6.0,2024-12-06,,,-4.0,major
pdoc,CVE-2024-38526,,high,0,,2024-06-25,14.5.1,2024-06-25,,,0.0,major
dash-core-components,CVE-2024-21485,,moderate,0,,2024-02-02,2.0.0,2021-09-03,,,-882.0,major
sglang,CVE-2025-10164,,moderate,0,,2025-09-09,0.5.4,2025-10-24,,,45.0,minor
dash-html-components,CVE-2024-21485,,moderate,0,,2024-02-02,2.0.0,2021-09-03,,,-882.0,major
open-webui,CVE-2024-7033,,moderate,0,,2025-03-20,,,,,,
open-webui,CVE-2024-7053,,high,0,,2025-03-20,,,,,,
open-webui,CVE-2024-7037,,moderate,0,,2024-10-09,,,,,,
open-webui,,,high,0,,2025-03-20,,,,,,
open-webui,CVE-2024-6706,,moderate,0,,2024-08-08,,,,,,
open-webui,CVE-2024-7983,,high,0,,2025-03-20,,,,,,
open-webui,,,high,0,,2025-03-20,0.4.7,2024-12-01,,,-109.0,minor
open-webui,CVE-2024-7806,,high,0,,2025-03-20,0.3.33,2024-10-24,,,-147.0,minor
open-webui,CVE-2024-8053,,high,0,,2025-03-20,,,,,,
open-webui,CVE-2024-7045,,moderate,0,,2025-03-20,,,,,,
open-webui,CVE-2024-12537,,high,0,,2025-03-20,,,,,,
open-webui,CVE-2024-7034,,moderate,0,,2025-03-20,,,,,,
open-webui,CVE-2024-8060,,high,0,,2025-03-20,0.5.17,2025-02-27,,,-21.0,minor
open-webui,CVE-2024-12534,,high,0,,2025-03-20,,,,,,
open-webui,CVE-2024-7990,,high,0,,2025-03-20,,,,,,
open-webui,CVE-2024-7046,,moderate,0,,2025-03-20,,,,,,
open-webui,CVE-2024-7044,,moderate,0,,2025-03-20,,,,,,
open-webui,CVE-2024-7043,,high,0,,2025-03-20,,,,,,
open-webui,CVE-2024-7038,,low,0,,2024-10-09,,,,,,
open-webui,CVE-2024-7035,,moderate,0,,2025-03-20,,,,,,
open-webui,CVE-2024-7039,,high,0,,2025-03-20,,,,,,
open-webui,,,high,0,,2025-03-20,,,,,,
open-webui,CVE-2024-7036,,high,0,,2025-03-20,,,,,,
open-webui,CVE-2024-7959,,high,0,,2025-03-20,,,,,,
open-webui,CVE-2024-7041,,moderate,0,,2024-10-09,,,,,,
paddlepaddle,CVE-2023-52313,,moderate,0,,2024-01-03,2.6.0,,,,,major
paddlepaddle,CVE-2024-0818,,critical,0,,2024-03-07,,,,,,
paddlepaddle,CVE-2023-52303,,moderate,0,,2024-01-03,2.6.0,,,,,major
paddlepaddle,CVE-2023-52314,,critical,0,,2024-01-03,2.6.0,,,,,major
paddlepaddle,CVE-2023-52304,,high,0,,2024-01-03,2.6.0,,,,,major
paddlepaddle,CVE-2023-52302,,moderate,0,,2024-01-03,2.6.0,,,,,major
paddlepaddle,CVE-2023-52309,,high,0,,2024-01-03,2.6.0,,,,,major
paddlepaddle,CVE-2023-38677,,moderate,0,,2024-01-03,2.6.0,,,,,major
paddlepaddle,CVE-2024-0521,,critical,0,,2024-01-20,2.6.0,,,,,major
paddlepaddle,CVE-2024-0817,,high,0,,2024-03-07,,,,,,
paddlepaddle,CVE-2023-52307,,high,0,,2024-01-03,2.6.0,,,,,major
paddlepaddle,CVE-2023-52310,,critical,0,,2024-01-03,2.6.0,,,,,major
paddlepaddle,CVE-2023-38675,,moderate,0,,2024-01-03,2.6.0,,,,,major
paddlepaddle,CVE-2024-1603,,high,0,,2024-03-23,,,,,,
paddlepaddle,CVE-2023-38678,,moderate,0,,2024-01-03,2.6.0,,,,,major
paddlepaddle,CVE-2024-0917,,critical,0,,2024-03-07,,,,,,
paddlepaddle,CVE-2023-52312,,moderate,0,,2024-01-03,2.6.0,,,,,major
paddlepaddle,CVE-2024-0815,,high,0,,2024-03-07,,,,,,
paddlepaddle,CVE-2023-52311,,critical,0,,2024-01-03,2.6.0,,,,,major
paddlepaddle,CVE-2023-52306,,moderate,0,,2024-01-03,2.6.0,,,,,major
paddlepaddle,CVE-2023-52305,,moderate,0,,2024-01-03,2.6.0,,,,,major
paddlepaddle,CVE-2023-52308,,moderate,0,,2024-01-03,2.6.0,,,,,major
paddlepaddle,CVE-2023-38676,,moderate,0,,2024-01-03,2.6.0,,,,,major
paddlepaddle,CVE-2023-38674,,moderate,0,,2024-01-03,2.6.0,,,,,major
quart,CVE-2024-49767,,moderate,0,,2024-10-25,0.20.0,2024-12-23,,,59.0,minor
aws-sam-cli,CVE-2025-3048,,moderate,0,,2025-03-31,1.134.0,2025-02-18,,,-41.0,major
aws-sam-cli,CVE-2025-3047,,moderate,0,,2025-03-31,1.133.0,2025-02-07,,,-52.0,major
aws-sam-cli,,,moderate,0,,2024-09-11,1.122.0,2024-08-17,,,-25.0,major
ydata-profiling,CVE-2024-37063,,high,3.7.0,,2024-06-04,,,,,,
ydata-profiling,CVE-2024-37064,,high,3.7.0,,2024-06-04,,,,,,
ydata-profiling,CVE-2024-37062,,high,3.7.0,,2024-06-04,,,,,,
rembg,CVE-2025-25302,,high,0,,2025-03-11,,,,,,
rembg,CVE-2025-25301,,moderate,0,,2025-03-11,,,,,,
browser-use,CVE-2025-47241,,critical,0,,2025-05-05,0.1.45,2025-05-03,,,-2.0,minor
apache-airflow-providers-mongo,CVE-2024-25141,,critical,0,,2024-02-20,4.0.0,2024-02-15,,,-5.0,major
opencv-contrib-python-headless,,,high,0,,2024-08-30,4.8.1.78,2023-09-28,,,-337.0,major
red-discordbot,CVE-2024-39905,,moderate,3.5.0,2023-05-04,2024-07-11,3.5.10,2024-07-10,434.0,433.0,-1.0,patch
deepspeed,CVE-2024-43497,,high,0,,2024-10-08,0.15.1,2024-09-05,,,-33.0,minor
restrictedpython,CVE-2024-47532,,high,0,,2024-09-30,,,,,,
restrictedpython,CVE-2025-22153,,high,6.0,2022-11-03,2025-01-23,,,812.0,,,
signxml,CVE-2025-48994,,moderate,0,,2025-06-05,4.0.4,2025-06-01,,,-4.0,major
signxml,CVE-2025-48995,,moderate,0,,2025-06-05,4.0.4,2025-06-01,,,-4.0,major
litestar,,,low,0,,2025-08-11,2.17.0,2025-08-10,,,-1.0,major
litestar,CVE-2024-32982,,high,2.0.0,2023-08-21,2024-05-06,2.8.3,2024-05-06,259.0,259.0,0.0,minor
litestar,CVE-2024-52581,,high,0,,2024-11-20,2.13.0,2024-11-20,,,0.0,major
litestar,CVE-2025-59152,,high,2.17.0,2025-08-10,2025-10-06,2.18.0,2025-10-05,57.0,56.0,-1.0,minor
pymatgen,CVE-2024-23346,,critical,0,,2024-02-21,2024.2.20,2024-02-21,,,0.0,major
mitmproxy,,,moderate,0,,2025-08-25,12.1.2,2025-08-24,,,-1.0,major
mitmproxy,CVE-2025-23217,,high,0,,2025-02-06,11.1.2,2025-02-06,,,0.0,major
anki,CVE-2024-26020,,high,0,,2024-07-22,,,,,,
anki,CVE-2024-32152,,low,0,,2024-07-22,,,,,,
anki,CVE-2024-29073,,moderate,0,,2024-07-22,,,,,,
adyen,,,moderate,2.2.0,2019-12-27,2024-08-30,7.1.0,2022-07-14,1708.0,930.0,-778.0,major
pydrive2,CVE-2023-49297,,low,0,,2023-12-05,1.16.2,2023-11-28,,,-7.0,major
embedchain,CVE-2024-23732,,moderate,0,,2024-01-21,0.1.57,2024-01-08,,,-13.0,minor
embedchain,CVE-2024-23731,,critical,0,,2024-01-21,0.1.57,2024-01-08,,,-13.0,minor
embedchain,CVE-2024-23731,,unknown,0,,2024-01-21,0.1.57,2024-01-08,,,-13.0,minor
embedchain,CVE-2024-23732,,unknown,0,,2024-01-21,0.1.57,2024-01-08,,,-13.0,minor
agno,CVE-2025-64168,,high,2.0.0,2025-09-09,2025-10-31,2.2.2,2025-10-29,52.0,50.0,-2.0,minor
sqlitedict,CVE-2024-35515,,high,0,,2024-09-18,,,,,,
rpyc,CVE-2024-27758,,high,4.0.0,2018-06-11,2024-03-06,6.0.0,2024-02-23,2095.0,2083.0,-12.0,major
rpyc,CVE-2024-27758,,unknown,0,,2024-03-12,6.0.0,2024-02-23,,,-18.0,major
copier,CVE-2025-55201,,high,0,,2025-08-18,9.9.1,2025-08-18,,,0.0,major
copier,CVE-2025-55214,,moderate,7.1.0,2023-04-07,2025-08-18,9.9.1,2025-08-18,864.0,864.0,0.0,major
crawl4ai,CVE-2025-28197,,moderate,0,,2025-04-18,,,,,,
qiskit,CVE-2025-2000,,critical,0,,2025-03-14,1.4.2,2025-03-14,,,0.0,major
qiskit,CVE-2025-1403,,high,0.45.0,2023-11-03,2025-02-21,1.3.0,2024-11-28,476.0,391.0,-85.0,major
js2py,CVE-2024-28397,,high,0,,2024-06-20,,,,,,
ibis-framework,,,critical,0,,2023-11-17,7.1.0,2023-11-16,,,-1.0,major
langgraph-checkpoint-sqlite,CVE-2025-8709,,high,0,,2025-10-26,2.0.11,2025-07-25,,,-93.0,major
langgraph-checkpoint-sqlite,CVE-2025-64104,,high,0,,2025-10-29,2.0.11,2025-07-25,,,-96.0,major
sqlite-vec,CVE-2024-46488,,high,0,,2024-09-25,0.1.3,2024-09-26,,,1.0,minor
meraki,,,high,0,,2023-12-13,1.40.1,2023-12-12,,,-1.0,major
httpie,CVE-2023-48052,,high,0,,2023-11-16,3.2.3,2024-07-10,,,237.0,major
python-openstackclient,CVE-2023-6110,,moderate,0,,2024-11-17,6.3.0,2023-09-15,,,-429.0,major
usd-core,,,critical,0,,2025-09-04,,,,,,
usd-core,,,moderate,0,,2025-10-29,,,,,,
lief,CVE-2024-31636,,low,0,,2024-05-03,0.15.0,2024-07-21,,,79.0,minor
kedro,CVE-2024-9701,,critical,0,,2025-03-20,0.19.9,2024-10-10,,,-161.0,minor
kedro,CVE-2024-12215,,high,0,,2025-03-20,,,,,,
spotipy,CVE-2025-27154,,high,0,,2025-02-28,2.25.1,2025-02-27,,,-1.0,major
homeassistant,CVE-2023-50715,,moderate,0,,2023-12-15,2023.12.3,2023-12-14,,,-1.0,major
homeassistant,CVE-2025-25305,,high,0,,2025-02-18,2024.1.6,2024-01-31,,,-384.0,major
homeassistant,CVE-2025-62172,,high,2025.1.0,2025-01-03,2025-10-14,2025.10.2,2025-10-10,284.0,280.0,-4.0,minor
openexr,CVE-2025-48072,,moderate,3.3.2,2024-11-11,2025-07-31,3.3.3,2025-03-24,262.0,133.0,-129.0,patch
openexr,CVE-2025-48071,,high,3.3.0,2024-09-30,2025-07-31,3.3.3,2025-03-24,304.0,175.0,-129.0,patch
openexr,CVE-2025-48073,,moderate,3.3.2,2024-11-11,2025-07-31,3.3.3,2025-03-24,262.0,133.0,-129.0,patch
openexr,CVE-2025-48074,,moderate,3.3.2,2024-11-11,2025-07-31,3.3.3,2025-03-24,262.0,133.0,-129.0,patch
skops,CVE-2025-54886,,high,0,,2025-08-07,0.13.0,2025-08-06,,,-1.0,minor
skops,CVE-2025-54413,,high,0,,2025-07-25,0.12.0,2025-07-25,,,0.0,minor
skops,CVE-2025-54412,,high,0,,2025-07-25,0.12.0,2025-07-25,,,0.0,minor
skops,CVE-2024-37065,,high,0.6,,2024-06-04,,,,,,
feast,CVE-2024-11602,,high,0,,2025-03-20,,,,,,
clearml,CVE-2025-8917,,moderate,0,,2025-10-05,2.0.2,2025-07-10,,,-87.0,major
clearml,CVE-2024-24590,,high,0.17.0,2020-12-22,2024-02-06,,,1141.0,,,
clearml,CVE-2024-24595,,moderate,0,,2024-02-06,,,,,,
clearml,CVE-2024-24591,,high,0.17.0,2020-12-22,2024-02-06,,,1141.0,,,
